ecfp_feature_13,ecfp_feature_31,ecfp_feature_33,ecfp_feature_36,ecfp_feature_37,ecfp_feature_60,ecfp_feature_62,ecfp_feature_80,ecfp_feature_81,ecfp_feature_90,ecfp_feature_92,ecfp_feature_98,ecfp_feature_101,ecfp_feature_102,ecfp_feature_106,ecfp_feature_114,ecfp_feature_121,ecfp_feature_128,ecfp_feature_133,ecfp_feature_139,ecfp_feature_140,ecfp_feature_142,ecfp_feature_144,ecfp_feature_146,ecfp_feature_147,ecfp_feature_165,ecfp_feature_166,ecfp_feature_171,ecfp_feature_172,ecfp_feature_185,ecfp_feature_186,ecfp_feature_197,ecfp_feature_199,ecfp_feature_212,ecfp_feature_214,ecfp_feature_227,ecfp_feature_232,ecfp_feature_235,ecfp_feature_245,ecfp_feature_250,ecfp_feature_275,ecfp_feature_283,ecfp_feature_284,ecfp_feature_294,ecfp_feature_297,ecfp_feature_300,ecfp_feature_301,ecfp_feature_303,ecfp_feature_314,ecfp_feature_329,ecfp_feature_331,ecfp_feature_337,ecfp_feature_350,ecfp_feature_354,ecfp_feature_356,ecfp_feature_358,ecfp_feature_362,ecfp_feature_364,ecfp_feature_378,ecfp_feature_381,ecfp_feature_382,ecfp_feature_386,ecfp_feature_387,ecfp_feature_392,ecfp_feature_395,ecfp_feature_407,ecfp_feature_409,ecfp_feature_426,ecfp_feature_428,ecfp_feature_433,ecfp_feature_441,ecfp_feature_454,ecfp_feature_455,ecfp_feature_463,ecfp_feature_481,ecfp_feature_484,ecfp_feature_487,ecfp_feature_491,ecfp_feature_496,ecfp_feature_508,ecfp_feature_512,ecfp_feature_518,ecfp_feature_520,ecfp_feature_526,ecfp_feature_537,ecfp_feature_540,ecfp_feature_549,ecfp_feature_570,ecfp_feature_575,ecfp_feature_582,ecfp_feature_585,ecfp_feature_586,ecfp_feature_602,ecfp_feature_607,ecfp_feature_635,ecfp_feature_650,ecfp_feature_652,ecfp_feature_656,ecfp_feature_659,ecfp_feature_661,ecfp_feature_667,ecfp_feature_677,ecfp_feature_691,ecfp_feature_692,ecfp_feature_694,ecfp_feature_695,ecfp_feature_697,ecfp_feature_698,ecfp_feature_708,ecfp_feature_715,ecfp_feature_716,ecfp_feature_720,ecfp_feature_723,ecfp_feature_726,ecfp_feature_753,ecfp_feature_757,ecfp_feature_777,ecfp_feature_785,ecfp_feature_792,ecfp_feature_794,ecfp_feature_796,ecfp_feature_807,ecfp_feature_818,ecfp_feature_820,ecfp_feature_824,ecfp_feature_831,ecfp_feature_838,ecfp_feature_839,ecfp_feature_841,ecfp_feature_842,ecfp_feature_849,ecfp_feature_863,ecfp_feature_870,ecfp_feature_875,ecfp_feature_881,ecfp_feature_885,ecfp_feature_893,ecfp_feature_908,ecfp_feature_910,ecfp_feature_916,ecfp_feature_926,ecfp_feature_927,ecfp_feature_928,ecfp_feature_930,ecfp_feature_931,ecfp_feature_932,ecfp_feature_935,ecfp_feature_939,ecfp_feature_952,ecfp_feature_955,ecfp_feature_958,ecfp_feature_961,ecfp_feature_962,ecfp_feature_970,ecfp_feature_971,ecfp_feature_976,ecfp_feature_980,ecfp_feature_987,ecfp_feature_1004,ecfp_feature_1013,ecfp_feature_1019,detonation_velocity,smiles
0,0,0,0,0,0,0,0,0,1,0,0,0,0,0,0,0,1,1,0,1,0,0,0,0,0,0,3,0,0,0,0,2,0,0,0,0,0,0,1,0,0,0,0,2,0,0,0,0,0,0,0,0,2,5,0,0,1,2,1,0,0,0,0,0,0,0,0,0,0,0,0,0,1,0,0,0,1,0,0,0,0,0,0,0,0,0,0,0,0,0,0,0,0,0,3,0,0,0,0,0,0,0,0,0,1,0,0,0,3,2,0,0,0,3,0,0,1,0,0,0,0,0,0,0,0,3,0,0,0,3,0,0,2,0,0,0,0,0,0,0,0,0,1,0,0,0,3,0,0,0,0,0,0,0,0,0,0,0,0,0,7.203,n1n[nH]cc1Nc1c(cc(cc1N(=O)=O)N(=O)=O)N(=O)=O
0,0,0,0,0,0,0,0,0,0,0,0,0,0,0,0,0,0,0,0,1,0,0,0,0,0,0,3,0,0,0,0,0,0,0,0,0,0,0,2,0,0,0,0,0,0,0,0,0,0,0,1,0,0,4,0,0,2,2,0,0,0,0,0,0,0,0,0,1,0,0,0,0,0,0,0,0,0,0,0,0,0,0,0,0,0,0,0,0,0,0,0,0,0,0,3,0,0,0,0,0,0,0,0,0,0,0,0,0,3,0,0,0,0,3,0,0,2,0,0,0,0,0,0,0,0,3,0,0,0,4,0,0,3,0,0,0,0,0,0,0,0,0,0,0,0,1,3,0,0,0,1,0,0,0,0,0,0,0,0,0,7.131,n1c(cn(n1)c1cc(cc(c1)N(=O)=O)N(=O)=O)N(=O)=O
0,0,0,0,0,0,0,0,0,0,0,0,0,0,0,0,0,0,0,0,1,0,0,0,0,0,0,3,0,0,0,0,0,0,0,0,0,0,0,0,0,0,0,0,0,0,0,0,0,0,0,1,0,2,4,0,0,0,2,0,0,0,0,0,0,0,0,0,1,0,0,0,0,0,0,0,0,0,0,0,0,0,0,0,0,0,0,0,0,0,0,0,0,0,0,3,0,0,0,0,0,0,0,0,0,0,0,0,0,3,2,0,0,2,3,0,0,0,0,0,0,0,0,0,0,0,3,0,0,0,4,0,0,1,0,0,0,0,0,0,0,0,0,0,0,0,1,3,0,0,0,1,0,0,0,0,0,0,0,0,0,7.175,n1c(cn(n1)c1ccc(c(c1)N(=O)=O)N(=O)=O)N(=O)=O
0,0,0,0,0,0,0,0,0,0,0,0,0,0,1,0,0,0,0,0,1,0,1,1,0,0,0,5,0,0,0,0,3,0,0,0,0,0,0,2,0,0,0,0,0,0,0,0,0,0,0,0,0,3,8,0,0,2,2,0,0,0,0,0,0,0,0,0,0,0,0,0,0,0,0,0,0,0,0,0,0,0,0,0,0,0,0,0,0,0,0,0,0,0,0,5,0,0,0,0,0,0,0,0,0,0,0,0,0,5,3,2,0,0,5,0,0,2,0,0,0,0,0,0,0,0,5,0,0,0,4,0,0,4,0,0,0,0,0,0,0,0,0,0,0,0,1,5,0,0,0,0,0,0,0,0,0,0,0,0,0,7.415,c1(c2c(cc(c1)N(=O)=O)n(nn2)c1c(cc(cc1N(=O)=O)N(=O)=O)N(=O)=O)N(=O)=O
0,0,0,0,0,0,0,0,0,0,0,0,0,0,0,0,0,0,0,0,1,0,1,1,0,0,0,5,0,0,0,0,3,0,0,0,0,0,0,2,0,0,0,0,0,0,0,0,0,0,0,0,0,3,8,0,0,2,2,0,0,0,0,0,0,0,0,0,0,0,0,0,0,0,0,0,0,0,0,0,0,0,0,0,0,0,0,0,0,0,0,0,0,0,0,5,0,0,0,0,0,0,0,0,0,0,0,0,0,5,3,2,0,0,5,1,0,2,0,0,0,0,0,0,0,0,5,0,0,0,4,0,0,4,0,0,0,0,0,0,0,0,0,0,0,0,1,5,0,0,0,0,0,0,0,0,0,0,0,0,0,7.396,c1c(cc(c2c1nnn2c1c(cc(cc1N(=O)=O)N(=O)=O)N(=O)=O)N(=O)=O)N(=O)=O
0,0,0,0,0,0,0,0,0,0,0,0,0,0,0,0,0,0,0,0,2,0,2,2,0,0,0,6,0,0,0,0,4,0,0,0,0,0,0,2,0,0,0,0,0,0,0,0,0,2,0,0,0,4,12,0,0,2,4,0,0,0,0,0,0,0,0,0,0,0,0,0,0,0,0,0,0,0,0,0,0,0,0,0,0,0,0,0,0,0,0,0,0,0,0,6,0,0,0,0,0,0,0,0,0,0,0,0,0,6,4,4,0,0,6,0,0,2,0,0,0,0,0,0,0,0,6,0,0,0,6,0,0,6,0,0,0,0,0,0,0,0,0,0,0,0,2,6,0,0,0,0,0,0,0,0,0,0,0,0,0,7.139,c1c2c(cc3c1n(nn3)c1c(cc(cc1N(=O)=O)N(=O)=O)N(=O)=O)n(nn2)c1c(cc(cc1N(=O)=O)N(=O)=O)N(=O)=O
0,0,0,0,0,0,0,0,0,0,0,0,0,0,0,0,0,0,0,0,2,0,2,2,0,0,0,6,0,0,0,0,4,0,0,0,0,0,0,2,0,0,0,0,0,0,0,0,0,2,0,0,0,4,12,0,0,2,4,0,0,0,0,0,0,0,0,0,0,0,0,0,0,0,0,0,0,0,0,0,0,0,0,0,0,0,0,0,0,0,0,0,0,0,0,6,0,0,0,0,0,0,0,0,0,0,0,0,0,6,4,4,0,0,6,0,0,2,0,0,0,0,0,0,0,0,6,0,0,0,6,0,0,6,0,0,0,0,0,0,0,0,0,0,0,0,2,6,0,0,0,0,0,0,0,0,0,0,0,0,0,7.137,c1c2c(cc3c1n(nn3)c1c(cc(cc1N(=O)=O)N(=O)=O)N(=O)=O)nnn2c1c(cc(cc1N(=O)=O)N(=O)=O)N(=O)=O
0,0,0,0,0,0,0,0,0,1,0,0,0,0,0,0,0,1,0,0,1,0,0,0,0,0,0,3,0,0,1,0,2,0,0,0,0,0,0,1,0,0,0,0,2,0,0,0,0,0,0,0,0,2,5,0,0,1,3,1,0,0,0,0,0,0,0,0,0,0,0,0,0,0,0,0,0,1,0,0,0,0,0,0,0,0,0,0,0,0,0,0,0,0,0,3,0,0,0,0,0,0,0,0,0,0,0,0,1,3,2,0,0,0,3,0,0,1,0,0,0,0,0,0,0,0,3,0,0,0,2,0,0,2,0,0,0,0,0,0,0,0,0,1,0,0,0,3,0,0,0,0,0,0,0,0,0,0,0,0,0,7.617,n1nn[nH]c1Nc1c(cc(cc1N(=O)=O)N(=O)=O)N(=O)=O
0,0,0,0,0,0,0,0,0,0,0,0,0,0,0,0,0,0,0,0,1,0,1,1,0,0,0,5,0,0,0,0,2,0,0,0,0,0,0,1,0,0,0,0,0,0,0,0,0,1,0,0,0,4,8,0,0,1,2,0,0,0,0,0,0,0,0,0,0,0,0,0,0,0,0,0,0,0,0,0,0,0,0,0,0,0,0,0,0,0,0,0,0,0,0,5,0,0,0,0,0,0,0,0,0,0,0,0,0,5,4,2,0,0,5,0,0,1,0,0,0,0,0,0,0,0,5,0,0,0,4,0,0,4,0,0,0,0,0,0,0,0,0,0,0,0,1,5,0,0,0,0,0,0,0,0,0,0,0,0,0,7.428,c12cc(c(cc1nnn2c1c(cc(cc1N(=O)=O)N(=O)=O)N(=O)=O)N(=O)=O)N(=O)=O
0,0,0,0,0,0,0,0,0,1,0,0,0,0,0,0,0,1,0,0,1,0,0,1,0,0,0,6,0,0,0,0,4,0,0,0,0,0,0,2,0,0,0,0,2,0,0,0,0,0,0,0,0,4,9,0,0,2,2,1,0,0,0,0,0,0,0,0,0,0,0,0,0,0,0,0,0,1,0,0,0,0,0,0,0,0,0,0,0,0,0,0,0,0,0,6,0,0,0,0,0,0,0,0,0,0,0,0,0,6,4,2,0,0,6,0,0,2,0,0,0,0,0,0,0,0,6,0,0,0,5,0,0,4,0,0,0,0,0,0,0,0,0,1,0,0,1,6,0,0,0,0,0,1,0,1,0,0,0,0,0,7.4,n1c(cn(n1)c1c(cc(cc1N(=O)=O)N(=O)=O)N(=O)=O)Nc1c(cc(cc1N(=O)=O)N(=O)=O)N(=O)=O
0,0,0,0,0,0,0,0,1,0,0,0,0,0,0,0,0,0,0,0,0,0,0,1,1,0,0,3,0,0,1,0,0,0,0,0,0,0,0,0,1,0,0,0,0,0,0,0,0,0,0,0,0,2,5,0,0,0,2,0,0,0,0,0,0,0,0,0,0,1,0,0,0,0,0,0,0,0,0,0,0,0,0,0,0,0,0,0,0,1,0,0,0,1,0,3,0,0,0,0,0,0,0,0,0,0,0,0,0,3,2,1,0,0,3,0,0,0,1,0,0,0,0,0,0,0,3,0,0,1,3,0,0,1,0,0,0,0,0,0,0,0,0,0,0,0,1,3,0,0,0,0,0,0,0,0,1,0,0,1,0,7.274,n1ccn(n1)c1c(cc(c(c1N(=O)=O)N)N(=O)=O)N(=O)=O
0,0,0,0,0,0,0,0,0,1,0,0,0,0,0,0,0,0,0,0,0,0,0,0,0,0,0,1,0,0,0,0,0,0,0,0,0,0,0,0,0,0,0,0,0,0,0,0,0,0,0,0,0,0,1,0,0,0,2,0,0,0,0,0,0,0,0,0,0,0,0,0,0,0,0,0,0,0,0,0,0,0,0,0,0,0,0,0,0,0,0,0,0,0,0,1,0,0,0,0,0,0,0,0,0,0,0,0,0,1,0,0,0,0,1,0,0,0,0,0,0,0,0,0,0,0,1,0,0,0,1,0,0,0,0,0,0,0,0,0,0,0,0,0,0,0,0,1,0,0,0,0,0,0,0,0,0,0,0,0,0,7.976,c1nn[nH]c1N(=O)=O
1,0,0,0,2,0,0,0,0,0,0,0,0,0,0,0,0,0,0,0,0,0,0,0,0,0,0,3,0,0,0,0,2,0,0,0,0,0,0,1,0,0,0,0,0,0,0,0,0,0,0,0,0,2,4,0,0,1,0,0,0,0,0,0,0,0,0,0,0,0,0,0,0,0,0,0,1,0,0,0,0,0,0,0,0,0,0,0,0,0,0,0,0,0,0,3,0,0,0,0,0,0,0,0,0,0,0,0,0,3,2,0,0,0,3,0,0,1,0,0,0,0,0,0,0,0,3,0,0,0,2,0,0,2,0,0,0,0,0,0,0,0,0,0,0,0,0,3,0,0,0,0,0,0,0,0,0,0,0,0,0,7.743,c1(c(cc(cc1N(=O)=O)N(=O)=O)N(=O)=O)N=[N+]=[N-]
0,0,0,0,0,0,0,1,0,0,0,0,0,0,0,0,0,0,0,0,1,0,0,0,0,0,0,1,0,0,0,0,0,0,0,0,0,0,0,0,0,0,0,0,0,0,0,0,0,0,0,0,0,0,1,0,0,0,3,0,0,0,0,0,0,0,0,0,0,0,0,0,0,0,0,0,0,0,0,0,0,0,0,0,0,0,0,0,0,0,0,0,0,0,0,2,0,0,0,0,0,0,0,1,0,1,0,0,0,2,0,0,0,0,2,0,0,0,0,0,0,1,0,1,0,0,2,0,0,0,0,0,0,0,0,0,0,1,0,0,0,0,0,0,1,1,1,2,0,0,0,0,0,0,0,0,0,0,0,0,0,9.021,c1(nnn(n1)CON(=O)=O)N(=O)=O
1,0,0,0,0,0,0,0,5,0,0,0,0,0,0,0,0,0,0,0,0,0,0,0,0,0,0,5,0,0,0,0,0,0,0,3,0,0,0,0,0,0,0,0,0,0,0,0,0,0,0,0,0,0,6,0,0,0,0,0,0,0,0,0,0,0,0,0,0,0,0,0,0,0,0,0,1,0,0,0,0,0,0,0,0,0,0,0,0,0,0,0,0,0,0,5,0,0,0,0,0,0,2,0,0,0,0,0,0,5,0,0,0,0,5,0,0,0,0,0,0,0,0,0,0,0,5,0,0,0,0,0,0,0,0,0,0,0,0,0,0,0,0,0,0,0,0,5,0,0,0,0,0,0,0,0,0,0,0,5,0,8.889,c1(c(c(c(c(c1N(=O)=O)N(=O)=O)N(=O)=O)N(=O)=O)N(=O)=O)N=[N+]=[N-]
0,0,0,0,0,0,0,0,0,0,0,0,0,0,0,0,0,0,0,0,1,0,1,1,0,0,0,3,0,0,0,0,2,0,0,0,0,0,0,1,0,0,0,0,0,0,0,0,0,0,0,0,0,2,6,0,0,1,2,0,0,0,0,0,0,0,0,0,0,0,0,0,0,0,0,0,0,0,0,0,0,0,0,0,0,0,0,0,0,0,0,0,0,0,0,3,0,0,0,0,0,0,0,0,0,0,0,0,0,3,2,2,0,2,3,0,0,1,0,0,0,0,0,0,0,0,3,0,0,0,6,0,0,2,0,0,0,0,0,0,0,0,0,0,0,0,1,3,0,0,0,0,0,0,0,0,0,0,0,0,0,6.372,c1cccc2c1nnn2c1c(cc(cc1N(=O)=O)N(=O)=O)N(=O)=O
0,0,0,0,0,0,0,0,0,0,0,0,0,0,0,0,0,0,0,0,0,0,0,1,0,0,0,3,0,0,0,0,2,0,0,0,0,0,0,1,0,0,0,0,0,0,0,0,0,0,0,0,0,2,4,0,0,1,2,0,0,0,0,0,0,0,0,0,0,0,0,0,0,0,0,0,0,0,0,0,0,0,0,0,0,0,0,0,0,0,0,0,0,0,0,3,0,0,0,0,0,0,0,0,0,0,0,0,0,3,2,2,0,0,3,0,0,1,1,0,0,0,0,0,0,0,3,0,0,1,4,0,0,2,0,0,0,0,0,0,0,0,0,0,0,0,1,3,0,0,0,0,0,1,0,0,0,0,0,0,0,7.196,n1ccn(n1)c1c(cc(cc1N(=O)=O)N(=O)=O)N(=O)=O
0,0,0,0,0,0,0,0,0,0,0,0,0,0,0,0,0,0,0,0,0,0,0,0,1,0,0,2,0,0,0,0,1,0,0,0,0,0,0,1,0,0,0,0,0,0,0,0,0,0,0,0,0,1,4,0,0,1,0,0,0,0,0,0,0,0,0,0,0,0,0,0,0,0,0,0,1,0,0,0,0,0,0,0,0,0,0,0,0,0,0,0,0,0,0,2,0,0,0,0,0,0,0,0,0,0,0,0,0,3,1,0,0,0,2,0,0,1,0,0,0,0,0,0,0,0,2,0,0,0,2,0,0,2,0,0,0,0,0,0,0,0,0,0,0,0,0,2,0,0,0,0,0,0,0,0,0,0,0,0,0,7.123,c1(c(cc(cc1[N+]#N)N(=O)=O)N(=O)=O)[O-]
0,0,0,2,0,0,0,0,0,0,0,0,0,0,0,0,0,0,0,0,2,0,0,0,0,0,0,0,0,0,0,0,0,0,0,0,0,0,0,0,0,0,0,0,0,0,0,0,0,0,0,0,0,0,0,0,4,0,0,0,0,0,0,0,0,0,0,0,0,0,2,0,0,0,0,0,0,0,0,0,0,0,0,0,0,0,0,2,0,0,0,0,4,0,0,2,0,0,0,0,0,0,0,0,0,0,0,0,0,2,0,0,0,0,2,0,0,0,0,0,0,0,0,0,0,0,2,0,0,0,0,0,0,0,4,0,0,0,2,0,4,0,0,0,0,0,2,2,0,0,0,0,0,0,0,0,0,2,0,0,0,9.291,C1(CN(CC(CN(C1)N(=O)=O)(N(F)F)N(F)F)N(=O)=O)(N(F)F)N(F)F
0,0,1,0,0,0,1,0,3,0,0,0,0,0,0,0,0,0,0,0,0,0,0,0,1,0,0,3,0,0,0,0,0,0,0,1,0,0,0,0,0,0,0,0,0,0,0,0,0,0,0,0,0,0,6,0,0,0,0,0,0,0,0,0,0,0,0,0,0,0,0,0,0,0,0,0,1,0,0,0,0,0,0,0,0,0,0,0,0,0,0,0,0,0,0,3,0,0,0,0,0,0,0,0,0,0,0,1,0,5,0,0,0,0,3,0,0,0,0,0,0,0,0,0,0,0,3,0,0,0,0,0,0,0,0,0,0,0,0,0,0,0,0,0,0,0,0,3,0,0,0,0,0,0,0,0,0,0,0,3,0,7.527,c1(c(c(c(c(c1[N+]#N)C)N(=O)=O)N(=O)=O)N(=O)=O)[O-]
0,0,0,0,0,0,0,0,1,0,0,0,0,0,0,0,0,0,0,0,0,0,0,0,1,0,0,2,0,0,0,0,0,0,0,0,0,0,0,0,0,0,0,0,0,0,0,0,0,0,0,0,0,1,5,0,0,0,0,0,0,0,0,0,0,0,0,0,0,0,0,0,0,0,0,0,1,0,0,0,0,0,0,0,0,0,0,0,0,0,0,0,0,0,0,2,0,0,1,0,0,0,0,0,0,0,0,0,0,3,1,0,0,0,2,0,0,0,0,0,0,0,0,0,0,0,2,0,0,0,1,0,0,1,0,0,0,0,0,0,0,0,0,0,0,0,0,2,0,0,0,0,0,0,0,0,0,0,0,1,0,7.244,c1(c(c(c(cc1[N+]#N)N(=O)=O)Cl)N(=O)=O)[O-]
2,0,0,0,0,2,0,8,0,0,0,0,4,0,0,2,0,0,0,0,0,0,0,0,0,0,0,0,0,0,1,0,0,0,0,0,0,0,0,0,0,0,4,0,0,0,0,0,0,0,0,0,0,0,0,0,0,0,0,0,0,0,2,0,0,0,0,0,0,0,0,0,0,0,0,0,0,0,0,0,0,0,0,0,0,0,0,0,0,0,0,0,0,0,0,7,0,0,0,0,0,0,0,2,0,2,0,0,0,7,0,0,0,0,7,0,1,0,0,0,1,2,0,0,0,0,7,0,0,0,0,2,0,0,1,0,0,0,0,0,0,2,0,0,2,0,0,7,0,0,2,0,0,0,0,0,0,0,0,0,0,7.775,N(N(=O)=O)(CCC(CCON(=O)=O)(N(=O)=O)N(=O)=O)CCC(CCON(=O)=O)(N(=O)=O)N(=O)=O
1,0,0,0,0,0,1,2,1,0,0,0,0,0,0,0,0,0,0,0,1,0,0,0,0,0,0,6,0,0,0,0,2,0,0,0,0,0,0,1,0,0,0,0,0,0,0,0,0,0,1,0,2,4,9,0,0,1,0,0,0,0,0,0,0,1,0,0,0,0,0,0,0,0,0,0,0,0,0,0,0,0,0,0,0,0,0,0,0,0,0,0,0,0,0,8,0,1,0,0,0,0,0,1,2,1,0,0,0,8,4,0,0,0,8,0,1,1,0,0,0,1,0,0,0,0,8,0,0,0,3,0,0,3,1,0,0,0,0,0,0,1,0,0,1,0,0,8,0,0,0,0,0,0,0,0,1,0,0,1,0,7.567,C(=C\c1c(cc(c(c1N(=O)=O)N(CCON(=O)=O)N(=O)=O)N(=O)=O)N(=O)=O)/c1c(cc(cc1N(=O)=O)N(=O)=O)N(=O)=O
1,0,0,0,0,0,0,2,3,0,0,0,0,0,0,0,0,1,0,0,0,0,0,0,2,0,0,3,0,0,0,0,0,0,0,0,0,0,0,0,2,0,0,0,0,0,0,0,0,0,0,0,0,0,6,0,0,0,0,1,0,0,0,1,0,0,0,0,0,2,0,0,0,0,0,0,0,0,0,0,0,0,0,0,0,0,0,0,0,0,0,0,0,0,0,4,0,0,0,0,1,0,0,1,0,1,0,0,0,4,0,0,0,0,4,0,0,0,0,0,0,1,0,0,0,0,4,0,0,0,0,0,0,0,0,0,0,0,0,0,0,0,0,0,1,0,0,4,0,0,0,0,0,0,0,0,0,0,0,3,0,7.534,c1(c(c(c(c(c1N(=O)=O)N)N(=O)=O)N)N(=O)=O)NCCON(=O)=O
3,0,0,0,0,0,0,6,3,0,0,0,0,0,0,0,0,3,0,0,0,0,0,0,0,0,0,3,0,0,0,0,0,0,0,0,0,0,0,0,0,0,0,0,0,0,0,0,0,0,0,0,0,0,6,0,0,0,0,3,0,0,0,3,0,0,0,0,0,0,0,0,0,0,0,0,0,0,0,0,0,0,0,0,0,0,0,0,0,0,0,0,0,0,0,6,0,0,0,0,3,0,0,3,0,3,0,0,0,6,0,0,0,0,6,0,0,0,0,0,0,3,0,0,0,0,6,0,0,0,0,0,0,0,0,0,0,0,0,0,0,0,0,0,3,0,0,6,0,0,0,0,0,0,0,0,0,0,0,3,0,7.554,c1(c(c(c(c(c1N(=O)=O)NCCON(=O)=O)N(=O)=O)NCCON(=O)=O)N(=O)=O)NCCON(=O)=O
0,0,0,0,0,0,0,2,0,0,0,0,0,0,0,0,0,2,0,0,0,0,0,0,0,0,0,0,0,0,0,0,0,0,0,0,0,0,0,0,0,0,0,0,0,0,0,0,0,0,0,0,0,0,0,0,0,0,0,0,0,0,0,0,0,0,0,0,0,0,0,0,0,0,0,0,0,0,0,0,0,0,0,0,0,0,0,0,0,0,0,0,0,2,0,6,0,4,0,0,0,0,0,2,0,6,0,0,0,6,0,0,0,0,6,0,0,0,0,0,0,6,0,0,0,0,6,0,0,0,0,0,0,0,0,0,0,0,0,0,4,0,0,0,2,0,0,6,0,0,0,0,0,0,0,0,0,0,0,0,10,8.425,O1C(C2C(C(C1OC1C(OC(C(C1ON(=O)=O)ON(=O)=O)O2)CON(=O)=O)ON(=O)=O)ON(=O)=O)CON(=O)=O
1,0,1,0,0,0,0,3,0,0,0,0,2,0,0,1,0,0,0,0,0,2,0,0,0,0,0,0,0,0,1,0,0,0,0,0,0,0,0,0,0,0,0,0,0,0,0,0,0,0,0,0,0,2,0,0,0,0,0,0,0,0,0,1,0,0,0,0,0,0,0,0,0,0,0,0,0,0,0,0,0,0,0,0,0,0,0,0,0,0,0,0,0,0,0,4,0,0,0,0,0,0,0,1,0,1,0,0,0,4,0,0,0,0,4,1,1,0,0,0,1,1,1,0,0,0,4,0,0,0,0,0,0,0,1,0,0,0,0,0,0,1,0,0,1,0,0,4,0,0,0,0,0,0,1,0,0,0,0,0,0,7.904,N(N(=O)=O)(CCON(=O)=O)CC(N(=O)=O)(C)N(=O)=O
0,0,0,0,0,0,0,2,0,0,0,0,0,0,0,0,0,0,0,0,0,0,0,0,0,0,0,0,0,0,0,0,0,0,0,0,0,0,0,0,0,0,0,0,0,0,0,0,0,0,0,0,0,0,0,0,0,0,0,0,0,0,0,0,0,0,0,0,0,0,0,0,0,0,0,0,0,0,0,0,0,0,0,0,0,0,0,0,0,0,0,0,0,0,0,3,0,0,0,0,0,0,0,2,0,3,0,0,0,3,0,0,0,0,3,0,0,0,0,0,0,3,0,0,0,0,3,0,0,0,0,0,0,0,0,0,0,0,0,0,0,0,0,0,2,0,0,3,0,0,0,0,0,0,0,0,0,0,0,0,0,8.507,O(CC(ON(=O)=O)CON(=O)=O)N(=O)=O
2,0,0,0,0,0,0,4,1,0,0,0,0,0,0,0,0,1,0,0,1,0,0,0,0,0,0,3,0,0,0,0,0,0,0,0,0,0,0,0,0,0,0,0,1,0,0,0,0,0,1,0,0,2,5,0,0,0,0,1,0,0,0,1,0,1,0,0,0,0,0,0,0,0,0,0,0,0,0,0,0,0,0,0,0,0,0,0,0,0,0,0,0,0,0,6,0,0,0,0,1,0,0,2,0,2,0,0,0,6,2,0,0,0,6,0,1,0,0,0,0,2,0,0,0,0,6,0,0,0,1,0,0,1,1,0,0,0,0,0,0,1,0,0,2,0,0,6,0,0,0,0,0,0,0,0,1,0,0,1,0,7.916,c1(c(cc(c(c1N(=O)=O)N(CCON(=O)=O)N(=O)=O)N(=O)=O)N(=O)=O)NCCON(=O)=O
0,0,0,0,0,0,0,4,0,0,0,0,0,0,0,1,0,0,0,0,0,0,0,0,0,0,0,0,0,0,0,0,0,0,0,0,0,0,0,0,0,0,0,0,0,0,0,0,0,0,0,0,0,0,0,0,0,0,0,0,0,0,0,0,0,0,0,0,0,0,0,0,0,0,0,0,4,0,0,0,0,0,0,0,0,0,0,0,0,0,0,0,0,0,0,4,0,0,0,0,0,0,0,4,0,4,0,0,0,4,0,0,0,0,4,0,0,0,1,0,0,4,0,0,0,0,4,0,0,0,0,0,0,0,0,0,0,0,0,0,0,0,0,0,4,0,0,4,0,0,0,0,0,0,0,0,0,0,0,0,0,8.401,C(C(CON(=O)=O)(CON(=O)=O)CON(=O)=O)ON(=O)=O
1,0,0,0,0,0,0,4,0,0,0,0,3,0,0,1,0,0,0,0,0,1,0,0,0,0,0,0,1,0,1,0,0,0,0,0,0,0,0,0,0,0,0,0,0,0,0,0,0,0,0,0,0,0,0,0,0,0,0,0,0,0,0,0,0,0,0,0,0,0,0,0,0,0,0,0,0,0,0,0,0,0,0,3,0,0,0,0,0,0,0,0,0,0,0,5,1,0,0,0,0,0,0,1,0,1,0,0,0,5,0,0,0,0,5,1,1,0,0,0,1,2,0,0,0,0,5,0,0,0,0,0,0,0,1,0,0,0,0,0,0,2,0,0,1,0,0,5,0,0,0,0,0,0,0,0,0,0,0,0,0,8.438,N(CCCON(=O)=O)(CC(N(=O)=O)(N(=O)=O)N(=O)=O)N(=O)=O
0,0,0,0,0,0,0,5,0,0,0,0,0,0,0,0,0,0,0,0,0,0,0,0,0,0,0,0,0,0,4,0,0,0,0,0,0,0,0,0,0,0,0,0,0,0,0,0,0,0,0,0,0,0,0,0,0,0,0,0,0,0,0,0,0,0,0,0,0,0,0,0,0,0,0,0,0,0,0,0,0,0,0,0,0,0,0,0,0,0,0,0,0,0,0,6,0,0,0,0,0,0,0,2,0,2,0,0,0,6,0,0,0,0,6,0,4,0,0,0,4,2,0,0,0,0,6,0,0,0,0,0,0,0,4,0,0,0,0,0,0,0,0,0,2,2,0,6,0,0,0,0,0,0,0,0,0,0,0,0,0,8.736,O(CN(CN(CN(CN(CON(=O)=O)N(=O)=O)N(=O)=O)N(=O)=O)N(=O)=O)N(=O)=O
1,0,0,0,0,0,0,3,0,0,0,0,3,0,0,1,0,0,0,0,0,1,0,0,0,0,0,0,0,0,1,0,0,0,0,0,0,0,0,0,0,0,0,0,0,0,0,0,0,0,0,0,0,0,0,0,0,0,0,0,0,0,0,0,0,0,0,0,0,0,0,0,0,0,0,0,0,0,0,0,0,0,0,3,0,0,0,0,0,0,0,0,0,0,0,5,1,0,0,0,0,0,0,1,0,1,0,0,0,5,0,0,0,0,5,1,1,0,0,0,1,2,0,0,0,0,5,0,0,0,0,0,0,0,1,0,0,0,0,0,0,2,0,0,1,0,0,5,0,0,0,0,0,0,0,0,0,0,0,0,0,8.852,N(N(=O)=O)(CC(N(=O)=O)(N(=O)=O)N(=O)=O)CCON(=O)=O
0,0,0,0,0,0,0,2,0,0,0,0,0,0,0,0,0,0,0,0,0,0,0,0,0,0,0,0,0,0,0,0,0,0,0,0,0,0,0,0,0,0,0,0,0,0,0,0,0,0,0,0,0,0,0,0,0,0,0,0,0,0,0,0,0,0,0,0,0,0,0,0,0,0,0,0,0,0,0,0,0,0,0,0,0,0,0,0,0,0,0,0,0,0,0,4,0,0,0,0,0,0,0,2,0,4,0,0,0,4,0,0,0,0,4,0,0,0,0,0,0,4,0,0,0,0,4,0,0,0,0,0,0,0,0,0,0,0,0,0,0,0,0,0,2,0,0,4,0,0,0,0,0,0,0,0,0,0,0,0,0,8.49,O(CC(C(CON(=O)=O)ON(=O)=O)ON(=O)=O)N(=O)=O
0,0,1,0,0,0,0,2,0,0,0,0,0,0,0,0,0,0,0,1,0,0,0,0,0,0,0,0,0,0,0,0,0,0,0,0,0,0,0,0,0,0,0,0,0,0,0,0,0,0,0,0,0,0,0,0,0,0,0,0,0,0,0,0,0,0,0,0,0,0,0,0,0,0,0,0,0,0,0,0,0,0,0,0,0,0,0,0,0,0,0,0,0,0,0,2,0,0,0,0,0,0,0,0,1,0,0,0,0,1,0,0,0,0,1,0,1,0,0,0,0,0,0,0,0,0,1,0,0,0,0,0,0,0,1,0,0,0,0,0,0,0,0,0,0,0,0,1,0,0,0,0,0,0,0,0,0,0,1,0,0,6.919,CN(C=O)N(=O)=O
0,0,2,0,0,0,0,4,0,0,0,0,0,0,0,0,0,0,0,0,0,0,0,0,0,0,0,0,0,0,3,0,0,0,0,0,0,0,0,0,0,0,0,0,0,0,0,0,0,0,0,0,0,0,0,0,0,0,0,0,0,0,0,0,0,0,0,0,0,0,0,0,0,0,0,0,0,0,0,0,0,0,0,0,0,0,0,0,0,0,0,0,0,0,0,3,0,0,0,0,0,0,0,0,0,2,0,0,0,3,0,0,0,0,3,0,3,0,0,0,3,0,0,0,0,0,3,0,2,0,0,0,0,0,3,0,0,0,0,0,0,0,0,0,0,2,0,3,0,0,0,0,0,0,0,0,0,0,0,0,0,7.124,N(N(=O)=O)(CN(COC)N(=O)=O)CN(N(=O)=O)COC
0,0,2,0,0,0,0,6,2,0,0,0,6,0,0,3,0,0,0,0,0,0,0,0,2,0,0,0,0,0,0,0,0,0,0,0,0,0,0,0,0,0,2,0,0,0,0,0,0,0,0,0,0,4,0,0,0,0,0,0,0,0,0,2,0,0,0,0,0,0,0,0,0,0,0,0,2,0,0,0,0,0,0,0,2,0,2,0,0,0,0,0,0,0,0,10,0,0,0,0,0,0,0,0,0,2,0,0,0,8,0,0,0,0,8,0,4,0,0,0,0,2,2,0,0,0,8,0,0,0,0,1,0,0,2,0,2,0,2,0,0,2,0,0,0,0,0,8,0,4,0,0,0,0,0,0,0,0,0,0,0,7.494,O(CC(N(=O)=O)(COC(=O)N(CCC(C)(N(=O)=O)N(=O)=O)N(=O)=O)N(=O)=O)C(=O)N(CCC(N(=O)=O)(C)N(=O)=O)N(=O)=O
1,0,1,0,1,0,0,2,0,0,0,0,0,0,0,0,0,1,0,1,0,0,0,0,0,0,0,0,1,0,0,0,0,0,0,0,0,0,0,0,0,0,0,0,0,0,0,0,0,0,0,0,0,0,0,0,0,0,0,0,0,0,0,0,0,0,0,0,0,0,0,0,0,0,0,0,0,0,0,0,0,0,0,0,0,0,0,0,0,0,0,0,0,0,0,2,0,0,0,0,1,0,0,0,0,0,0,0,0,2,0,0,0,0,2,0,1,0,0,0,0,1,0,0,0,0,2,0,0,0,0,0,0,0,1,1,0,0,0,0,0,1,0,0,0,0,0,2,0,0,0,0,0,0,0,0,0,0,0,0,0,7.258,N(N(=O)=O)CCN(N(=O)=O)C
0,0,0,0,0,0,0,0,0,2,0,0,0,0,0,2,0,0,0,0,0,0,0,0,0,0,0,0,0,0,0,0,0,0,0,0,0,2,0,0,0,0,0,0,0,0,2,0,2,0,0,0,0,0,2,0,0,0,0,0,0,0,0,0,0,0,0,0,0,0,2,0,2,0,0,0,0,0,0,2,0,0,0,0,0,0,0,0,0,0,0,0,0,0,0,4,0,0,0,0,0,0,0,0,0,0,0,0,0,2,0,0,0,0,2,0,0,0,0,2,0,0,0,0,0,0,2,0,0,0,0,0,0,0,0,0,0,0,0,0,0,0,2,0,0,0,4,2,0,0,0,0,0,0,0,0,0,0,0,0,2,8.131,N1C(=O)N(C2C1N(C(=O)N2)N(=O)=O)N(=O)=O
0,0,2,0,0,0,0,4,0,0,0,0,0,0,0,0,0,0,0,2,0,0,0,0,0,0,0,0,0,0,0,0,0,0,0,0,0,0,0,0,0,0,0,0,0,0,0,2,0,0,0,0,0,0,0,0,0,0,0,0,0,0,0,0,0,0,0,0,0,0,0,0,0,0,0,0,0,0,0,0,0,0,0,0,0,0,2,0,0,0,0,0,0,0,2,6,0,0,0,0,0,0,2,0,0,0,0,0,0,4,0,0,0,0,4,0,4,0,0,0,0,4,0,0,0,0,4,0,0,0,0,0,0,0,4,0,2,0,2,0,0,4,0,0,0,0,0,4,0,0,0,0,0,0,0,0,0,0,0,0,0,7.226,N(CCN(C(=O)C(=O)N(N(=O)=O)CCN(C)N(=O)=O)N(=O)=O)(N(=O)=O)C
0,0,0,0,0,0,0,0,0,2,0,0,0,0,0,0,0,0,0,0,0,0,0,0,0,0,0,0,0,0,0,0,0,0,0,0,0,0,0,0,0,0,0,0,0,0,0,0,0,0,0,0,0,0,1,0,0,0,0,0,0,0,0,0,0,0,0,0,0,0,1,0,0,0,0,0,0,0,0,0,0,0,0,0,0,0,0,0,0,0,0,0,0,0,0,2,2,0,0,0,0,0,0,0,0,0,0,0,0,2,0,0,0,0,2,0,0,2,1,0,0,0,0,0,0,0,2,0,0,2,0,0,0,0,1,0,0,0,1,0,2,0,0,0,0,0,1,2,0,0,0,0,0,0,0,0,0,0,0,0,0,7.987,C1(=NN(=O)=O)NCN(CN1)N(=O)=O
0,0,2,0,0,0,0,4,0,0,0,0,4,0,0,2,0,0,0,0,0,0,0,0,0,0,0,0,0,0,1,0,0,0,0,0,0,0,0,0,0,0,0,2,0,0,0,0,0,0,0,0,0,0,0,0,0,0,0,0,0,0,0,0,0,0,0,0,0,0,0,0,0,0,0,0,0,0,0,0,0,0,0,0,0,0,0,0,0,0,0,0,0,0,0,5,0,0,0,0,0,0,0,0,0,0,0,0,0,5,0,0,0,0,5,2,1,0,0,0,1,0,0,0,0,0,5,0,0,0,0,2,0,0,1,0,0,0,0,0,0,0,0,0,0,0,0,5,0,0,0,0,0,0,0,0,0,0,0,0,0,7.275,N(N(=O)=O)(CC(N(=O)=O)(N(=O)=O)CC)CC(N(=O)=O)(CC)N(=O)=O
0,0,2,0,0,0,0,0,0,0,0,0,0,0,0,0,0,0,0,2,0,0,0,0,0,0,0,0,0,0,0,0,0,0,0,0,0,0,0,0,0,0,0,0,0,0,0,0,0,0,0,0,0,0,0,0,0,0,0,0,0,0,0,0,0,0,0,0,0,0,0,0,0,0,0,0,0,0,0,0,0,0,0,0,0,0,0,0,0,0,0,0,0,0,2,4,0,0,0,0,0,0,0,0,0,0,0,0,0,2,0,0,0,0,2,0,2,0,0,0,0,2,0,0,0,0,2,0,0,0,0,0,0,0,2,0,2,0,0,0,0,0,0,0,0,0,0,2,0,0,0,0,0,0,0,0,0,0,0,0,0,7.32,N(N(=O)=O)(C)C(=O)C(=O)N(N(=O)=O)C
0,0,2,0,0,0,0,4,0,0,0,0,4,0,0,2,0,0,0,0,0,4,0,0,0,0,0,0,0,0,2,0,0,0,0,0,0,0,0,0,0,0,0,0,0,0,0,0,0,0,0,0,0,4,0,0,0,0,0,0,0,0,0,2,0,0,0,0,0,0,0,0,0,0,0,0,0,0,0,0,0,0,0,0,0,0,0,0,0,0,0,0,0,0,0,6,0,0,0,0,0,0,0,0,0,0,0,0,0,6,0,0,0,0,6,2,2,0,0,0,2,0,2,0,0,0,6,0,0,0,0,0,0,0,2,0,0,0,0,0,0,2,0,0,0,0,0,6,0,0,0,0,0,0,2,0,0,0,0,0,0,7.663,N(CCN(CC(N(=O)=O)(N(=O)=O)C)N(=O)=O)(CC(C)(N(=O)=O)N(=O)=O)N(=O)=O
0,0,2,2,0,0,0,2,0,0,2,0,0,0,0,0,0,0,0,0,0,0,0,0,2,0,2,0,0,0,0,0,0,0,2,0,0,0,0,0,0,0,0,2,0,0,0,0,2,0,0,0,0,0,2,0,0,0,0,0,0,0,0,0,0,0,0,0,0,0,4,0,0,0,0,0,0,0,0,0,0,0,0,0,0,0,0,0,0,0,0,0,0,0,0,8,0,0,0,0,0,0,0,0,0,2,0,2,0,4,0,0,0,0,4,0,0,0,0,0,0,2,0,0,0,0,4,0,0,0,0,0,0,0,0,0,2,0,0,0,0,0,0,0,0,0,4,4,0,0,0,0,0,0,0,0,0,0,0,0,0,7.461,N1(C(=O)N(C2(C1(N(C(=O)N2N(=O)=O)N(=O)=O)C(=O)OCC)C(=O)OCC)N(=O)=O)N(=O)=O
0,0,0,0,0,0,0,0,0,1,0,0,0,0,0,0,0,0,0,0,0,0,0,0,0,2,0,0,0,0,0,0,0,0,0,0,1,1,0,0,0,0,0,0,0,0,1,0,1,0,0,0,0,0,1,0,0,0,0,0,0,0,0,0,0,0,0,0,0,0,3,2,2,0,0,0,0,0,0,1,0,0,0,0,0,0,0,0,0,0,0,0,0,0,0,4,0,0,0,0,0,0,1,0,0,0,0,0,0,3,0,0,0,0,3,0,0,0,0,0,0,0,0,0,0,0,3,0,0,0,0,0,0,0,0,0,0,0,0,0,1,0,1,0,0,0,4,3,0,0,0,0,0,0,0,0,0,0,0,0,2,8.477,N1(CN(C2C1N(C(=O)N2)N(=O)=O)N(=O)=O)N(=O)=O
2,0,0,0,2,0,0,6,0,0,0,0,0,0,0,0,0,2,0,0,0,0,0,0,0,0,0,0,2,0,2,0,0,0,0,0,0,0,0,0,0,0,0,0,0,0,0,0,0,0,0,0,0,0,0,0,0,0,0,0,0,0,0,0,0,0,0,0,0,0,0,0,0,0,0,0,0,0,0,0,2,0,0,0,0,0,0,0,0,0,0,0,0,0,0,4,0,0,0,0,2,0,0,0,0,0,0,0,0,4,0,0,0,0,4,0,2,0,0,0,2,0,0,0,0,0,4,0,0,0,0,0,0,0,2,2,0,0,0,0,0,4,0,0,0,0,0,4,0,0,0,0,0,0,0,0,0,0,0,0,0,7.473,C(CN(N(=O)=O)CCNN(=O)=O)N(N(=O)=O)CCNN(=O)=O
0,0,2,0,0,1,0,3,1,0,0,0,4,0,0,2,0,0,0,0,0,0,0,0,1,0,0,0,0,0,0,0,0,0,0,0,0,0,0,0,0,0,1,0,0,0,0,0,0,0,0,0,0,4,0,0,0,0,0,0,0,0,0,2,0,0,0,0,0,0,0,0,0,0,0,0,1,0,0,0,0,0,0,0,1,0,1,0,0,0,0,0,0,0,0,6,0,0,0,0,0,0,0,0,0,1,0,0,0,5,0,0,0,0,5,0,2,0,0,0,0,1,2,0,0,0,5,0,0,0,0,0,0,0,1,0,1,0,1,0,0,1,0,0,0,0,0,5,0,2,0,0,0,0,0,1,0,0,0,0,0,7.382,N(N(=O)=O)(CCC(C)(N(=O)=O)N(=O)=O)C(=O)OCC(N(=O)=O)(C)N(=O)=O
0,0,2,0,0,0,0,6,0,0,0,0,6,0,0,3,0,0,0,0,0,4,0,0,0,0,0,0,0,0,2,0,0,0,0,0,0,0,0,0,0,0,2,0,0,0,0,0,0,0,0,0,0,4,0,0,0,0,0,0,0,0,2,2,0,0,0,0,0,0,0,0,0,0,0,0,0,0,0,0,0,0,0,0,0,0,0,0,0,0,0,0,0,0,0,8,0,0,0,0,0,0,0,0,0,0,0,0,0,8,0,0,0,0,8,2,2,0,0,0,2,0,2,0,0,0,8,0,0,0,0,1,0,0,2,0,0,0,0,0,0,2,0,0,0,0,0,8,0,0,2,0,0,0,2,0,0,0,0,0,0,7.638,N(CCC(N(=O)=O)(N(=O)=O)CCN(N(=O)=O)CC(N(=O)=O)(C)N(=O)=O)(CC(C)(N(=O)=O)N(=O)=O)N(=O)=O
1,0,1,0,0,0,0,3,0,0,0,0,3,0,0,1,0,0,0,0,0,1,0,0,0,0,0,0,0,0,1,0,0,0,0,0,0,0,0,0,0,0,0,0,0,0,0,0,0,0,0,0,0,0,0,0,0,0,0,0,0,0,0,0,0,0,0,0,0,0,0,0,0,0,0,0,0,0,0,0,0,0,0,3,0,0,0,0,0,0,0,0,0,0,0,4,1,0,0,0,0,0,0,0,0,1,0,0,0,4,0,0,0,0,4,1,1,0,0,0,1,1,0,0,0,0,4,0,1,0,0,0,0,0,1,0,0,0,0,0,0,2,0,0,0,0,0,4,0,0,0,0,0,0,0,0,0,0,0,0,0,7.907,N(CCOC)(CC(N(=O)=O)(N(=O)=O)N(=O)=O)N(=O)=O
2,0,0,0,2,0,0,4,0,0,0,0,0,0,0,0,0,2,0,0,0,0,0,0,0,0,0,0,2,0,1,0,0,0,0,0,0,0,0,0,0,0,0,0,0,0,0,0,0,0,0,0,0,0,0,0,0,0,0,0,0,0,0,0,0,0,0,0,0,0,0,0,0,0,0,0,0,0,0,0,2,0,0,0,0,0,0,0,0,0,0,0,0,0,0,3,0,0,0,0,2,0,0,0,0,0,0,0,0,3,0,0,0,0,3,0,1,0,0,0,1,0,0,0,0,0,3,0,0,0,0,0,0,0,1,2,0,0,0,0,0,2,0,0,0,0,0,3,0,0,0,0,0,0,0,0,0,0,0,0,0,7.624,N(N(=O)=O)CCN(N(=O)=O)CCNN(=O)=O
0,0,2,0,0,0,0,6,2,0,0,0,6,0,0,3,0,0,0,0,0,2,0,0,0,0,0,0,0,0,2,0,0,0,0,0,0,0,0,0,0,0,2,0,0,0,0,0,0,0,0,0,0,4,0,0,0,0,0,0,0,0,2,2,0,0,0,0,0,0,0,0,0,0,0,0,0,0,0,0,0,0,0,0,2,0,0,0,0,0,0,0,0,0,0,8,0,0,0,0,0,0,0,0,0,0,0,0,0,8,0,0,0,0,8,2,2,0,0,0,2,0,2,0,0,0,8,0,0,0,0,1,0,0,2,0,0,0,0,0,0,2,0,0,0,0,0,8,0,0,0,0,0,0,0,0,0,0,0,0,0,7.664,N(CC(N(=O)=O)(CN(N(=O)=O)CCC(N(=O)=O)(N(=O)=O)C)N(=O)=O)(CCC(N(=O)=O)(C)N(=O)=O)N(=O)=O
0,0,2,0,0,0,0,4,2,0,0,0,4,0,0,2,0,0,0,0,0,0,0,0,0,0,0,0,0,0,0,0,0,0,0,0,0,0,0,0,0,0,2,0,0,0,0,2,0,0,0,0,0,4,0,0,0,0,0,0,0,0,0,2,0,0,0,0,0,0,0,0,0,0,0,0,0,0,0,0,0,0,0,0,2,0,2,0,0,0,0,0,0,0,2,8,0,0,0,0,0,0,2,0,0,0,0,0,0,6,0,0,0,0,6,0,4,0,0,0,0,2,2,0,0,0,6,0,0,0,0,0,0,0,2,0,2,0,2,0,0,2,0,0,0,0,0,6,0,0,0,0,0,0,0,0,0,0,0,0,0,7.431,O=C(N(N(=O)=O)CCC(N(=O)=O)(N(=O)=O)C)C(=O)N(N(=O)=O)CCC(N(=O)=O)(N(=O)=O)C
0,0,0,0,0,0,0,0,0,0,0,0,0,0,0,0,0,0,0,0,0,0,0,0,0,4,0,0,0,0,0,0,0,0,0,0,2,0,0,0,0,0,0,0,0,0,0,0,0,0,0,0,0,0,0,0,0,0,0,0,0,0,0,0,0,0,0,0,0,0,4,4,0,0,0,0,0,0,0,0,0,0,0,0,0,0,0,0,0,2,0,0,0,0,0,4,0,0,0,0,0,0,0,0,0,0,0,0,0,4,0,0,0,0,4,0,0,0,0,0,0,0,0,0,0,0,4,0,0,0,0,0,0,0,0,0,0,0,0,0,4,0,0,0,0,0,4,4,0,0,0,0,0,0,0,0,0,0,0,0,2,8.114,N1(CCN(C2C1N(CCN2N(=O)=O)N(=O)=O)N(=O)=O)N(=O)=O
2,0,0,0,0,0,0,4,0,0,0,0,2,0,0,1,0,2,0,0,0,0,0,0,0,0,0,0,2,0,0,0,0,0,0,0,0,0,0,0,0,0,2,0,0,0,0,0,0,0,0,0,0,0,0,0,0,0,0,0,0,0,0,0,0,0,0,0,0,0,0,0,0,0,0,0,0,0,0,0,0,0,0,0,0,0,0,0,0,0,0,0,0,0,0,4,0,0,0,0,2,0,0,0,0,0,0,0,0,4,0,0,0,0,4,0,0,0,0,0,0,0,0,0,0,0,4,0,0,0,0,1,0,0,0,2,0,0,0,0,0,0,0,0,0,0,0,4,0,0,0,0,0,0,0,0,0,0,0,0,0,7.761,N(CCC(N(=O)=O)(N(=O)=O)CCNN(=O)=O)N(=O)=O
0,0,1,0,0,0,0,3,0,0,0,0,3,0,0,1,0,0,0,0,0,0,0,0,1,0,1,0,0,0,1,0,0,0,0,1,0,0,0,0,0,0,0,1,0,0,0,0,0,0,0,0,0,0,0,1,1,0,0,0,0,0,0,0,0,0,0,0,0,0,0,0,0,0,0,0,1,0,1,0,0,0,0,3,0,0,0,0,0,0,0,0,0,0,0,5,0,0,0,0,0,0,0,0,0,1,0,0,0,4,0,0,0,0,4,0,1,0,0,0,1,1,0,0,0,0,4,0,0,0,0,0,0,0,1,0,1,0,0,0,0,1,0,0,0,1,0,4,0,0,0,0,0,0,0,0,0,0,0,0,0,7.678,N(CC(=O)OCC(N(=O)=O)(N(=O)=O)N(=O)=O)(CC)N(=O)=O
2,0,0,0,0,0,0,2,0,0,0,0,0,0,0,0,0,2,0,0,0,0,0,0,0,0,0,0,2,0,0,0,0,0,0,0,0,0,0,0,0,0,0,0,0,0,0,0,0,0,0,0,0,0,0,0,0,0,0,0,0,0,0,0,0,0,0,0,0,0,0,0,0,0,0,0,0,0,0,0,0,0,0,0,0,0,0,0,0,0,0,0,0,0,0,2,0,0,0,0,2,0,0,0,0,0,0,0,0,2,0,0,0,0,2,0,0,0,0,0,0,0,0,0,0,0,2,0,0,0,0,0,0,0,0,2,0,0,0,0,0,0,0,0,0,0,0,2,0,0,0,0,0,0,0,0,0,0,0,0,0,7.997,N(N(=O)=O)CCNN(=O)=O
0,0,1,0,0,0,0,0,0,0,0,0,0,0,0,0,0,0,0,1,0,0,0,0,0,0,0,3,0,0,0,0,2,0,0,0,0,0,0,1,1,0,0,0,0,0,0,0,0,0,2,0,0,2,4,0,0,1,0,0,0,0,0,0,0,1,0,0,0,0,0,0,0,0,0,0,0,0,0,0,0,0,0,0,0,0,0,0,0,0,0,0,0,0,0,4,0,0,0,0,0,0,0,0,0,0,0,0,0,4,2,0,0,0,4,0,1,1,0,0,0,0,0,0,0,0,4,0,0,0,2,0,0,2,1,0,0,0,0,0,0,0,0,0,0,0,0,4,0,0,0,0,0,0,0,0,0,0,0,0,0,7.649,c1(c(cc(cc1N(=O)=O)N(=O)=O)N(=O)=O)N(N(=O)=O)C
0,0,0,0,0,0,0,0,0,0,0,0,0,0,0,0,0,0,0,0,0,0,0,0,0,0,0,0,0,0,0,0,0,0,0,0,0,0,0,0,0,0,0,0,0,0,0,0,0,0,0,0,0,0,0,0,0,0,0,0,0,0,0,0,0,0,0,0,0,0,4,0,4,0,0,0,0,0,0,0,0,0,0,0,0,0,0,0,0,0,0,0,0,0,0,4,0,0,0,0,0,0,0,0,0,0,0,0,0,4,0,0,0,0,4,0,0,0,0,0,0,0,0,0,0,0,4,0,0,0,0,0,0,0,0,0,0,0,4,0,4,0,0,0,0,0,4,4,0,0,0,0,0,0,0,0,0,0,0,0,0,8.641,C1N(CN(CN(CN1N(=O)=O)N(=O)=O)N(=O)=O)N(=O)=O
0,0,0,0,0,0,0,6,0,0,0,0,6,0,0,2,0,0,0,0,0,0,0,0,2,0,2,0,0,0,2,0,0,0,0,2,0,0,0,0,0,0,0,0,0,0,0,0,0,0,0,0,0,0,0,2,2,0,0,0,0,0,0,0,0,0,0,0,0,0,0,0,0,0,0,0,2,0,2,0,0,0,0,6,0,0,0,0,0,0,0,0,0,0,0,10,0,0,0,0,0,0,0,0,0,2,0,0,0,8,0,0,0,0,8,0,2,0,0,0,2,2,0,0,0,0,8,0,0,0,0,0,0,0,2,0,2,0,0,0,0,4,0,0,0,0,0,8,0,0,0,0,0,0,0,0,0,0,0,0,0,8.115,N(N(=O)=O)(CC(=O)OCC(N(=O)=O)(N(=O)=O)N(=O)=O)CCN(N(=O)=O)CC(=O)OCC(N(=O)=O)(N(=O)=O)N(=O)=O
0,0,0,0,0,0,0,6,0,0,0,0,6,0,0,2,0,0,0,0,0,0,0,0,2,0,0,0,0,0,1,0,0,0,0,2,0,0,0,0,0,0,0,0,0,0,0,0,0,0,0,0,0,0,0,2,2,0,0,0,0,0,0,0,0,0,0,0,0,0,0,0,0,0,0,0,2,0,2,0,0,0,0,6,0,2,0,0,0,0,0,0,0,0,0,9,0,0,0,0,0,2,0,0,0,2,0,0,0,7,0,0,0,0,7,0,1,0,0,0,1,2,0,0,0,0,7,0,0,0,0,0,0,0,1,0,2,0,0,0,0,4,0,0,0,0,0,7,0,0,0,0,0,0,0,0,0,0,0,0,0,7.842,N(N(=O)=O)(CCC(=O)OCC(N(=O)=O)(N(=O)=O)N(=O)=O)CCC(=O)OCC(N(=O)=O)(N(=O)=O)N(=O)=O
0,0,2,0,0,0,0,2,0,0,0,0,4,0,0,2,0,0,0,0,0,2,0,0,0,0,0,0,0,0,1,0,0,0,0,0,0,0,0,0,0,0,0,0,0,0,0,0,0,0,0,0,0,4,0,0,0,0,0,0,0,0,0,2,0,0,0,0,0,0,0,0,0,0,0,0,0,0,0,0,0,0,0,0,0,0,0,0,0,0,0,0,0,0,0,5,0,0,0,0,0,0,0,0,0,0,0,0,0,5,0,0,0,0,5,2,1,0,0,0,1,0,2,0,0,0,5,0,0,0,0,0,0,0,1,0,0,0,0,0,0,0,0,0,0,0,0,5,0,0,0,0,0,0,2,0,0,0,0,0,0,7.825,N(N(=O)=O)(CC(N(=O)=O)(N(=O)=O)C)CC(N(=O)=O)(C)N(=O)=O
0,0,0,0,0,0,0,0,0,0,0,0,0,0,0,0,0,0,0,0,0,0,0,0,0,0,0,0,0,0,0,0,0,0,0,0,0,0,0,0,0,0,0,0,0,0,0,0,0,0,0,0,0,0,0,0,0,0,0,0,0,0,0,0,0,0,0,0,0,0,3,0,3,0,0,0,0,0,0,0,0,0,0,0,0,0,0,0,0,0,0,0,0,0,0,3,0,0,0,0,0,0,0,0,0,0,0,0,0,3,0,0,0,0,3,0,0,0,0,0,0,0,0,0,0,0,3,0,0,0,0,0,0,0,0,0,0,0,3,0,3,0,0,0,0,0,3,3,0,0,0,0,0,0,0,0,0,0,0,0,0,8.63,N1(CN(CN(C1)N(=O)=O)N(=O)=O)N(=O)=O
0,0,1,0,0,0,0,3,0,0,0,0,5,0,0,2,0,0,0,0,0,1,0,0,1,0,1,0,0,0,1,0,0,0,0,1,0,0,0,0,0,0,0,0,0,0,0,0,0,0,0,0,0,2,0,1,1,0,0,0,0,0,0,1,0,0,0,0,0,0,0,0,0,0,0,0,1,0,1,0,0,0,0,3,0,0,0,0,0,0,0,0,0,0,0,7,0,0,0,0,0,0,0,0,0,1,0,0,0,6,0,0,0,0,6,1,1,0,0,0,1,1,1,0,0,0,6,0,0,0,0,0,0,0,1,0,1,0,0,0,0,1,0,0,0,0,0,6,0,0,0,0,0,0,1,0,0,0,0,0,0,8.127,O(CC(N(=O)=O)(N(=O)=O)N(=O)=O)C(=O)CN(N(=O)=O)CC(C)(N(=O)=O)N(=O)=O
0,0,2,2,0,0,0,0,0,0,2,0,0,2,0,0,0,2,0,0,0,0,0,0,0,0,2,0,0,0,0,0,0,0,0,0,0,0,0,0,0,0,0,0,0,0,0,0,2,0,0,0,0,0,2,0,0,0,0,0,0,0,0,0,0,0,0,0,0,0,4,0,0,0,0,0,0,0,0,0,0,0,0,0,0,0,0,0,0,0,0,0,0,0,0,8,0,0,0,0,0,0,0,0,0,2,0,0,0,4,0,0,0,0,4,0,0,0,0,0,0,2,0,0,0,0,4,0,2,0,0,0,0,0,0,0,2,0,0,0,0,0,0,0,0,0,4,4,0,0,0,0,0,0,0,0,0,0,0,0,0,8.073,N1(C(=O)N(C2(C1(N(C(=O)N2N(=O)=O)N(=O)=O)C(=O)OC)C(=O)OC)N(=O)=O)N(=O)=O
0,0,0,0,0,0,0,8,0,0,0,0,10,0,0,4,0,0,0,0,0,2,0,0,0,0,0,0,0,0,3,0,0,0,0,0,0,0,0,0,0,0,2,0,0,0,0,0,0,0,0,0,0,0,0,0,0,0,0,0,0,0,2,0,0,0,0,0,0,0,0,0,0,0,0,0,0,0,0,0,0,0,0,6,0,0,0,0,0,0,0,0,0,0,0,13,2,0,0,0,0,0,0,0,0,0,0,0,0,13,0,0,0,0,13,4,3,0,0,0,3,2,0,0,0,0,13,0,0,0,0,2,0,0,3,0,0,0,0,0,0,4,0,0,0,0,0,13,0,0,2,0,0,0,0,0,0,0,0,0,0,8.609,N(=O)(=O)C(N(=O)=O)(CN(CCC(CN(N(=O)=O)CC(CCN(CC(N(=O)=O)(N(=O)=O)N(=O)=O)N(=O)=O)(N(=O)=O)N(=O)=O)(N(=O)=O)N(=O)=O)N(=O)=O)N(=O)=O
0,0,1,0,0,0,0,3,1,0,0,0,5,0,0,2,0,0,0,0,0,0,0,0,1,0,0,0,0,0,0,0,0,0,0,1,0,0,0,0,0,0,1,0,0,0,0,0,0,0,0,0,0,2,0,0,0,0,0,0,0,0,0,1,0,0,0,0,0,0,0,0,0,0,0,0,1,0,1,0,0,0,0,3,1,0,1,0,0,0,0,0,0,0,0,7,0,0,0,0,0,0,0,0,0,1,0,0,0,6,0,0,0,0,6,0,2,0,0,0,0,1,1,0,0,0,6,0,0,0,0,0,0,0,1,0,1,0,1,0,0,2,0,0,0,0,0,6,0,2,0,0,0,0,0,0,0,0,0,0,0,8.127,O(CC(N(=O)=O)(N(=O)=O)N(=O)=O)C(=O)N(N(=O)=O)CCC(N(=O)=O)(N(=O)=O)C
0,0,0,0,0,0,0,4,0,0,0,1,6,0,0,2,0,1,0,0,0,0,0,0,0,0,0,0,0,0,0,1,0,0,0,0,0,0,0,0,1,0,2,0,0,0,0,0,0,0,0,0,0,0,0,0,0,0,0,0,1,0,0,0,0,0,0,0,0,0,0,0,0,0,0,0,0,0,0,0,0,0,0,6,0,0,1,0,0,0,0,0,0,0,0,8,0,0,2,0,1,0,0,0,0,0,0,0,0,7,0,0,0,0,7,0,2,0,0,0,0,1,0,0,0,0,7,0,0,0,0,0,0,0,1,0,1,0,1,0,0,3,0,0,0,0,0,7,0,0,0,0,0,0,0,0,0,0,0,0,0,8.422,N(C(=O)NCCC(N(=O)=O)(N(=O)=O)N(=O)=O)(CCC(N(=O)=O)(N(=O)=O)N(=O)=O)N(=O)=O
0,0,2,0,0,0,1,0,4,0,0,0,0,0,0,0,0,0,0,1,0,0,0,0,0,0,0,4,0,0,0,0,0,0,0,2,0,0,0,0,1,0,0,0,0,0,0,0,0,0,0,0,0,0,6,0,0,0,0,0,0,0,0,0,0,1,0,0,0,0,0,0,0,0,0,0,0,0,0,0,0,0,0,0,0,0,0,0,0,0,0,0,0,0,0,5,0,0,0,0,0,0,0,0,0,0,0,1,0,5,0,0,0,0,5,0,1,0,0,0,0,0,0,0,0,0,5,0,0,0,0,0,0,0,1,0,0,0,0,0,0,0,0,0,0,0,0,5,0,0,0,0,0,0,0,0,0,0,0,4,0,7.883,c1(c(c(c(c(c1N(C)N(=O)=O)N(=O)=O)N(=O)=O)N(=O)=O)N(=O)=O)C
0,0,1,0,0,0,0,3,1,0,0,0,5,0,0,2,0,0,0,0,0,1,0,0,0,0,0,0,0,0,1,0,0,0,0,0,0,0,0,0,0,0,1,0,0,0,0,0,0,0,0,0,0,2,0,0,0,0,0,0,0,0,1,1,0,0,0,0,0,0,0,0,0,0,0,0,0,0,0,0,0,0,0,3,1,0,0,0,0,0,0,0,0,0,0,6,1,0,0,0,0,0,0,0,0,0,0,0,0,6,0,0,0,0,6,1,1,0,0,0,1,1,1,0,0,0,6,0,0,0,0,0,0,0,1,0,0,0,0,0,0,2,0,0,0,0,0,6,0,0,0,0,0,0,0,0,0,0,0,0,0,8.294,N(CCC(N(=O)=O)(N(=O)=O)C)(CC(N(=O)=O)(N(=O)=O)N(=O)=O)N(=O)=O
0,0,0,0,0,0,0,0,0,0,0,0,0,0,0,0,0,0,0,0,0,0,0,0,0,4,0,0,0,0,0,0,0,0,0,0,0,0,0,0,0,0,0,0,0,0,0,0,0,0,0,0,0,0,0,0,0,0,0,0,0,0,0,0,0,0,0,0,0,0,4,4,2,0,0,0,0,0,0,0,0,0,0,0,0,0,0,0,0,0,0,0,0,0,0,4,0,0,0,0,0,0,0,0,0,0,0,0,0,4,0,0,0,0,4,0,0,0,0,0,0,0,0,0,0,0,4,0,0,0,0,0,0,0,0,0,0,0,0,0,2,0,0,0,0,0,4,4,0,0,0,0,0,0,0,0,0,0,0,0,4,8.419,C12C(C3C1N(CN3N(=O)=O)N(=O)=O)N(CN2N(=O)=O)N(=O)=O
0,0,0,0,0,0,0,8,0,0,0,0,6,0,0,2,0,0,0,0,0,2,0,0,0,0,0,0,0,0,4,0,0,0,0,0,0,0,0,0,0,0,0,0,0,0,0,0,0,0,0,0,0,0,0,0,0,0,0,0,0,0,0,0,0,0,0,0,0,0,0,0,0,0,0,0,0,0,0,0,0,0,0,6,0,0,0,0,0,0,0,0,0,0,0,10,2,0,0,0,0,0,0,0,0,0,0,0,0,10,0,0,0,0,10,2,4,0,0,0,4,2,0,0,0,0,10,0,0,0,0,0,0,0,4,0,0,0,0,0,0,8,0,0,0,0,0,10,0,0,0,0,0,0,0,0,0,0,0,0,0,8.416,N(N(=O)=O)(CCN(N(=O)=O)CC(N(=O)=O)(N(=O)=O)N(=O)=O)CCN(N(=O)=O)CCN(N(=O)=O)CC(N(=O)=O)(N(=O)=O)N(=O)=O
0,0,0,0,0,0,0,8,0,0,0,0,6,0,0,2,0,0,0,0,0,0,0,0,2,0,0,0,0,0,2,0,0,0,0,2,0,0,0,0,0,0,0,0,0,0,0,0,0,0,0,0,0,0,0,0,0,0,0,0,0,0,0,0,0,0,0,0,0,0,0,0,0,0,0,0,2,0,2,0,0,0,0,6,0,0,2,0,0,0,0,0,0,0,0,12,0,0,0,0,0,0,0,0,0,2,0,0,0,10,0,0,0,0,10,0,4,0,0,0,2,2,0,0,0,0,10,0,0,0,0,0,0,0,4,0,2,0,2,0,0,8,0,0,0,0,0,10,0,4,0,0,0,0,0,0,0,0,0,0,0,8.219,C(OC(=O)N(CCN(CCN(CCN(C(=O)OCC(N(=O)=O)(N(=O)=O)N(=O)=O)N(=O)=O)N(=O)=O)N(=O)=O)N(=O)=O)C(N(=O)=O)(N(=O)=O)N(=O)=O
0,0,1,0,0,0,0,2,0,0,0,0,3,0,0,1,0,0,0,0,0,0,0,0,1,0,0,0,0,0,0,0,0,0,0,1,0,0,0,0,0,0,0,1,0,0,0,0,0,0,0,0,0,0,0,0,0,0,0,0,0,0,0,0,0,0,0,0,0,0,0,0,0,0,0,0,1,0,1,0,0,0,0,3,0,0,1,0,0,0,0,0,0,0,0,5,0,0,0,0,0,0,0,0,0,1,0,0,0,4,0,0,0,0,4,0,1,0,0,0,0,1,0,0,0,0,4,0,0,0,0,0,0,0,1,0,1,0,1,0,0,1,0,0,0,1,0,4,0,2,0,0,0,0,0,0,0,0,0,0,0,7.989,O(CC(N(=O)=O)(N(=O)=O)N(=O)=O)C(=O)N(N(=O)=O)CC
0,0,1,0,0,0,0,3,0,0,0,0,5,0,0,2,0,0,0,0,0,1,0,0,1,0,0,0,0,0,1,0,0,0,0,1,0,0,0,0,0,0,0,0,0,0,0,0,0,0,0,0,0,2,0,0,0,0,0,0,0,0,0,1,0,0,0,0,0,0,0,0,0,0,0,0,1,0,1,0,0,0,0,3,0,0,1,0,0,0,0,0,0,0,0,8,0,0,0,0,0,0,0,0,0,1,0,0,0,7,0,0,0,0,7,1,2,0,0,0,1,1,1,0,0,0,7,0,0,0,0,0,0,0,2,0,1,0,1,0,0,1,0,0,0,0,0,7,0,2,0,0,0,0,1,0,0,0,0,0,0,8.434,O=C(N(CN(N(=O)=O)CC(C)(N(=O)=O)N(=O)=O)N(=O)=O)OCC(N(=O)=O)(N(=O)=O)N(=O)=O
0,0,2,0,0,0,1,0,4,0,0,0,0,0,0,0,0,0,0,1,0,0,0,0,0,0,0,4,0,0,0,0,0,0,0,1,0,0,0,0,1,0,0,0,0,0,0,0,0,0,0,0,0,0,6,0,0,0,0,0,0,0,0,0,0,1,0,0,0,0,0,0,0,0,0,0,0,0,0,0,0,0,0,0,0,0,0,0,0,0,0,0,0,0,0,5,0,0,0,0,0,0,0,0,0,0,0,1,0,5,0,0,0,0,5,0,1,0,0,0,0,0,0,0,0,0,5,0,0,0,0,0,0,0,1,0,0,0,0,0,0,0,0,0,0,0,0,5,0,0,0,0,0,0,0,0,0,0,0,4,0,7.875,c1(c(c(c(c(c1N(=O)=O)N(C)N(=O)=O)N(=O)=O)N(=O)=O)N(=O)=O)C
0,0,0,0,0,0,0,2,0,0,0,0,3,0,0,1,0,0,0,0,1,0,0,0,1,0,1,0,0,0,1,0,0,0,0,0,0,0,0,0,0,0,0,0,0,0,0,0,0,0,0,0,0,0,0,0,0,0,0,0,0,0,0,0,0,0,0,0,0,0,0,0,0,0,0,0,0,0,0,0,0,0,0,3,0,0,0,0,0,0,0,0,0,0,0,5,1,0,0,0,0,0,0,0,0,0,0,0,0,4,0,0,0,0,4,1,1,0,0,0,1,2,0,0,0,0,4,0,0,0,0,0,0,0,1,0,1,0,0,0,0,1,0,0,0,0,0,4,0,0,0,0,0,0,0,0,0,0,0,0,0,8.437,C(C(N(=O)=O)(N(=O)=O)N(=O)=O)N(CC(=O)N)N(=O)=O
0,0,1,0,0,0,0,1,0,0,0,0,3,0,0,1,0,0,0,1,0,0,0,0,1,0,0,0,0,0,0,0,0,0,0,1,0,0,0,0,0,0,0,0,0,0,0,0,0,0,0,0,0,0,0,0,0,0,0,0,0,0,0,0,0,0,0,0,0,0,0,0,0,0,0,0,1,0,1,0,0,0,0,3,0,0,0,0,0,0,0,0,0,0,0,5,0,0,0,0,0,0,0,0,0,1,1,0,0,4,0,0,0,0,4,0,1,0,0,0,0,1,0,0,0,0,4,0,0,0,0,0,0,0,1,0,1,0,0,0,0,1,0,0,0,0,0,4,0,1,0,0,0,0,0,0,0,0,0,0,0,8.428,O=C(N(C)N(=O)=O)OCC(N(=O)=O)(N(=O)=O)N(=O)=O
0,0,0,0,0,0,0,6,0,0,0,0,6,0,0,2,0,0,0,0,0,0,0,0,2,0,0,0,0,0,1,0,0,0,0,2,0,0,0,0,0,0,0,0,0,0,0,0,0,0,0,0,0,0,0,0,0,0,0,0,0,0,0,0,0,0,0,0,0,0,0,0,0,0,0,0,2,0,2,0,0,0,0,6,0,0,2,0,0,0,0,0,0,0,0,11,0,0,0,0,0,0,0,0,0,2,0,0,0,9,0,0,0,0,9,0,3,0,0,0,1,2,0,0,0,0,9,0,0,0,0,0,0,0,3,0,2,0,2,0,0,6,0,0,0,0,0,9,0,4,0,0,0,0,0,0,0,0,0,0,0,8.355,O=C(OCC(N(=O)=O)(N(=O)=O)N(=O)=O)N(CCN(N(=O)=O)CCN(C(=O)OCC(N(=O)=O)(N(=O)=O)N(=O)=O)N(=O)=O)N(=O)=O
0,0,1,0,0,0,0,3,0,0,0,0,5,0,0,2,0,0,0,0,0,2,0,0,0,0,0,0,0,0,1,0,0,0,0,0,0,0,0,0,0,0,1,0,0,0,0,0,0,0,0,0,0,2,0,0,0,0,0,0,1,0,1,1,0,0,0,0,0,0,0,0,0,0,0,0,0,0,0,0,0,0,0,3,0,0,0,0,0,0,0,0,0,0,0,6,0,0,1,0,0,0,0,0,0,0,0,0,0,6,0,0,0,0,6,1,1,0,0,0,1,0,1,0,0,0,6,0,0,0,0,0,0,0,1,0,0,0,0,0,0,2,0,0,0,0,0,6,0,0,0,0,0,0,1,0,0,0,0,0,0,8.286,N(N(=O)=O)(CC(C)(N(=O)=O)N(=O)=O)CCC(N(=O)=O)(N(=O)=O)N(=O)=O
0,0,0,0,0,0,0,4,0,0,0,0,6,0,0,2,0,0,0,0,0,0,0,0,0,0,0,0,0,0,0,0,0,0,0,0,0,0,0,0,0,0,2,0,0,0,0,0,0,0,0,0,0,0,0,0,0,0,0,0,2,0,2,0,0,0,0,0,0,0,0,0,0,0,0,0,0,0,0,0,0,0,0,6,0,0,2,0,0,0,0,0,0,0,0,10,0,0,2,0,0,0,0,0,0,2,0,0,0,8,0,0,0,0,8,0,4,0,0,0,0,2,0,0,0,0,8,0,0,0,0,0,0,0,2,0,2,0,2,0,0,4,0,0,0,0,0,8,0,0,0,0,0,0,0,0,0,0,0,0,0,8.397,O(C#COC(=O)N(N(=O)=O)CCC(N(=O)=O)(N(=O)=O)N(=O)=O)C(=O)N(N(=O)=O)CCC(N(=O)=O)(N(=O)=O)N(=O)=O
0,0,1,0,0,1,0,3,0,0,0,0,5,0,0,2,0,0,0,0,0,0,0,0,1,0,0,0,0,0,0,0,0,0,0,0,0,0,0,0,0,0,1,0,0,0,0,0,0,0,0,0,0,2,0,0,0,0,0,0,1,0,0,1,0,0,0,0,0,0,0,0,0,0,0,0,1,0,0,0,0,0,0,3,0,0,1,0,0,0,0,0,0,0,0,7,0,0,1,0,0,0,0,0,0,1,0,0,0,6,0,0,0,0,6,0,2,0,0,0,0,1,1,0,0,0,6,0,0,0,0,0,0,0,1,0,1,0,1,0,0,2,0,0,0,0,0,6,0,2,0,0,0,0,0,1,0,0,0,0,0,8.119,N(N(=O)=O)(C(=O)OCC(N(=O)=O)(C)N(=O)=O)CCC(N(=O)=O)(N(=O)=O)N(=O)=O
0,0,0,0,0,0,0,1,0,0,0,0,3,0,0,1,0,1,0,0,1,0,0,0,1,0,0,0,0,0,0,1,0,0,0,0,0,0,0,0,0,0,0,0,0,0,0,0,0,0,0,0,0,0,0,0,0,0,0,0,0,0,0,0,0,0,0,0,0,0,0,0,0,0,0,0,0,0,0,0,0,0,0,3,0,0,0,0,0,0,0,0,0,0,0,4,0,0,0,0,0,0,0,0,0,0,0,0,0,4,0,0,0,0,4,0,0,0,0,0,0,1,0,0,0,0,4,0,0,0,0,0,0,0,0,0,0,0,0,1,0,1,0,0,1,0,0,4,0,0,0,0,0,0,0,0,0,0,0,0,0,8.882,N(=C(\N)/NCC(N(=O)=O)(N(=O)=O)N(=O)=O)/N(=O)=O
0,0,0,0,0,0,0,5,0,0,0,0,6,0,0,2,0,0,0,0,0,0,0,0,0,0,2,0,0,0,2,0,0,0,2,0,0,0,0,0,0,0,0,0,0,0,0,0,0,0,0,0,0,0,0,0,0,0,0,0,0,0,0,0,0,0,0,0,0,0,0,0,0,0,0,0,0,0,0,0,0,0,0,6,0,0,2,0,0,0,0,0,0,0,0,12,2,0,0,0,0,0,0,0,0,0,0,0,0,10,0,0,0,0,10,2,4,0,0,0,2,4,0,0,0,0,10,0,0,0,0,0,0,0,4,0,2,0,2,0,0,2,0,0,0,0,0,10,0,0,0,0,0,0,0,0,0,0,0,0,0,8.773,C(N(CC(=O)N(CN(C(=O)CN(CC(N(=O)=O)(N(=O)=O)N(=O)=O)N(=O)=O)N(=O)=O)N(=O)=O)N(=O)=O)C(N(=O)=O)(N(=O)=O)N(=O)=O
0,0,0,0,0,0,0,6,0,0,0,0,6,0,0,3,0,2,0,0,0,2,0,0,0,0,0,0,0,0,2,0,0,0,0,0,0,0,0,0,0,0,2,0,0,0,0,0,0,0,0,0,0,0,0,0,0,0,0,0,0,0,2,0,0,0,0,0,0,0,0,0,0,0,0,0,2,0,0,0,0,0,0,6,0,0,0,0,0,0,0,0,0,0,0,10,2,0,0,0,1,0,0,0,0,0,0,0,0,10,0,0,0,0,10,2,2,0,0,0,2,2,0,0,0,0,10,0,0,0,0,0,0,0,2,0,0,0,0,0,0,4,0,0,0,0,0,10,0,0,0,0,0,0,0,0,0,0,0,0,0,8.647,N(C(NN(=O)=O)(CCN(N(=O)=O)CC(N(=O)=O)(N(=O)=O)N(=O)=O)CCN(CC(N(=O)=O)(N(=O)=O)N(=O)=O)N(=O)=O)N(=O)=O
0,0,1,0,0,0,0,3,0,0,0,0,3,0,0,1,0,0,0,1,0,0,0,0,1,0,0,0,0,0,0,0,0,0,0,1,0,0,0,0,0,0,0,0,0,0,0,0,0,0,0,0,0,0,0,0,0,0,0,0,0,0,0,0,0,0,0,0,0,0,0,0,0,0,0,0,1,0,1,0,0,0,0,3,0,0,1,0,0,0,0,0,0,0,0,6,0,0,0,0,0,0,0,0,0,1,0,0,0,5,0,0,0,0,5,0,2,0,0,0,0,2,0,0,0,0,5,0,0,0,0,0,0,0,2,0,1,0,1,0,0,3,0,0,0,0,0,5,0,2,0,0,0,0,0,0,0,0,0,0,0,8.084,N(N(=O)=O)(CCN(C(=O)OCC(N(=O)=O)(N(=O)=O)N(=O)=O)N(=O)=O)C
0,0,0,2,0,0,0,0,0,0,0,0,0,0,0,0,0,0,2,0,0,0,0,0,0,0,0,0,0,0,0,0,0,4,0,0,0,0,0,0,0,0,0,0,0,0,0,0,0,0,0,0,0,0,0,0,0,0,0,0,0,0,0,0,0,0,0,0,0,0,1,0,0,0,0,0,0,0,0,0,0,0,0,0,0,0,0,1,0,0,0,0,2,0,0,5,0,0,0,0,0,0,0,0,0,0,0,0,0,5,0,0,0,0,5,0,0,0,0,0,0,0,0,0,0,0,5,0,0,0,0,0,0,0,0,0,0,0,1,0,3,0,0,0,0,0,1,5,0,0,0,0,0,0,0,0,0,4,0,0,0,8.623,N(=O)(=O)C1(CN(CC(C1)(N(=O)=O)N(=O)=O)N(=O)=O)N(=O)=O
0,0,0,0,0,0,0,4,0,0,0,0,6,0,0,2,0,0,0,0,0,0,0,0,2,0,2,0,0,0,1,0,0,0,0,2,0,0,0,0,0,0,0,0,0,0,0,0,0,0,0,0,0,0,0,2,2,0,0,0,0,0,0,0,0,0,0,0,0,0,0,0,0,0,0,0,2,0,2,0,0,0,0,6,0,0,0,0,0,0,0,0,0,0,0,9,0,0,0,0,0,0,0,0,0,2,0,0,0,7,0,0,0,0,7,0,1,0,0,0,1,2,0,0,0,0,7,0,0,0,0,0,0,0,1,0,2,0,0,0,0,2,0,0,0,0,0,7,0,0,0,0,0,0,0,0,0,0,0,0,0,8.329,C(N(CC(=O)OCC(N(=O)=O)(N(=O)=O)N(=O)=O)N(=O)=O)C(=O)OCC(N(=O)=O)(N(=O)=O)N(=O)=O
0,0,0,0,0,0,0,0,0,0,0,0,0,0,0,0,0,0,0,0,0,0,0,0,0,0,0,0,0,0,0,0,0,0,0,0,6,0,0,0,0,0,0,0,0,0,0,0,0,0,0,0,0,0,0,0,0,0,0,0,0,6,0,0,0,0,0,0,0,0,6,0,0,0,0,0,0,0,0,0,0,0,0,0,0,0,0,0,6,0,0,0,0,0,0,6,0,0,0,0,0,0,0,0,0,0,0,0,0,6,0,0,0,0,6,0,0,0,0,0,0,0,0,0,0,0,6,0,0,0,0,0,0,0,0,0,0,0,0,0,0,0,0,0,0,0,6,6,0,0,0,0,0,0,0,0,0,0,0,0,6,9.434,C12N(C3C(N1N(=O)=O)N(C1C(N3N(=O)=O)N(C2N1N(=O)=O)N(=O)=O)N(=O)=O)N(=O)=O
2,0,0,0,0,0,0,1,0,0,0,2,0,0,0,0,0,2,0,0,0,0,0,0,0,0,0,0,2,0,0,0,0,0,0,0,0,0,0,0,0,0,0,0,0,0,0,0,0,0,0,0,0,0,0,0,0,0,0,0,0,0,0,0,0,0,0,0,0,0,0,0,0,0,0,0,0,0,0,0,0,0,0,0,0,0,0,0,0,0,0,0,0,0,0,2,0,0,0,0,0,0,0,0,0,0,0,0,0,2,0,0,0,0,2,0,0,0,0,0,0,0,0,0,0,0,2,0,0,0,0,0,0,0,0,0,0,0,0,0,0,0,0,0,0,0,0,2,0,0,0,0,0,0,1,0,0,0,0,0,0,8.925,C(NN(=O)=O)NN(=O)=O
0,0,0,0,0,0,0,4,0,0,0,0,6,0,0,2,0,0,0,0,0,0,0,0,2,0,0,0,0,0,1,0,0,0,0,2,0,0,0,0,0,0,0,0,0,0,0,0,0,0,0,0,0,0,0,0,0,0,0,0,0,0,0,0,0,0,0,0,0,0,0,0,0,0,0,0,2,0,2,0,0,0,0,6,0,0,2,0,0,0,0,0,0,0,0,11,0,0,0,0,0,0,0,0,0,2,0,0,0,9,0,0,0,0,9,0,3,0,0,0,1,2,0,0,0,0,9,0,0,0,0,0,0,0,3,0,2,0,2,0,0,2,0,0,0,0,0,9,0,4,0,0,0,0,0,0,0,0,0,0,0,8.513,O=C(OCC(N(=O)=O)(N(=O)=O)N(=O)=O)N(CN(CN(C(=O)OCC(N(=O)=O)(N(=O)=O)N(=O)=O)N(=O)=O)N(=O)=O)N(=O)=O
0,0,0,0,0,0,0,5,0,0,0,0,6,0,0,2,0,0,0,0,0,0,0,0,0,0,0,0,0,0,0,0,0,0,2,2,0,0,0,0,0,0,2,0,0,0,0,0,0,0,0,0,0,0,0,0,0,0,0,0,0,0,0,0,0,0,0,0,0,0,0,0,0,0,0,0,0,0,0,0,0,0,0,6,0,2,2,0,0,0,0,0,0,0,0,10,0,0,2,0,0,0,0,0,0,0,0,0,0,8,0,0,0,0,8,0,2,0,0,0,0,2,0,0,0,0,8,0,0,0,0,0,0,0,2,0,2,0,2,0,0,2,0,0,0,0,0,8,0,0,0,0,0,0,0,0,0,0,0,0,0,8.34,O=C(CCC(N(=O)=O)(N(=O)=O)N(=O)=O)N(CN(N(=O)=O)C(=O)CCC(N(=O)=O)(N(=O)=O)N(=O)=O)N(=O)=O
0,0,0,0,0,0,0,6,0,0,0,0,9,0,0,3,0,0,0,0,0,0,0,0,0,0,3,0,0,0,3,0,0,0,0,0,0,0,0,0,0,0,0,0,0,0,0,0,0,0,0,0,0,0,0,0,0,0,0,0,0,0,0,0,0,0,0,0,0,0,0,0,3,0,0,0,0,0,0,0,0,0,0,9,0,0,0,0,0,0,0,0,0,0,0,15,3,0,0,0,0,0,0,0,0,0,0,0,0,12,0,0,0,0,12,3,3,0,0,0,3,6,0,0,0,0,12,0,0,0,0,0,0,0,3,0,3,0,0,0,3,3,0,0,0,0,3,12,0,0,0,0,0,0,0,0,0,0,0,0,0,8.249,C1N(CN(CN1C(=O)CN(CC(N(=O)=O)(N(=O)=O)N(=O)=O)N(=O)=O)C(=O)CN(CC(N(=O)=O)(N(=O)=O)N(=O)=O)N(=O)=O)C(=O)CN(CC(N(=O)=O)(N(=O)=O)N(=O)=O)N(=O)=O
0,0,0,0,0,0,0,6,0,0,0,0,6,0,0,2,0,0,0,0,0,2,0,0,0,0,0,0,0,0,3,0,0,0,0,0,0,0,0,0,0,0,0,0,0,0,0,0,0,0,0,0,0,0,0,0,0,0,0,0,0,0,0,0,0,0,0,0,0,0,0,0,0,0,0,0,0,0,0,0,0,0,0,6,0,0,0,0,0,0,0,0,0,0,0,9,2,0,0,0,0,0,0,0,0,0,0,0,0,9,0,0,0,0,9,2,3,0,0,0,3,2,0,0,0,0,9,0,0,0,0,0,0,0,3,0,0,0,0,0,0,6,0,0,0,0,0,9,0,0,0,0,0,0,0,0,0,0,0,0,0,8.638,N(N(=O)=O)(CC(N(=O)=O)(N(=O)=O)N(=O)=O)CCN(N(=O)=O)CCN(N(=O)=O)CC(N(=O)=O)(N(=O)=O)N(=O)=O
0,0,0,0,0,0,0,6,0,0,0,0,8,0,0,3,0,0,0,0,0,0,0,0,2,0,0,0,0,0,0,0,0,0,0,2,0,0,0,0,0,0,2,0,0,0,0,0,0,0,0,0,0,0,0,0,0,0,0,0,0,0,0,0,0,0,0,0,0,0,0,0,0,0,0,0,2,0,2,0,0,0,0,6,0,0,2,0,0,0,0,0,0,0,0,12,0,0,0,0,0,0,0,0,0,2,0,0,0,10,0,0,0,0,10,0,4,0,0,0,0,2,0,0,0,0,10,0,0,0,0,1,0,0,2,0,2,0,2,0,0,4,0,0,0,0,0,10,0,4,2,0,0,0,0,0,0,0,0,0,0,8.372,N(=O)(=O)C(N(=O)=O)(CCN(N(=O)=O)C(=O)OCC(N(=O)=O)(N(=O)=O)N(=O)=O)CCN(C(=O)OCC(N(=O)=O)(N(=O)=O)N(=O)=O)N(=O)=O
0,0,0,0,0,0,0,0,0,0,2,0,0,0,0,0,0,0,0,0,0,0,0,0,0,0,0,0,0,0,0,0,0,0,0,0,0,4,0,0,0,0,0,0,0,0,0,0,2,0,0,0,2,0,2,0,0,0,0,0,0,0,0,0,0,0,0,0,0,0,4,0,0,0,0,0,0,0,0,0,0,0,0,0,0,0,0,0,0,0,0,0,0,0,0,6,0,0,0,0,0,0,0,0,0,0,0,0,0,4,0,0,4,0,4,0,0,0,0,0,0,0,0,0,0,0,4,0,0,0,0,0,0,0,0,0,0,0,0,0,0,0,0,0,0,0,4,4,0,0,0,0,0,0,0,0,0,0,0,0,4,8.723,C12C(C3C1N(C(=O)N3N(=O)=O)N(=O)=O)N(C(=O)N2N(=O)=O)N(=O)=O
0,0,0,0,0,0,0,6,0,0,0,0,8,0,0,3,0,0,0,0,0,2,0,0,0,0,0,0,0,0,2,0,0,0,0,0,0,0,0,0,0,0,2,0,0,0,0,0,0,0,0,0,0,0,0,0,0,0,0,0,2,0,2,0,0,0,0,0,0,0,0,0,0,0,0,0,0,0,0,0,0,0,0,6,0,0,0,0,0,0,0,0,0,0,0,10,0,0,2,0,0,0,0,0,0,0,0,0,0,10,0,0,0,0,10,2,2,0,0,0,2,0,0,0,0,0,10,0,0,0,0,1,0,0,2,0,0,0,0,0,0,4,0,0,0,0,0,10,0,0,0,0,0,0,0,0,0,0,0,0,0,8.627,N(CC(N(=O)=O)(CN(N(=O)=O)CCC(N(=O)=O)(N(=O)=O)N(=O)=O)N(=O)=O)(CCC(N(=O)=O)(N(=O)=O)N(=O)=O)N(=O)=O
0,0,0,0,0,0,0,5,0,0,0,0,6,0,0,2,0,0,0,0,0,0,0,0,2,0,0,0,0,0,1,0,0,0,0,2,0,0,0,0,0,0,0,0,0,0,0,0,0,0,0,0,0,0,0,0,0,0,0,0,0,0,0,0,0,0,0,1,0,0,0,0,0,0,0,0,2,0,2,0,0,0,0,6,0,0,2,0,0,0,0,0,0,0,0,11,0,0,0,0,0,0,0,0,0,2,0,0,0,9,0,0,0,0,9,0,3,0,0,0,1,2,0,0,0,0,9,0,0,0,0,0,0,0,3,0,2,0,2,0,0,4,0,0,0,0,0,9,0,4,0,0,0,0,0,0,0,0,0,0,0,8.571,C(COC(=O)N(CN(CCN(C(=O)OCC(N(=O)=O)(N(=O)=O)N(=O)=O)N(=O)=O)N(=O)=O)N(=O)=O)(N(=O)=O)(N(=O)=O)N(=O)=O
0,0,0,0,0,0,0,2,0,0,0,0,3,0,0,1,0,0,0,0,0,0,0,0,0,0,0,0,0,0,1,0,0,0,0,0,0,0,0,0,0,0,0,0,0,0,0,0,0,0,0,0,0,0,0,0,0,0,0,0,0,0,0,0,0,0,0,0,0,0,0,0,0,0,0,0,0,0,0,0,0,0,0,3,0,0,0,0,0,0,0,0,0,0,0,4,1,0,0,0,0,0,0,0,0,0,0,0,0,4,0,0,0,0,4,1,1,0,0,0,1,1,0,0,0,0,4,0,0,0,0,0,0,0,1,0,0,0,0,0,0,1,0,0,0,0,0,4,0,0,0,0,0,0,0,0,0,0,0,0,0,8.507,N(CC#N)(CC(N(=O)=O)(N(=O)=O)N(=O)=O)N(=O)=O
0,0,2,2,0,0,0,0,0,0,2,0,0,0,0,0,0,0,0,0,0,0,0,0,0,0,0,0,0,0,0,0,0,0,0,0,0,0,0,2,0,0,0,0,0,0,0,0,2,0,0,0,0,0,2,0,0,0,0,0,0,0,0,0,0,0,0,0,0,0,4,0,0,0,0,0,0,0,0,0,0,0,0,0,0,0,0,0,0,0,0,0,0,0,0,6,0,0,0,0,0,0,0,0,0,0,0,0,0,4,0,0,0,0,4,0,0,0,0,0,0,0,0,0,0,0,4,0,0,0,0,0,0,0,0,0,0,0,0,0,0,0,0,0,0,0,4,4,0,0,0,0,0,0,0,0,0,0,0,0,0,8.31,N1(C(=O)N(C2(C1(N(C(=O)N2N(=O)=O)N(=O)=O)C)C)N(=O)=O)N(=O)=O
0,0,1,0,0,0,0,3,0,0,0,0,3,0,0,1,0,0,0,1,0,1,0,0,0,0,0,0,0,0,1,0,0,0,0,0,0,0,0,0,0,0,0,0,0,0,0,0,0,0,0,0,0,0,0,0,0,0,0,0,0,0,0,0,0,0,0,0,0,0,0,0,0,0,0,0,0,0,0,0,0,0,0,3,0,0,0,0,0,0,0,0,0,0,0,5,1,0,0,0,0,0,0,0,0,0,0,0,0,5,0,0,0,0,5,1,2,0,0,0,1,2,0,0,0,0,5,0,0,0,0,0,0,0,2,0,0,0,0,0,0,3,0,0,0,0,0,5,0,0,0,0,0,0,0,0,0,0,0,0,0,8.284,N(CCN(N(=O)=O)C)(CC(N(=O)=O)(N(=O)=O)N(=O)=O)N(=O)=O
0,0,0,0,0,0,0,6,0,0,0,0,8,0,0,3,0,0,0,0,0,2,0,0,0,0,0,0,0,0,2,0,0,0,0,0,0,0,0,0,0,0,2,0,0,0,0,0,0,0,0,0,0,0,0,0,0,0,0,0,0,0,2,0,0,0,0,0,0,0,0,0,0,0,0,0,0,0,0,0,0,0,0,6,0,0,0,0,0,0,0,0,0,0,0,10,2,0,0,0,0,0,0,0,0,0,0,0,0,10,0,0,0,0,10,2,2,0,0,0,2,2,0,0,0,0,10,0,0,0,0,1,0,0,2,0,0,0,0,0,0,4,0,0,0,0,0,10,0,0,2,0,0,0,0,0,0,0,0,0,0,8.645,N(CCC(N(=O)=O)(N(=O)=O)CCN(N(=O)=O)CC(N(=O)=O)(N(=O)=O)N(=O)=O)(CC(N(=O)=O)(N(=O)=O)N(=O)=O)N(=O)=O
0,0,0,0,0,0,0,3,0,0,0,0,6,0,0,2,0,0,0,0,0,0,0,0,2,0,0,0,0,0,0,0,0,0,0,2,0,0,0,0,0,0,0,0,0,0,0,0,0,0,0,0,0,0,0,0,0,0,0,0,0,0,0,0,0,0,0,0,0,0,0,0,0,0,0,0,2,0,2,0,0,0,0,6,0,0,2,0,0,0,0,0,0,0,0,10,0,0,0,0,0,0,0,0,0,2,0,0,0,8,0,0,0,0,8,0,2,0,0,0,0,2,0,0,0,0,8,0,0,0,0,0,0,0,2,0,2,0,2,0,0,2,0,0,0,0,0,8,0,4,0,0,0,0,0,0,0,0,0,0,0,8.334,C(N(N(=O)=O)C(=O)OCC(N(=O)=O)(N(=O)=O)N(=O)=O)N(C(=O)OCC(N(=O)=O)(N(=O)=O)N(=O)=O)N(=O)=O
0,0,1,0,0,0,0,1,0,0,0,0,3,0,0,1,0,0,0,1,0,0,0,0,0,0,0,0,0,0,0,0,0,0,0,0,0,0,0,0,0,0,0,0,0,0,0,0,0,0,0,0,0,0,0,0,0,0,0,0,0,0,0,0,0,0,0,0,0,0,0,0,0,0,0,0,0,0,0,0,0,0,0,3,0,0,0,0,0,0,0,0,0,0,0,4,1,0,0,0,0,0,0,0,0,1,0,0,0,4,0,0,0,0,4,1,1,0,0,0,0,1,0,0,0,0,4,0,0,0,0,0,0,0,1,0,0,0,0,0,0,1,0,0,0,0,0,4,0,0,0,0,0,0,0,0,0,0,0,0,0,8.748,N(N(=O)=O)(CC(N(=O)=O)(N(=O)=O)N(=O)=O)C
0,0,1,0,0,0,0,1,0,0,0,0,6,0,0,2,0,0,0,0,0,0,0,0,0,0,0,0,0,0,0,0,0,0,0,0,0,0,0,0,0,0,0,0,0,0,0,0,0,0,0,0,0,0,0,0,0,0,0,0,0,0,0,0,0,0,0,0,0,0,0,0,0,0,0,1,0,0,0,0,0,0,0,3,0,0,0,0,0,0,0,0,0,0,0,8,1,0,0,0,0,0,0,0,0,1,0,0,0,7,0,0,0,0,7,0,1,0,0,0,0,1,0,0,1,0,7,0,0,0,0,0,0,0,1,0,1,0,0,0,0,1,0,0,0,0,0,7,0,0,0,0,0,0,0,0,0,0,0,0,0,8.71,C([C@H](CC(N(=O)=O)(N(=O)=O)N(=O)=O)N(N(=O)=O)OC(=O)C)(N(=O)=O)(N(=O)=O)N(=O)=O
0,0,0,0,0,0,0,3,0,0,0,0,6,0,0,2,0,0,0,0,0,0,0,0,1,0,0,0,0,0,0,0,0,0,0,1,0,0,0,0,0,0,1,0,0,0,0,0,0,0,0,0,0,0,0,0,0,0,0,0,1,0,0,0,0,0,0,0,0,0,0,0,0,0,0,0,1,0,1,0,0,0,0,6,0,0,1,0,0,0,0,0,0,0,0,8,0,0,1,0,0,0,0,0,0,1,0,0,0,7,0,0,0,0,7,0,2,0,0,0,0,1,0,0,0,0,7,0,0,0,0,0,0,0,1,0,1,0,1,0,0,3,0,0,0,0,0,7,0,2,0,0,0,0,0,0,0,0,0,0,0,8.604,O=C(N(N(=O)=O)CCC(N(=O)=O)(N(=O)=O)N(=O)=O)OCC(N(=O)=O)(N(=O)=O)N(=O)=O
0,0,0,0,0,0,0,4,0,0,0,0,6,0,0,2,0,0,0,0,0,0,0,0,0,0,0,0,0,0,0,0,0,0,0,0,0,0,0,0,0,0,2,0,0,0,0,2,0,0,0,0,0,0,0,0,0,0,0,0,2,0,0,0,0,0,0,0,0,0,0,0,0,0,0,0,0,0,0,0,0,0,0,6,0,0,2,0,0,0,0,0,0,0,2,10,0,0,2,0,0,0,2,0,0,0,0,0,0,8,0,0,0,0,8,0,4,0,0,0,0,2,0,0,0,0,8,0,0,0,0,0,0,0,2,0,2,0,2,0,0,4,0,0,0,0,0,8,0,0,0,0,0,0,0,0,0,0,0,0,0,8.59,N(CCC(N(=O)=O)(N(=O)=O)N(=O)=O)(N(=O)=O)C(=O)C(=O)N(CCC(N(=O)=O)(N(=O)=O)N(=O)=O)N(=O)=O
0,0,0,0,0,0,0,0,0,0,0,0,6,0,0,2,0,0,0,0,0,0,0,0,0,0,0,0,0,0,0,0,0,0,0,0,0,0,0,0,0,0,0,0,0,0,2,0,0,0,0,0,0,0,0,0,0,0,0,0,0,1,0,0,0,0,0,0,0,0,1,0,0,0,0,0,0,0,0,0,0,0,0,0,0,0,0,0,1,0,0,0,0,0,0,7,0,0,0,0,0,0,0,0,0,0,0,0,0,9,0,0,0,0,7,0,0,0,0,0,0,0,0,0,0,0,7,0,0,0,0,0,0,0,0,0,0,0,0,0,2,0,0,0,0,0,1,9,0,0,0,0,0,0,0,0,0,0,0,0,2,8.956,N1(C(CCC1C(N(=O)=O)(N(=O)=O)N(=O)=O)C(N(=O)=O)(N(=O)=O)N(=O)=O)N(=O)=O
0,0,0,0,0,0,0,3,0,0,0,0,6,0,0,2,0,0,0,0,0,1,0,0,0,0,0,0,0,0,1,0,0,0,0,0,0,0,0,0,0,0,1,0,0,0,0,0,0,0,0,0,0,0,0,0,0,0,0,0,1,0,1,0,0,0,0,0,0,0,0,0,0,0,0,0,0,0,0,0,0,0,0,6,0,0,0,0,0,0,0,0,0,0,0,7,1,0,1,0,0,0,0,0,0,0,0,0,0,7,0,0,0,0,7,1,1,0,0,0,1,1,0,0,0,0,7,0,0,0,0,0,0,0,1,0,0,0,0,0,0,3,0,0,0,0,0,7,0,0,0,0,0,0,0,0,0,0,0,0,0,8.829,N(CCC(N(=O)=O)(N(=O)=O)N(=O)=O)(CC(N(=O)=O)(N(=O)=O)N(=O)=O)N(=O)=O
0,0,0,0,0,0,0,3,0,0,0,0,6,0,0,2,0,0,0,0,0,0,0,0,0,0,0,0,0,0,2,0,0,0,0,0,0,0,0,0,0,0,0,0,0,0,0,0,0,0,0,0,0,0,0,0,0,0,0,0,0,0,0,0,0,0,0,0,0,0,0,0,0,0,0,0,0,0,0,0,0,0,0,6,0,0,0,0,0,0,0,0,0,0,0,8,2,0,0,0,0,0,0,0,0,0,0,0,0,8,0,0,0,0,8,2,2,0,0,0,2,2,0,0,0,0,8,0,0,0,0,0,0,0,2,0,0,0,0,0,0,2,0,0,0,0,0,8,0,0,0,0,0,0,0,0,0,0,0,0,0,8.702,N(N(=O)=O)(CC(N(=O)=O)(N(=O)=O)N(=O)=O)CN(N(=O)=O)CC(N(=O)=O)(N(=O)=O)N(=O)=O
0,0,0,0,0,0,0,2,0,0,0,0,6,0,0,2,0,0,0,0,0,0,0,0,0,0,0,0,0,0,1,0,0,0,0,0,0,0,0,0,0,0,0,0,0,0,0,0,0,0,0,0,0,0,0,0,0,0,0,0,0,0,0,0,0,0,0,0,0,0,0,0,0,0,0,0,0,0,0,0,0,0,0,6,0,0,0,0,0,0,0,0,0,0,0,7,2,0,0,0,0,0,0,0,0,0,0,0,0,7,0,0,0,0,7,2,1,0,0,0,1,2,0,0,0,0,7,0,0,0,0,0,0,0,1,0,0,0,0,0,0,2,0,0,0,0,0,7,0,0,0,0,0,0,0,0,0,0,0,0,0,8.525,N(CC(N(=O)=O)(N(=O)=O)N(=O)=O)(N(=O)=O)CC(N(=O)=O)(N(=O)=O)N(=O)=O
0,0,1,0,0,0,0,0,0,0,0,0,0,0,0,0,0,0,0,0,0,0,0,0,0,0,0,0,0,0,0,0,0,0,0,0,0,0,0,0,0,0,0,0,0,0,0,0,0,0,0,0,0,0,0,0,0,0,0,0,0,0,0,0,0,0,0,0,0,0,0,0,0,0,0,0,0,0,0,0,0,0,0,0,0,0,0,0,0,0,0,0,0,0,0,1,0,0,0,0,0,0,0,0,0,0,0,0,0,1,0,0,0,0,1,0,0,0,0,0,0,0,0,0,0,0,1,0,0,0,0,0,0,0,0,0,0,0,0,0,0,0,0,0,0,0,0,1,0,0,0,0,0,0,0,0,0,0,0,0,0,7.271,CN(=O)=O
0,0,2,0,0,2,0,2,0,0,0,0,4,0,0,2,0,0,0,0,0,0,0,0,2,0,0,0,0,1,0,0,0,0,0,0,0,0,1,0,0,0,0,0,0,0,0,0,0,0,0,0,0,4,0,0,0,0,0,0,0,0,0,2,0,0,0,0,0,0,0,0,0,2,0,0,2,0,0,0,0,0,0,0,0,0,0,0,0,0,0,0,0,0,0,5,0,0,0,0,0,0,0,0,0,2,0,0,0,4,0,0,0,0,4,0,0,0,0,0,0,1,2,0,0,0,4,0,0,0,0,0,0,0,0,0,1,0,0,0,0,0,0,0,0,0,0,4,0,0,0,0,0,0,0,2,0,0,0,0,0,7.201,O=C(OCC(N(=O)=O)(C)N(=O)=O)OCC(N(=O)=O)(N(=O)=O)C
0,0,2,0,0,0,0,3,0,0,0,0,4,0,0,2,0,0,0,0,0,0,0,0,1,0,0,0,0,0,0,0,0,0,0,1,0,0,0,0,0,0,1,0,0,0,0,0,0,0,0,0,0,0,0,1,1,0,0,0,0,0,0,2,0,0,0,0,0,0,0,0,0,1,0,0,1,0,0,0,0,0,0,3,0,1,0,0,0,0,0,0,0,0,0,5,0,0,1,0,0,1,0,0,0,1,0,0,0,4,0,0,0,0,4,0,0,0,0,0,0,1,0,0,0,0,4,0,0,0,0,0,0,0,0,0,1,0,0,0,0,1,0,0,0,0,0,4,0,0,0,0,0,0,0,0,0,0,0,0,0,6.92,O=C(CCC(N(=O)=O)(N(=O)=O)N(=O)=O)OCC(C)(C)N(=O)=O
0,0,0,4,0,0,0,0,0,0,0,0,0,0,0,0,0,0,0,0,0,0,0,0,0,0,0,0,0,0,0,0,0,0,0,0,0,0,0,0,0,0,0,0,0,0,0,0,0,0,0,0,0,0,0,0,0,0,0,0,0,0,0,0,0,0,0,0,0,0,0,0,0,0,0,0,0,0,0,0,0,0,0,0,0,0,0,0,0,0,0,0,0,0,0,4,0,0,0,0,0,0,0,0,0,0,0,0,0,4,0,0,0,0,4,0,0,0,0,0,0,0,0,0,0,0,4,0,0,0,0,0,0,0,0,0,0,0,0,0,6,0,0,0,0,0,0,4,0,0,0,0,0,0,0,0,0,4,0,0,0,6.845,C12(CC3(CC(C1)(CC(C2)(C3)N(=O)=O)N(=O)=O)N(=O)=O)N(=O)=O
0,0,2,0,0,2,0,2,0,0,0,0,4,0,0,2,0,0,0,0,0,0,0,0,2,0,0,0,0,0,0,0,0,0,0,0,0,0,0,0,0,0,0,0,0,2,0,0,0,0,0,0,0,4,0,0,0,0,0,0,0,0,0,2,0,0,0,0,0,0,0,0,0,0,0,0,2,0,0,0,0,0,0,0,0,0,0,0,0,0,2,0,0,0,0,6,0,0,0,0,0,0,0,0,0,2,0,0,0,4,0,0,0,0,4,0,0,0,0,0,0,2,2,0,0,0,4,0,0,0,0,0,0,0,0,0,2,0,0,0,0,0,2,0,0,0,0,4,0,0,0,0,0,0,0,2,0,0,0,0,0,7.109,O=C(OCC(N(=O)=O)(C)N(=O)=O)C(=O)OCC(N(=O)=O)(C)N(=O)=O
0,0,1,0,0,1,0,1,0,0,0,0,2,0,0,1,0,0,0,0,0,0,0,0,1,0,0,3,0,0,0,0,2,0,0,0,0,0,0,1,0,0,0,0,0,0,0,0,0,0,0,0,0,4,4,0,0,1,0,0,0,0,0,1,0,0,0,0,0,0,0,0,0,0,0,0,1,0,0,0,0,0,0,0,0,0,0,0,0,0,0,1,0,0,0,6,0,0,0,0,0,0,0,0,0,1,0,0,0,5,2,0,0,0,5,0,0,1,0,0,0,1,1,0,0,0,5,0,0,0,2,0,0,2,0,0,1,0,0,0,0,0,0,0,0,0,0,5,0,0,0,0,0,0,0,1,0,0,0,0,0,7.315,c1c(c(c(cc1N(=O)=O)N(=O)=O)C(=O)OCC(N(=O)=O)(N(=O)=O)C)N(=O)=O
0,0,1,0,0,1,0,3,0,0,0,0,5,0,0,2,0,0,0,0,0,0,0,0,1,0,0,0,0,0,0,0,0,0,0,1,0,0,0,0,0,0,1,0,0,0,0,0,0,0,0,0,0,2,0,1,1,0,0,0,0,0,0,1,0,0,0,0,0,0,0,0,0,1,0,0,1,0,0,0,0,0,0,3,0,1,0,0,0,0,0,0,0,0,0,6,0,0,1,0,0,1,0,0,0,1,0,0,0,5,0,0,0,0,5,0,0,0,0,0,0,1,1,0,0,0,5,0,0,0,0,0,0,0,0,0,1,0,0,0,0,1,0,0,0,0,0,5,0,0,0,0,0,0,0,1,0,0,0,0,0,7.695,O=C(CCC(N(=O)=O)(N(=O)=O)N(=O)=O)OCC(N(=O)=O)(N(=O)=O)C
0,0,1,0,0,0,0,4,0,0,0,0,5,0,0,2,0,0,0,0,0,0,0,0,1,0,0,0,0,0,0,0,0,0,0,1,0,0,0,0,0,0,1,1,0,0,0,0,0,0,0,0,0,0,0,1,1,0,0,0,0,0,0,0,0,0,0,0,0,0,0,0,0,1,0,0,1,0,1,0,0,0,0,4,0,1,0,0,0,0,0,0,0,0,0,6,0,0,0,0,0,1,0,0,0,1,0,0,0,5,0,0,0,0,5,0,0,0,0,0,0,1,0,0,0,0,5,0,0,0,0,1,0,0,0,0,1,0,0,0,0,1,0,0,0,0,0,5,0,0,0,0,0,0,0,0,0,0,0,0,0,7.424,N(=O)(=O)C(N(=O)=O)(N(=O)=O)COC(=O)CCC(N(=O)=O)(N(=O)=O)CC
0,0,1,0,0,0,0,2,0,0,0,0,3,0,0,1,0,0,0,0,0,0,0,0,0,0,0,0,0,0,0,0,0,0,0,1,0,0,0,0,0,0,1,0,0,0,0,0,0,0,0,0,0,0,0,0,0,0,0,0,0,0,0,0,0,0,0,0,0,0,0,0,0,0,0,0,0,0,0,0,0,0,0,4,0,1,0,0,0,0,0,0,0,0,0,4,0,0,1,0,0,0,0,0,0,0,0,0,0,3,0,0,0,0,3,0,0,0,0,0,0,1,0,0,0,0,3,0,0,0,0,0,0,0,0,0,1,0,0,0,0,1,0,0,0,0,0,3,0,0,0,0,0,0,0,0,0,0,0,0,0,7.33,N(=O)(=O)C(N(=O)=O)(CCC(=O)C)N(=O)=O
2,0,0,0,0,0,0,6,0,0,0,0,6,0,0,2,0,0,0,0,0,0,0,0,2,0,0,0,0,0,0,0,0,0,0,2,0,0,0,0,0,0,2,0,0,0,0,0,0,0,0,0,0,0,0,0,2,0,0,0,0,0,0,0,0,0,0,0,0,0,0,0,0,2,0,0,0,0,0,0,0,0,0,6,0,2,0,0,0,0,0,0,0,0,0,8,0,0,2,0,0,2,0,0,0,2,0,0,0,6,0,0,0,0,6,0,0,0,0,0,0,2,0,0,0,0,6,0,0,0,0,0,0,0,0,0,2,0,0,0,0,2,0,0,0,0,0,6,0,0,0,0,0,0,0,0,0,0,0,0,0,7.519,O(CCOC(=O)CCC(N(=O)=O)(N(=O)=O)N(=O)=O)C(=O)CCC(N(=O)=O)(N(=O)=O)N(=O)=O
0,0,0,0,0,0,0,5,0,0,0,0,6,0,0,2,0,2,0,0,0,0,0,0,0,0,0,0,0,0,0,2,0,0,0,2,0,0,0,0,0,0,2,0,0,0,0,0,0,0,0,0,0,0,0,0,0,0,0,0,0,0,0,0,0,0,0,0,0,0,0,0,0,0,0,0,0,0,0,0,0,0,0,6,0,2,0,0,0,0,0,0,0,0,0,8,0,0,2,0,0,0,0,0,0,0,0,0,0,6,0,0,0,0,6,0,0,0,0,0,0,2,0,0,0,0,6,0,0,0,0,0,0,0,0,0,2,0,0,0,0,2,0,0,0,0,0,6,0,0,0,0,0,0,1,0,0,0,0,0,0,7.635,O=C(CCC(N(=O)=O)(N(=O)=O)N(=O)=O)NCNC(=O)CCC(N(=O)=O)(N(=O)=O)N(=O)=O
0,0,2,0,0,0,0,0,0,0,0,0,3,0,0,1,0,1,0,0,0,0,0,0,0,0,1,0,0,0,0,0,0,0,0,0,0,0,0,0,0,2,0,0,0,0,0,0,0,0,0,0,0,0,0,0,0,0,0,0,0,0,0,0,0,0,0,0,0,0,0,0,0,0,0,0,0,0,0,0,0,0,0,0,0,0,0,0,0,0,0,0,0,0,0,4,0,0,0,0,0,0,0,0,0,0,0,0,0,3,0,0,0,0,3,0,0,0,0,0,0,1,0,0,0,0,3,0,0,0,0,0,0,0,0,0,1,0,0,0,0,0,0,0,0,0,0,3,0,0,0,0,0,0,0,0,0,0,0,0,0,7.272,O=C(C(N(=O)=O)(N(=O)=O)N(=O)=O)NC(C)C
0,0,0,0,0,0,0,2,0,0,0,0,2,0,0,1,0,0,0,0,0,0,0,0,0,0,0,0,0,0,0,0,0,0,0,0,0,0,0,0,0,0,0,0,0,0,0,0,0,0,0,0,0,0,0,0,0,0,0,0,0,0,0,0,0,0,0,0,0,0,0,0,0,0,0,0,0,0,0,0,0,0,0,0,0,0,0,0,0,0,0,0,0,0,0,2,0,0,0,0,0,0,0,0,0,0,0,0,0,2,0,0,0,0,2,0,0,0,0,0,0,2,0,0,0,0,2,0,0,0,0,1,0,0,0,0,0,0,0,0,0,0,0,0,0,0,0,2,0,0,0,0,0,0,0,0,0,0,0,0,0,7.74,C(C(N(=O)=O)(N(=O)=O)CO)O
0,0,3,0,0,0,0,0,0,0,0,0,3,0,0,2,0,1,0,0,0,0,0,0,0,0,1,0,0,0,0,0,0,0,0,0,0,0,0,0,0,0,0,0,0,0,0,0,0,0,0,0,0,1,0,0,0,0,0,0,0,0,0,3,0,0,0,0,0,0,0,0,0,0,0,0,0,0,0,0,0,0,0,0,0,0,0,0,0,0,0,0,0,0,0,4,0,0,0,0,0,0,0,0,0,0,0,0,0,3,0,0,0,0,3,0,0,0,0,0,0,1,0,0,0,0,3,0,0,0,0,0,0,0,0,0,1,0,0,0,0,0,0,0,0,0,0,3,0,0,0,0,0,0,0,0,0,0,0,0,0,6.892,O=C(C(N(=O)=O)(N(=O)=O)N(=O)=O)NC(C)(C)C
0,0,0,0,0,0,0,2,0,0,0,0,0,0,0,0,0,0,0,0,0,0,0,0,0,0,0,1,0,0,0,0,0,0,0,0,0,0,0,1,0,0,0,0,0,0,0,0,0,0,0,0,0,0,2,0,0,0,0,0,0,0,0,0,0,0,0,0,0,0,0,0,0,0,0,0,0,0,0,0,0,0,0,0,0,0,0,0,0,0,0,1,0,0,0,3,0,0,0,0,0,0,0,0,0,0,0,0,0,3,0,0,0,2,3,0,0,1,0,0,0,0,0,0,0,0,3,0,0,0,4,0,0,1,0,0,0,0,0,1,0,0,0,0,0,0,0,3,0,0,0,0,0,0,0,0,0,0,0,0,0,6.831,c1cc(cc(c1)N(=O)=O)C(N(=O)=O)N(=O)=O
0,1,1,0,0,0,0,4,0,0,0,0,5,0,0,2,0,1,0,0,0,0,0,0,0,0,0,0,0,0,0,1,0,0,0,1,0,0,0,0,0,0,1,1,0,0,0,0,0,0,0,0,0,0,0,0,0,0,0,0,0,0,0,0,0,0,0,0,0,0,0,0,0,0,0,0,0,0,0,0,0,0,0,3,0,1,0,0,0,0,0,0,0,0,0,6,0,0,1,0,0,0,0,0,0,0,0,0,0,5,0,0,0,0,5,0,0,0,0,0,0,1,0,0,0,0,5,0,0,0,0,1,0,0,0,0,1,0,0,0,0,1,0,0,0,0,0,5,0,0,0,0,0,0,0,0,0,0,0,0,0,7.36,O=C(NCC(CC)(N(=O)=O)N(=O)=O)CCC(N(=O)=O)(N(=O)=O)N(=O)=O
0,0,1,0,0,0,0,2,0,0,0,0,3,0,0,1,0,0,0,0,0,0,0,0,2,0,0,0,0,1,0,0,0,0,1,1,0,0,1,0,0,0,0,1,0,0,0,0,0,0,0,0,0,0,0,0,0,0,0,0,0,0,0,0,0,0,0,0,0,0,0,0,0,1,0,0,1,0,1,0,0,0,0,3,0,0,0,0,0,0,0,0,0,0,0,4,0,0,0,0,0,0,0,0,0,2,0,1,0,3,0,0,0,0,3,0,0,0,0,0,0,1,0,0,0,0,3,0,0,0,0,0,0,0,0,0,1,0,0,0,0,1,0,0,0,0,0,3,0,0,0,0,0,0,0,0,0,0,0,0,0,7.429,O=C(OCC(N(=O)=O)(N(=O)=O)N(=O)=O)OCC
0,0,2,0,0,0,2,2,0,0,0,0,4,0,0,2,0,0,0,0,0,0,0,0,0,0,0,0,0,0,0,0,0,0,0,0,0,0,0,0,0,0,0,2,0,0,0,0,0,0,0,0,0,0,0,0,0,0,0,0,0,0,0,0,0,0,0,0,0,0,0,0,0,0,0,0,0,0,0,0,0,0,0,0,0,0,0,0,0,0,0,0,0,0,0,4,0,0,0,0,0,0,0,0,0,0,0,0,0,4,0,0,0,0,4,0,0,0,0,0,0,0,0,0,0,0,4,0,0,0,0,0,0,0,0,0,0,0,0,0,0,0,0,0,0,0,0,4,0,0,0,0,0,0,0,0,0,0,0,0,0,7.376,CCC(N(=O)=O)(N(=O)=O)C(N(=O)=O)(CC)N(=O)=O
0,0,0,0,0,0,0,1,0,0,0,0,3,0,0,1,0,0,0,0,0,0,0,0,1,0,0,2,0,0,0,0,0,0,0,1,0,0,0,2,0,0,0,0,0,0,0,1,0,0,0,0,0,0,3,0,0,2,0,0,0,0,0,0,0,0,0,0,0,0,0,0,0,0,0,0,1,0,1,0,0,0,0,3,0,0,0,0,0,0,0,0,0,0,0,6,0,0,0,0,0,0,0,0,0,1,0,0,0,5,0,0,0,0,5,0,0,2,0,0,0,1,0,0,0,0,5,0,0,0,3,0,0,3,0,0,1,0,0,0,0,1,0,0,0,0,0,5,0,0,0,0,0,0,0,0,0,0,0,0,0,7.612,N(=O)(=O)c1cc(cc(c1)N(=O)=O)C(=O)OCC(N(=O)=O)(N(=O)=O)N(=O)=O
0,0,1,0,0,0,0,3,0,0,0,0,5,0,0,2,0,1,0,0,0,0,0,0,0,0,0,0,0,0,0,1,0,0,0,1,0,0,0,0,0,0,1,0,0,0,0,0,0,0,0,0,0,2,0,0,0,0,0,0,0,0,0,1,0,0,0,0,0,0,0,0,0,0,0,0,0,0,0,0,0,0,0,3,0,1,0,0,0,0,0,0,0,0,0,6,0,0,1,0,0,0,0,0,0,0,0,0,0,5,0,0,0,0,5,0,0,0,0,0,0,1,1,0,0,0,5,0,0,0,0,0,0,0,0,0,1,0,0,0,0,1,0,0,0,0,0,5,0,0,0,0,0,0,0,0,0,0,0,0,0,7.653,O=C(CCC(N(=O)=O)(N(=O)=O)N(=O)=O)NCC(N(=O)=O)(N(=O)=O)C
0,0,2,0,0,0,0,4,0,0,0,0,7,0,0,3,0,0,0,0,0,0,0,0,0,0,0,0,0,0,0,0,0,0,1,1,0,0,0,0,0,0,1,0,0,0,0,0,0,0,0,0,0,4,0,0,0,0,0,0,0,0,0,2,0,0,0,0,0,0,0,0,0,0,0,0,0,0,0,0,0,0,0,3,0,1,0,0,0,0,0,0,0,0,0,8,0,0,1,0,0,0,0,0,0,0,0,0,0,7,0,0,0,0,7,2,0,0,0,0,0,1,2,0,0,0,7,0,0,0,0,0,0,0,1,0,1,0,0,0,0,1,0,0,0,0,0,7,0,0,0,0,0,0,2,0,0,0,0,0,0,7.632,O=C(CCC(N(=O)=O)(N(=O)=O)N(=O)=O)N(CC(N(=O)=O)(C)N(=O)=O)CC(N(=O)=O)(C)N(=O)=O
0,0,1,0,0,0,0,3,1,0,0,0,5,0,0,2,0,0,0,0,0,0,0,0,1,0,0,0,0,0,0,0,0,0,0,1,0,0,0,0,0,0,1,0,0,0,0,0,0,0,0,0,0,2,0,1,1,0,0,0,0,0,0,1,0,0,0,0,0,0,0,0,0,1,0,0,1,0,1,0,0,0,0,3,0,1,0,0,0,0,0,0,0,0,0,6,0,0,0,0,0,1,0,0,0,1,0,0,0,5,0,0,0,0,5,0,0,0,0,0,0,1,1,0,0,0,5,0,0,0,0,0,0,0,0,0,1,0,0,0,0,1,0,0,0,0,0,5,0,0,0,0,0,0,0,0,0,0,0,0,0,7.744,O(CC(N(=O)=O)(N(=O)=O)N(=O)=O)C(=O)CCC(N(=O)=O)(C)N(=O)=O
0,0,0,0,0,0,0,6,0,0,0,0,8,0,0,3,0,0,0,0,0,0,0,0,2,0,0,0,0,0,0,0,0,0,0,2,0,0,0,0,0,0,2,0,0,0,0,0,0,0,0,0,0,0,0,2,2,0,0,0,0,0,0,0,0,0,0,0,0,0,0,0,0,2,0,0,2,0,2,0,0,0,0,8,0,2,0,0,0,0,0,0,0,0,0,10,0,0,0,0,0,2,0,0,0,2,0,0,0,8,0,0,0,0,8,0,0,0,0,0,0,2,0,0,0,0,8,0,0,0,0,1,0,0,0,0,2,0,0,0,0,2,0,0,0,0,0,8,0,0,0,0,0,0,0,0,0,0,0,0,0,7.912,C(=O)(CCC(N(=O)=O)(N(=O)=O)CCC(=O)OCC(N(=O)=O)(N(=O)=O)N(=O)=O)OCC(N(=O)=O)(N(=O)=O)N(=O)=O
0,0,0,3,0,0,0,0,0,0,0,0,0,0,0,0,0,0,2,0,0,0,0,0,0,0,0,0,0,0,0,0,0,4,0,0,0,0,0,0,0,0,0,0,0,0,0,0,0,0,0,0,0,0,0,0,0,0,0,0,0,0,0,0,0,0,0,0,0,0,0,0,0,0,0,0,0,0,0,0,0,0,0,0,0,0,0,0,2,0,0,0,0,0,0,4,1,4,0,0,0,0,0,0,0,0,0,1,0,4,0,0,0,0,4,0,0,0,0,0,0,0,0,0,0,0,4,0,0,0,0,0,0,0,0,0,0,0,0,0,4,0,0,0,0,0,0,4,0,0,0,0,0,0,0,0,0,4,0,0,0,7.871,O1CC(COC21OCC(CO2)(N(=O)=O)N(=O)=O)(N(=O)=O)N(=O)=O
0,0,0,0,0,0,0,3,0,0,0,0,4,0,0,2,0,0,0,0,0,0,0,0,0,0,0,0,0,0,0,0,0,0,0,0,0,0,0,0,0,0,0,0,0,0,0,0,0,0,0,0,0,0,0,0,0,0,0,0,0,0,0,0,0,0,0,0,0,0,0,0,0,0,0,0,2,0,0,0,0,0,0,0,0,0,0,0,0,0,0,0,0,0,0,4,0,0,0,0,0,0,0,0,0,2,0,0,0,4,0,0,0,0,4,0,0,0,0,0,0,0,0,0,0,0,4,0,0,0,0,0,0,0,0,0,0,0,0,0,0,0,0,0,0,1,0,4,0,0,0,0,0,0,0,0,0,0,0,0,0,8.247,C(OCC(N(=O)=O)(N(=O)=O)F)OCC(N(=O)=O)(N(=O)=O)F
0,0,2,0,0,0,0,3,0,0,0,0,4,0,0,2,0,0,0,0,0,0,0,0,0,0,0,0,0,0,0,0,0,0,0,0,0,0,0,0,0,0,0,0,0,0,0,0,0,1,0,0,0,4,0,0,0,0,0,0,0,0,0,2,0,0,0,0,0,0,0,0,0,0,0,0,0,0,0,0,0,0,0,0,0,0,0,0,0,0,0,0,0,0,0,5,0,0,0,0,0,0,0,0,0,0,0,0,0,5,0,0,0,0,5,0,0,0,0,0,0,0,2,0,0,0,5,0,0,0,0,0,0,0,0,0,0,0,0,0,0,0,0,0,0,0,0,5,0,0,0,0,0,0,0,0,0,0,0,0,0,7.443,CC(N(=O)=O)(CC(CC(N(=O)=O)(C)N(=O)=O)N(=O)=O)N(=O)=O
0,0,0,0,0,0,0,6,0,0,0,0,8,0,0,3,0,0,0,0,0,0,0,0,2,0,0,0,0,0,0,0,0,0,0,2,0,0,0,0,0,0,2,0,0,0,0,0,0,0,0,0,0,0,0,2,2,0,0,0,0,0,0,0,0,0,0,0,0,0,0,0,0,2,0,0,2,0,0,0,0,0,0,6,0,2,0,0,0,0,0,0,0,0,0,10,0,0,2,0,0,2,0,0,0,2,0,0,0,8,0,0,0,0,8,0,0,0,0,0,0,2,0,0,0,0,8,0,0,0,0,1,0,0,0,0,2,0,0,0,0,2,0,0,0,0,0,8,0,0,0,0,0,0,0,0,0,0,0,0,0,7.895,O=C(CCC(N(=O)=O)(N(=O)=O)N(=O)=O)OCC(COC(=O)CCC(N(=O)=O)(N(=O)=O)N(=O)=O)(N(=O)=O)N(=O)=O
0,0,0,0,0,0,0,4,0,0,0,2,6,0,0,2,0,2,0,0,0,0,0,0,0,0,0,0,0,0,2,2,0,0,0,0,0,0,0,0,0,0,2,0,0,0,0,0,0,0,0,0,0,0,0,0,0,0,0,0,0,0,0,0,0,2,0,0,0,0,0,0,0,0,0,0,0,0,0,0,0,0,0,6,0,0,0,0,0,0,0,0,0,0,0,8,0,0,2,0,2,0,0,0,0,0,0,0,0,6,0,0,0,0,6,0,0,0,0,0,0,2,0,0,0,0,6,0,0,0,0,0,0,0,0,0,2,0,0,0,0,2,0,0,0,0,0,6,0,0,0,0,0,0,0,0,0,0,0,0,0,7.91,O=C(NCCC(N(=O)=O)(N(=O)=O)N(=O)=O)C(=O)NCCC(N(=O)=O)(N(=O)=O)N(=O)=O
0,0,0,0,0,0,0,1,0,0,0,0,3,0,0,1,0,0,0,0,0,0,0,0,1,0,0,2,0,0,0,0,2,0,0,1,0,0,0,1,0,0,0,0,0,0,0,0,0,0,0,0,0,1,4,0,0,1,0,0,0,0,0,0,0,0,0,0,0,0,0,0,0,0,0,0,1,0,1,0,0,0,0,3,0,0,0,0,0,0,0,0,0,0,0,6,0,0,0,0,0,0,0,0,0,1,0,0,0,5,1,0,0,0,5,0,0,1,0,0,0,2,0,0,0,0,5,0,0,0,2,0,0,2,0,0,1,0,0,0,0,1,0,0,0,0,0,5,0,0,0,0,0,0,0,0,0,0,0,0,0,7.75,c1c(cc(c(c1C(=O)OCC(N(=O)=O)(N(=O)=O)N(=O)=O)O)N(=O)=O)N(=O)=O
0,0,0,0,0,0,0,2,0,0,0,0,3,0,0,1,0,0,0,0,1,0,0,0,1,0,0,0,0,0,0,0,0,0,0,1,0,0,0,0,0,0,1,0,0,0,0,0,0,0,0,0,0,0,0,0,0,0,0,0,0,0,0,0,0,0,0,0,0,0,0,0,0,0,0,0,0,0,0,0,0,0,0,3,0,1,0,0,0,0,0,0,0,0,0,4,0,0,1,0,0,0,0,0,0,0,0,0,0,3,0,0,0,0,3,0,0,0,0,0,0,1,0,0,0,0,3,0,0,0,0,0,0,0,0,0,1,0,0,0,0,1,0,0,0,0,0,3,0,0,0,0,0,0,0,0,0,0,0,0,0,7.814,O=C(N)CCC(N(=O)=O)(N(=O)=O)N(=O)=O
0,0,0,0,0,0,0,4,0,0,0,0,6,0,0,2,0,0,0,0,0,0,0,0,0,0,0,0,0,0,0,0,0,0,0,2,0,0,0,0,0,0,2,0,0,0,0,0,0,0,0,0,0,0,0,0,0,0,0,0,0,0,0,0,0,0,0,0,0,0,0,0,0,0,0,0,0,0,0,0,0,0,0,6,0,2,0,0,0,0,0,0,0,0,0,7,0,0,2,0,0,0,0,0,0,0,0,0,0,6,0,0,0,0,6,0,0,0,0,0,0,1,0,0,0,0,6,0,0,0,0,0,0,0,0,0,1,0,0,0,0,2,0,0,0,0,0,6,0,0,0,0,0,0,0,2,0,0,0,0,0,8.167,O=C(CCC(N(=O)=O)(N(=O)=O)N(=O)=O)CCC(N(=O)=O)(N(=O)=O)N(=O)=O
0,0,1,0,0,0,0,2,0,0,0,0,3,0,0,1,0,0,0,0,0,0,0,0,0,0,0,0,0,0,0,0,0,0,0,0,0,0,0,0,0,1,0,0,0,0,0,0,0,0,0,0,0,0,0,0,0,0,0,0,0,0,0,0,0,0,0,0,0,0,0,0,0,0,0,0,0,0,0,0,0,0,0,3,0,0,0,0,0,0,1,0,0,0,0,4,0,0,0,0,0,0,0,0,0,0,0,0,0,4,0,0,0,0,4,0,0,0,0,0,0,0,0,0,1,0,4,0,0,0,0,0,0,0,0,0,0,0,0,0,0,1,0,0,0,0,0,4,0,0,0,0,0,0,0,0,0,0,0,0,0,8.168,N(=O)(=O)C(N(=O)=O)(N(=O)=O)C[C@@H](N(=O)=O)C
0,0,0,0,0,0,0,8,0,0,0,0,12,0,0,5,0,0,0,0,0,0,0,0,2,0,0,0,0,0,0,0,0,0,0,2,0,0,0,0,0,0,2,0,0,0,0,0,0,0,0,0,0,0,0,2,2,0,0,0,0,0,0,0,0,0,0,0,0,0,0,0,0,2,0,0,2,0,2,0,0,0,0,8,0,2,0,0,0,0,0,0,0,0,0,14,0,0,0,0,0,2,0,0,0,2,0,0,0,12,0,0,0,0,12,0,0,0,0,0,0,2,0,0,0,0,12,0,0,0,0,3,0,0,0,0,2,0,0,0,0,2,0,0,0,0,0,12,0,0,0,0,0,0,0,0,0,0,0,0,0,8.124,C(C(N(=O)=O)(N(=O)=O)N(=O)=O)OC(=O)CCC(CC(CC(CCC(=O)OCC(N(=O)=O)(N(=O)=O)N(=O)=O)(N(=O)=O)N(=O)=O)(N(=O)=O)N(=O)=O)(N(=O)=O)N(=O)=O
0,0,0,0,0,0,0,1,0,0,0,0,3,0,0,1,0,0,0,0,0,0,0,0,0,0,0,2,0,0,0,0,1,0,0,0,0,0,0,1,0,0,0,0,0,0,0,0,0,0,0,0,0,1,3,0,0,0,0,0,0,0,0,0,0,0,0,0,0,0,0,0,0,0,1,0,0,0,0,0,0,0,0,3,0,0,0,0,0,0,0,0,0,0,0,5,0,0,0,0,0,0,0,0,0,0,0,0,0,5,1,0,0,2,5,0,0,1,0,0,0,0,0,0,0,0,5,0,0,0,3,0,0,1,0,0,0,0,0,1,0,1,0,0,0,0,0,5,0,0,0,0,0,0,0,0,0,0,0,0,0,7.777,c1cc(c(cc1N(=O)=O)N(=O)=O)CC(N(=O)=O)(N(=O)=O)N(=O)=O
0,0,0,0,0,0,0,2,0,0,0,0,3,0,0,1,0,0,0,0,0,0,0,0,0,0,0,2,0,0,0,0,1,0,0,0,0,0,0,1,0,0,1,0,0,0,0,0,0,0,0,0,0,2,3,0,0,0,0,0,0,0,0,0,0,0,0,0,0,0,0,0,0,0,1,0,0,0,0,0,0,0,0,3,0,0,0,0,0,0,0,0,0,0,0,5,0,0,1,0,0,0,0,0,0,0,0,0,0,5,1,0,0,2,5,0,0,1,0,0,0,0,0,0,0,0,5,0,0,0,3,0,0,1,0,0,0,0,0,1,0,1,0,0,0,0,0,5,0,0,0,0,0,0,0,0,0,0,0,0,0,7.44,c1cc(c(cc1N(=O)=O)N(=O)=O)CCC(N(=O)=O)(N(=O)=O)N(=O)=O
0,0,0,0,0,0,0,4,0,0,0,0,6,0,0,2,0,0,0,0,0,0,0,0,2,0,0,0,0,0,0,0,0,0,0,2,0,0,0,0,0,0,0,0,0,0,0,0,0,0,0,0,0,0,0,2,2,0,0,0,0,0,0,0,0,0,0,0,0,0,0,0,0,0,0,0,2,0,2,0,0,0,0,6,0,2,0,0,0,0,0,0,0,0,0,8,0,0,0,0,0,2,0,0,0,2,0,0,0,6,0,0,0,0,6,0,0,0,0,0,0,2,0,0,0,0,6,0,0,0,0,0,0,0,0,0,2,0,0,0,0,2,0,0,0,0,0,6,0,0,0,0,0,0,0,0,0,0,0,0,0,8.064,C(CC(=O)OCC(N(=O)=O)(N(=O)=O)N(=O)=O)C(=O)OCC(N(=O)=O)(N(=O)=O)N(=O)=O
0,0,0,0,0,0,0,4,0,0,0,0,6,0,0,2,0,0,0,0,0,0,0,0,0,0,0,0,0,0,0,0,0,0,0,2,0,0,0,0,0,0,2,0,0,0,0,0,0,0,0,0,0,0,0,0,2,0,0,0,0,0,0,0,0,0,0,0,0,0,0,0,0,2,0,0,0,0,0,0,0,0,0,6,0,2,0,0,0,0,0,0,0,0,0,8,0,0,2,0,0,0,0,0,0,1,0,0,0,6,0,0,0,0,6,0,0,0,0,0,0,2,0,0,0,0,6,0,0,1,0,0,0,0,0,0,2,0,0,0,0,2,0,0,0,0,0,6,0,0,0,0,0,0,0,0,0,0,0,0,0,7.989,O(C(=O)CCC(N(=O)=O)(N(=O)=O)N(=O)=O)C(=O)CCC(N(=O)=O)(N(=O)=O)N(=O)=O
0,0,0,2,0,0,0,2,0,0,0,0,3,0,0,1,1,0,2,0,0,0,0,0,0,0,0,0,0,0,0,0,0,4,0,0,0,0,0,0,0,0,1,0,0,0,0,0,0,0,0,0,0,0,0,0,0,0,0,0,0,0,0,0,0,0,0,0,0,0,0,0,0,0,0,0,0,0,0,0,0,0,0,3,0,0,0,0,0,0,0,0,2,0,0,7,0,0,1,0,0,0,0,0,0,0,0,0,0,7,0,0,0,0,7,0,0,0,0,0,0,0,0,0,0,0,7,0,0,0,0,0,0,0,0,0,0,0,0,0,3,1,0,0,0,0,1,7,0,0,0,0,0,0,0,0,0,4,0,0,0,8.317,N1(CC(CC(C1)(N(=O)=O)N(=O)=O)(N(=O)=O)N(=O)=O)CCC(N(=O)=O)(N(=O)=O)N(=O)=O
0,0,2,0,0,0,0,2,0,0,0,0,6,0,0,3,0,0,0,0,0,0,0,0,0,0,0,0,0,0,0,0,0,0,0,0,0,0,0,0,0,0,0,0,0,0,0,0,0,0,0,0,0,4,0,0,0,0,0,0,0,0,0,2,0,0,0,0,0,0,0,0,0,0,0,0,0,0,0,0,0,0,0,0,0,0,0,0,0,0,0,0,0,0,0,6,0,0,0,0,0,0,0,0,0,0,0,0,0,6,0,0,0,0,6,0,0,0,0,0,0,0,2,0,0,0,6,0,0,0,0,1,0,0,0,0,0,0,0,0,0,0,0,0,0,0,0,6,0,0,0,0,0,0,0,0,0,0,0,0,0,7.95,CC(N(=O)=O)(CC(N(=O)=O)(CC(N(=O)=O)(C)N(=O)=O)N(=O)=O)N(=O)=O
0,0,1,0,0,0,0,1,0,0,0,0,3,0,0,1,0,1,0,0,0,0,0,0,1,0,0,0,0,0,0,0,0,0,0,1,0,0,1,0,0,0,0,0,0,0,0,0,0,0,0,0,0,0,0,0,0,0,0,0,0,0,0,0,0,0,0,0,0,0,0,0,0,1,0,0,1,0,1,0,0,0,0,3,0,0,0,0,0,0,0,0,0,0,0,4,0,0,0,0,0,0,0,0,0,2,0,0,0,3,0,0,0,0,3,0,0,0,0,0,0,1,0,0,0,0,3,0,1,0,0,0,0,0,0,0,1,0,0,0,0,1,0,0,0,0,0,3,0,0,0,0,0,0,0,0,0,0,0,0,0,7.881,O=C(OC)OCC(N(=O)=O)(N(=O)=O)N(=O)=O
0,0,0,0,0,0,0,3,0,0,0,0,6,0,0,2,0,2,0,0,0,0,0,0,2,0,0,0,0,0,0,2,0,0,0,2,0,0,0,0,0,0,0,0,0,0,0,0,0,0,0,0,0,0,0,0,0,0,0,0,0,0,0,0,0,0,0,0,0,0,0,0,0,0,0,0,2,0,2,0,0,0,0,6,0,0,0,0,0,0,0,0,0,0,0,8,0,0,0,0,0,0,0,0,0,2,0,0,0,6,0,0,0,0,6,0,0,0,0,0,0,2,0,0,0,0,6,0,0,0,0,0,0,0,0,0,2,0,0,2,0,2,0,0,0,0,0,6,0,0,0,0,0,0,1,0,0,0,0,0,0,8.229,C(NC(=O)OCC(N(=O)=O)(N(=O)=O)N(=O)=O)NC(=O)OCC(N(=O)=O)(N(=O)=O)N(=O)=O
0,0,0,0,0,0,0,2,0,0,0,0,6,0,0,2,0,3,0,0,0,0,0,0,0,0,0,0,0,0,0,2,0,0,0,0,0,0,0,0,0,0,0,0,0,0,0,0,0,0,0,0,0,1,0,0,0,0,0,0,0,0,0,0,0,0,0,0,0,0,0,0,0,0,0,0,0,0,0,0,0,0,0,6,0,0,0,0,0,0,0,0,0,0,0,8,0,0,0,0,0,0,0,0,0,0,2,0,0,6,0,0,0,0,6,0,0,0,0,0,0,2,0,0,0,0,6,0,0,0,0,0,0,0,0,0,2,0,0,2,0,2,0,0,2,0,0,6,0,0,0,0,0,0,0,0,0,0,0,0,0,8.484,N(C(=O)NCC(N(=O)=O)(N(=O)=O)N(=O)=O)C(=O)NCC(N(=O)=O)(N(=O)=O)N(=O)=O
0,0,0,0,0,0,0,0,0,0,0,0,3,0,0,1,0,0,0,0,0,0,0,0,0,0,0,3,0,0,0,0,2,0,0,0,0,0,0,1,0,0,0,0,0,0,0,0,0,0,0,0,0,2,4,0,0,1,0,0,0,0,0,0,0,0,0,0,0,0,0,0,0,0,0,0,0,0,0,0,1,0,0,0,0,0,0,0,0,0,0,1,0,0,0,7,0,0,0,0,0,0,0,0,0,1,0,0,0,6,2,0,0,0,6,0,0,1,0,0,0,1,0,0,0,0,6,0,0,0,2,0,0,2,0,0,1,0,0,0,0,0,0,0,0,0,0,6,0,0,0,0,0,0,0,0,0,0,0,0,0,8.412,c1c(c(c(cc1N(=O)=O)N(=O)=O)C(=O)OC(N(=O)=O)(N(=O)=O)N(=O)=O)N(=O)=O
0,0,0,0,0,0,0,1,0,0,0,0,3,0,0,1,0,0,0,0,0,0,0,0,1,0,0,3,0,0,0,0,2,0,0,1,0,0,0,1,0,0,0,0,0,0,0,0,0,0,0,0,0,2,4,0,0,1,0,0,0,0,0,0,0,0,0,0,0,0,0,0,0,0,0,0,1,0,1,0,0,0,0,3,0,0,0,0,0,0,0,1,0,0,0,7,0,0,0,0,0,0,0,0,0,1,0,0,0,6,2,0,0,0,6,0,0,1,0,0,0,1,0,0,0,0,6,0,0,0,2,0,0,2,0,0,1,0,0,0,0,1,0,0,0,0,0,6,0,0,0,0,0,0,0,0,0,0,0,0,0,8.062,c1(cc(cc(c1C(=O)OCC(N(=O)=O)(N(=O)=O)N(=O)=O)N(=O)=O)N(=O)=O)N(=O)=O
0,0,0,0,0,0,0,4,0,0,0,2,6,0,0,2,0,2,0,0,0,0,0,0,0,0,0,0,0,0,0,2,0,0,0,0,0,0,0,0,0,0,2,0,0,0,0,0,0,0,0,0,0,0,0,0,0,0,0,0,0,0,0,0,0,0,0,0,0,0,0,0,0,0,0,0,0,0,0,0,0,0,0,6,0,0,0,0,0,0,0,0,0,0,0,7,0,0,2,0,2,0,0,0,0,0,0,0,0,6,0,0,0,0,6,0,0,0,0,0,0,1,0,0,0,0,6,0,0,0,0,0,0,0,0,0,1,0,0,0,0,2,0,0,0,0,0,6,0,0,0,0,0,0,0,0,0,0,0,0,0,8.09,O=C(NCCC(N(=O)=O)(N(=O)=O)N(=O)=O)NCCC(N(=O)=O)(N(=O)=O)N(=O)=O
0,0,0,0,0,0,0,2,0,0,0,0,3,0,0,1,0,0,0,0,0,0,0,0,0,0,0,3,0,0,0,0,2,0,0,0,0,0,0,1,0,0,1,0,0,0,0,0,0,0,0,0,0,2,4,0,0,1,0,0,0,0,0,0,0,0,0,0,0,0,0,0,0,0,0,0,0,0,0,0,0,0,0,3,0,0,0,0,0,0,0,0,0,0,0,6,0,0,1,0,0,0,0,0,0,0,0,0,0,6,2,0,0,0,6,0,0,1,0,0,0,0,0,0,0,0,6,0,0,0,2,0,0,2,0,0,0,0,0,0,0,1,0,0,0,0,0,6,0,0,0,0,0,0,0,0,0,0,0,0,0,7.904,c1c(cc(c(c1N(=O)=O)CCC(N(=O)=O)(N(=O)=O)N(=O)=O)N(=O)=O)N(=O)=O
0,0,2,0,0,0,0,0,0,0,0,0,6,0,0,2,0,2,0,0,0,0,0,0,0,0,0,0,0,0,0,0,0,0,0,0,0,0,0,0,0,2,0,0,0,0,0,0,0,0,0,0,0,0,0,0,0,0,0,0,0,0,0,0,0,0,0,0,0,0,0,0,0,0,0,0,0,0,0,0,0,0,0,0,0,0,0,0,0,0,0,0,0,0,0,7,0,0,0,0,0,0,0,0,0,0,0,0,0,6,0,0,0,0,6,0,0,0,0,0,0,1,0,0,0,0,6,0,0,0,0,0,0,0,0,0,1,0,0,0,0,0,0,0,0,0,0,6,0,0,0,0,0,0,0,0,0,0,0,0,0,8.046,C(=O)(NC(C(N(=O)=O)(N(=O)=O)N(=O)=O)C)NC(C(N(=O)=O)(N(=O)=O)N(=O)=O)C
0,0,0,2,0,0,0,1,0,0,0,0,3,0,0,1,0,0,2,0,0,0,0,0,0,0,0,0,0,0,0,0,0,4,0,0,0,0,0,0,0,0,0,0,0,0,0,0,0,0,0,0,0,0,0,0,0,0,0,0,0,0,0,0,0,0,0,0,0,0,0,0,0,0,0,0,0,0,0,0,0,0,0,3,0,0,0,0,0,0,0,0,2,0,0,7,0,0,0,0,0,0,0,0,0,0,0,0,0,7,0,0,0,0,7,0,0,0,0,0,0,1,0,0,0,0,7,0,0,0,0,0,0,0,0,0,0,0,0,0,3,1,0,0,0,0,1,7,0,0,0,0,0,0,0,0,0,4,0,0,0,8.614,N1(CC(CC(C1)(N(=O)=O)N(=O)=O)(N(=O)=O)N(=O)=O)CC(N(=O)=O)(N(=O)=O)N(=O)=O
0,0,0,0,0,0,0,3,0,0,0,0,6,0,0,2,0,0,0,0,0,0,0,0,1,0,0,0,0,0,0,0,0,0,0,2,0,0,0,0,0,0,1,0,0,0,0,0,0,0,0,0,0,0,0,1,1,0,0,0,0,0,0,0,0,0,0,0,0,0,0,0,0,1,0,0,1,0,1,0,0,0,0,6,0,1,0,0,0,0,0,0,0,0,0,7,0,0,1,0,0,1,0,0,0,1,0,0,0,6,0,0,0,0,6,0,0,0,0,0,0,1,0,0,0,0,6,0,0,0,0,0,0,0,0,0,1,0,0,0,0,2,0,0,0,0,0,6,0,0,0,0,0,0,0,0,0,0,0,0,0,8.484,C(=O)(OCC(N(=O)=O)(N(=O)=O)N(=O)=O)CCC(N(=O)=O)(N(=O)=O)N(=O)=O
0,0,0,0,0,0,0,3,0,0,0,0,6,0,0,2,0,1,0,0,0,0,0,0,0,0,0,0,0,0,0,1,0,0,0,1,0,0,0,0,0,0,1,0,0,0,0,0,0,0,0,0,0,0,0,0,0,0,0,0,0,0,0,0,0,0,0,0,0,0,0,0,0,0,0,0,0,0,0,0,0,0,0,6,0,1,0,0,0,0,0,0,0,0,0,7,0,0,1,0,0,0,0,0,0,0,0,0,0,6,0,0,0,0,6,0,0,0,0,0,0,1,0,0,0,0,6,0,0,0,0,0,0,0,0,0,1,0,0,1,0,2,0,0,1,0,0,6,0,0,0,0,0,0,0,0,0,0,0,0,0,8.43,O=C(CCC(N(=O)=O)(N(=O)=O)N(=O)=O)NCC(N(=O)=O)(N(=O)=O)N(=O)=O
0,0,0,0,0,0,0,1,0,0,0,0,3,0,0,1,0,0,0,0,1,0,0,0,2,0,0,0,0,0,0,0,0,0,0,1,0,0,0,0,0,0,0,0,0,0,0,0,0,0,0,0,0,0,0,0,0,0,0,0,0,0,0,0,0,0,1,0,0,0,0,0,0,0,0,0,2,0,1,0,0,0,0,3,0,0,0,0,0,0,0,0,0,0,0,4,0,0,0,0,0,0,0,0,0,1,0,0,0,3,0,0,0,0,3,0,0,0,0,0,0,1,0,0,0,0,3,0,0,0,0,0,0,0,0,0,1,0,0,0,0,1,0,0,0,0,0,3,0,0,0,0,0,0,0,0,0,0,0,0,0,8.418,O(C(=O)N)CC(N(=O)=O)(N(=O)=O)N(=O)=O
0,0,0,0,0,0,0,2,0,0,0,0,6,0,0,2,0,2,0,0,0,0,0,0,0,0,0,0,0,0,0,2,0,0,0,0,0,0,0,0,0,0,0,0,0,0,0,0,0,0,0,0,0,0,0,0,0,0,0,0,0,0,0,0,0,0,0,0,0,0,0,0,0,0,0,0,0,0,0,0,0,0,0,6,0,0,0,0,0,0,0,0,0,0,0,7,0,0,0,0,0,0,0,0,0,0,2,0,0,6,0,0,0,0,6,0,0,0,0,0,0,1,0,0,0,0,6,0,0,0,0,0,0,0,0,0,1,0,0,2,0,2,0,0,2,0,0,6,0,0,0,0,0,0,0,0,0,0,0,0,0,8.736,O=C(NCC(N(=O)=O)(N(=O)=O)N(=O)=O)NCC(N(=O)=O)(N(=O)=O)N(=O)=O
0,0,0,0,0,0,0,3,0,0,0,0,6,0,0,2,0,0,0,0,0,0,0,0,0,0,0,0,0,0,0,0,0,0,0,2,0,0,0,0,0,0,0,0,0,0,0,0,0,0,0,0,0,0,0,0,0,0,0,0,0,0,0,0,0,0,0,0,0,0,0,0,0,0,0,0,2,0,0,0,0,0,0,6,0,0,0,0,0,0,0,0,0,0,0,6,0,0,0,0,0,0,0,0,0,2,0,0,0,6,0,0,0,0,6,0,0,0,0,0,0,0,0,0,0,0,6,0,0,0,0,0,0,0,0,0,0,0,0,0,0,2,0,0,0,1,0,6,0,0,0,0,0,0,0,0,0,0,0,0,0,8.576,C(OCC(N(=O)=O)(N(=O)=O)N(=O)=O)OCC(N(=O)=O)(N(=O)=O)N(=O)=O
0,0,0,0,0,0,0,2,0,0,0,0,6,0,0,2,0,0,0,0,0,0,0,0,0,0,0,0,0,0,0,0,0,0,0,0,0,0,0,0,0,0,0,0,0,0,0,0,0,0,0,0,0,0,0,0,0,0,0,0,0,0,0,0,0,0,0,0,0,0,0,0,0,0,0,0,0,0,0,0,0,0,0,6,0,0,0,2,0,0,0,0,0,0,0,6,0,0,0,0,0,0,0,0,2,0,0,0,0,6,0,0,0,0,6,0,0,0,0,0,0,0,0,0,0,0,6,0,0,0,0,0,0,0,0,0,0,0,0,0,0,2,0,0,0,0,0,6,0,0,0,0,0,0,0,0,0,0,2,0,0,8.473,C(C/C=C/CC(N(=O)=O)(N(=O)=O)N(=O)=O)(N(=O)=O)(N(=O)=O)N(=O)=O
0,0,0,0,0,0,0,2,0,0,0,0,6,0,0,2,0,0,0,0,0,0,0,0,2,0,0,0,0,1,0,0,0,0,0,2,0,0,1,0,0,0,0,0,0,0,0,0,0,0,0,0,0,0,0,0,0,0,0,0,0,0,0,0,0,0,0,0,0,0,0,0,0,2,0,0,2,0,2,0,0,0,0,6,0,0,0,0,0,0,0,0,0,0,0,7,0,0,0,0,0,0,0,0,0,2,0,0,0,6,0,0,0,0,6,0,0,0,0,0,0,1,0,0,0,0,6,0,0,0,0,0,0,0,0,0,1,0,0,0,0,2,0,0,0,0,0,6,0,0,0,0,0,0,0,0,0,0,0,0,0,8.143,O=C(OCC(N(=O)=O)(N(=O)=O)N(=O)=O)OCC(N(=O)=O)(N(=O)=O)N(=O)=O
0,0,0,0,0,0,0,2,0,0,0,0,6,0,0,2,0,0,0,0,0,0,0,0,2,0,0,0,0,0,0,0,0,0,0,2,0,0,0,0,0,0,0,0,0,2,0,0,0,0,0,0,0,0,0,0,0,0,0,0,0,0,0,0,0,0,0,0,0,0,0,0,0,0,0,0,2,0,2,0,0,0,0,6,0,0,0,0,0,0,2,0,0,0,0,8,0,0,0,0,0,0,0,0,0,2,0,0,0,6,0,0,0,0,6,0,0,0,0,0,0,2,0,0,0,0,6,0,0,0,0,0,0,0,0,0,2,0,0,0,0,2,2,0,0,0,0,6,0,0,0,0,0,0,0,0,0,0,0,0,0,8.203,O=C(OCC(N(=O)=O)(N(=O)=O)N(=O)=O)C(=O)OCC(N(=O)=O)(N(=O)=O)N(=O)=O
0,0,1,0,0,1,0,2,0,0,0,0,5,0,0,2,0,0,0,0,0,0,0,0,2,0,0,0,0,1,0,0,0,0,0,1,0,0,1,0,0,0,0,0,0,0,0,0,0,0,0,0,0,2,0,0,0,0,0,0,0,0,0,1,0,0,0,0,0,0,0,0,0,2,0,0,2,0,1,0,0,0,0,3,0,0,0,0,0,0,0,0,0,0,0,6,0,0,0,0,0,0,0,0,0,2,0,0,0,5,0,0,0,0,5,0,0,0,0,0,0,1,1,0,0,0,5,0,0,0,0,0,0,0,0,0,1,0,0,0,0,1,0,0,0,0,0,5,0,0,0,0,0,0,0,1,0,0,0,0,0,8.065,O=C(OCC(N(=O)=O)(N(=O)=O)N(=O)=O)OCC(N(=O)=O)(N(=O)=O)C
0,0,0,0,0,0,0,2,0,0,0,0,6,0,0,2,0,0,0,0,0,0,0,0,2,0,0,0,0,0,0,0,0,0,0,2,0,0,0,0,0,0,0,0,0,0,0,0,0,0,0,0,0,0,0,0,0,0,0,0,0,0,0,0,0,0,0,0,0,0,0,0,0,0,0,0,2,0,2,0,0,0,0,6,0,0,0,0,0,0,0,0,0,0,0,8,0,0,0,0,0,0,0,0,2,2,0,0,0,6,0,0,0,0,6,0,0,0,0,0,0,2,0,0,0,0,6,0,0,0,0,0,0,0,0,0,2,0,0,0,0,2,0,0,0,0,0,6,0,0,0,0,0,0,0,0,0,0,0,0,0,8.133,C(=C\C(=O)OCC(N(=O)=O)(N(=O)=O)N(=O)=O)/C(=O)OCC(N(=O)=O)(N(=O)=O)N(=O)=O
0,0,0,0,0,0,0,2,0,0,0,0,6,0,0,2,0,2,0,0,0,0,0,0,0,0,0,0,0,0,2,2,0,0,0,0,0,0,0,0,0,0,0,0,0,0,0,0,0,0,0,0,0,0,0,0,0,0,0,0,0,0,0,0,0,2,0,0,0,0,0,0,0,0,0,0,0,0,0,0,0,0,0,6,0,0,0,0,0,0,0,0,0,0,0,8,0,0,0,0,0,0,0,0,0,0,0,0,0,6,0,0,0,0,6,0,0,0,0,0,0,2,0,0,0,0,6,0,0,0,0,0,0,0,0,0,2,0,0,2,0,2,0,0,2,0,0,6,0,0,0,0,0,0,0,0,0,0,0,0,0,8.527,O=C(NCC(N(=O)=O)(N(=O)=O)N(=O)=O)C(=O)NCC(N(=O)=O)(N(=O)=O)N(=O)=O
0,0,0,0,0,0,0,1,0,0,0,0,3,0,0,1,0,0,0,0,0,0,0,0,0,0,0,3,0,0,0,0,2,0,0,0,0,0,0,1,0,0,0,0,0,0,0,0,0,0,0,0,0,2,4,0,0,1,0,0,0,0,0,0,0,0,0,0,0,0,0,0,0,0,0,0,0,0,0,0,0,0,0,3,0,0,0,0,0,0,0,0,0,0,0,6,0,0,0,0,0,0,0,0,0,0,0,0,0,6,2,0,0,0,6,0,0,1,0,0,1,0,0,0,0,0,6,0,0,0,2,0,0,2,0,0,0,0,0,0,0,1,0,0,0,0,0,6,0,0,0,0,0,0,0,0,0,0,0,0,0,8.242,N(=O)(=O)c1c(c(cc(c1)N(=O)=O)N(=O)=O)CC(N(=O)=O)(N(=O)=O)N(=O)=O
0,0,0,0,0,0,0,1,0,0,0,0,6,2,0,2,0,2,0,0,0,0,0,0,0,0,2,0,0,0,0,2,0,0,0,0,0,0,0,0,0,0,0,0,0,0,0,0,0,0,0,0,0,0,0,0,0,0,0,0,0,0,0,0,0,0,0,0,0,0,0,0,0,0,0,0,0,0,0,0,0,0,0,0,0,0,0,0,0,0,0,0,0,0,0,8,0,0,0,0,0,0,0,0,0,0,0,0,0,6,0,0,0,0,6,0,0,0,0,0,0,2,0,0,0,0,6,0,0,0,0,0,0,0,0,0,2,0,0,0,0,0,0,0,0,0,0,6,0,0,0,0,0,0,1,0,0,0,0,0,0,8.503,C(NC(=O)C(N(=O)=O)(N(=O)=O)N(=O)=O)NC(=O)C(N(=O)=O)(N(=O)=O)N(=O)=O
0,0,0,0,0,0,0,3,0,0,0,0,6,0,0,2,0,0,0,0,0,0,0,0,0,0,0,0,0,0,0,0,0,0,0,0,0,0,0,0,0,0,0,0,0,0,0,0,0,1,0,0,0,0,0,0,0,0,0,0,0,0,0,0,0,0,0,0,0,0,0,0,0,0,0,0,0,0,0,0,0,0,0,6,0,0,0,0,0,0,0,0,0,0,0,7,0,0,0,0,0,0,0,0,0,0,0,0,0,7,0,0,0,0,7,0,0,0,0,0,0,0,0,0,2,0,7,0,0,0,0,0,0,0,0,0,0,0,0,0,0,2,0,0,0,0,0,7,2,0,0,0,0,0,0,0,0,0,0,0,0,8.723,N(=O)(=O)C(N(=O)=O)(N(=O)=O)CC(N(=O)=O)CC(N(=O)=O)(N(=O)=O)N(=O)=O
0,0,0,0,0,0,0,2,0,0,0,0,6,0,0,2,0,0,0,0,0,0,0,0,0,0,2,0,0,0,0,0,0,0,0,0,0,0,0,0,0,0,0,0,0,0,0,0,0,0,0,0,0,0,0,0,0,0,0,0,0,0,0,0,0,0,0,0,0,0,0,0,0,0,0,0,0,0,0,0,0,0,0,6,0,0,0,0,0,0,0,0,0,0,0,6,0,0,0,0,0,0,0,0,0,2,0,0,0,6,0,0,0,0,6,0,0,0,0,0,0,0,0,0,2,0,6,0,0,0,0,0,0,0,0,0,0,0,0,0,0,2,0,0,0,0,0,6,0,0,0,0,0,0,0,0,0,0,0,0,0,8.66,C(CC#CCC(N(=O)=O)(N(=O)=O)N(=O)=O)(N(=O)=O)(N(=O)=O)N(=O)=O
0,0,0,0,0,0,0,3,0,0,0,0,9,0,0,3,0,0,0,1,0,0,0,0,0,0,0,0,0,0,0,0,0,0,0,3,0,0,0,0,0,0,0,0,0,0,0,0,0,0,0,0,0,0,0,0,0,0,0,0,0,0,0,0,0,0,0,0,0,0,0,0,0,0,0,0,3,0,0,0,0,0,0,9,0,0,0,0,0,0,0,0,0,0,0,9,0,0,0,0,0,0,0,0,0,3,0,0,0,9,0,0,0,0,9,0,0,0,0,0,0,0,0,0,0,0,9,0,0,0,0,0,0,0,0,0,0,0,0,0,0,3,0,0,0,0,0,9,0,0,0,0,0,0,0,0,0,0,0,0,0,8.421,O(C(OCC(N(=O)=O)(N(=O)=O)N(=O)=O)OCC(N(=O)=O)(N(=O)=O)N(=O)=O)CC(N(=O)=O)(N(=O)=O)N(=O)=O
0,0,0,0,0,0,0,4,0,0,0,0,12,0,0,5,0,0,0,0,0,0,0,0,0,0,0,0,0,0,0,0,0,0,0,4,0,0,0,0,0,0,0,0,0,0,0,0,0,0,0,0,0,0,0,0,0,0,0,0,0,0,0,0,0,0,0,0,0,0,0,0,0,0,0,0,4,0,0,0,0,0,0,12,0,0,0,0,0,0,0,0,0,0,0,12,0,0,0,0,0,0,0,0,0,4,0,0,0,12,0,0,0,0,12,0,0,0,0,0,0,0,0,0,0,0,12,0,0,0,0,0,0,0,0,0,0,0,0,0,0,4,0,0,0,0,0,12,0,0,0,0,0,0,0,0,0,0,0,0,0,8.339,O(C(OCC(N(=O)=O)(N(=O)=O)N(=O)=O)(OCC(N(=O)=O)(N(=O)=O)N(=O)=O)OCC(N(=O)=O)(N(=O)=O)N(=O)=O)CC(N(=O)=O)(N(=O)=O)N(=O)=O
0,0,0,0,0,0,0,3,0,0,0,0,9,0,0,3,0,0,0,0,0,0,0,0,2,0,0,0,0,0,0,0,0,0,0,3,0,0,0,0,0,0,0,0,0,0,0,0,0,0,0,0,0,0,0,0,0,0,0,0,0,0,0,0,0,0,0,0,0,0,0,0,0,0,0,0,3,0,1,0,0,0,0,9,0,0,0,0,0,0,0,0,0,0,0,10,0,0,0,0,0,0,0,0,0,3,0,0,0,9,0,0,0,0,9,0,0,0,0,0,0,1,0,0,0,0,9,0,0,0,0,0,0,0,0,0,1,0,0,0,0,3,0,0,0,0,0,9,0,0,0,0,0,0,0,0,0,0,0,0,0,8.427,O=C(C(OCC(N(=O)=O)(N(=O)=O)N(=O)=O)OCC(N(=O)=O)(N(=O)=O)N(=O)=O)OCC(N(=O)=O)(N(=O)=O)N(=O)=O
0,0,0,0,0,0,0,0,0,0,0,0,0,0,0,0,0,1,0,2,0,0,0,0,0,0,0,3,0,0,0,0,2,0,0,0,0,0,0,1,0,0,0,0,2,0,0,0,0,0,0,0,0,2,4,0,0,1,2,1,0,0,0,0,0,0,0,0,0,0,0,0,1,0,0,0,0,0,0,0,0,0,0,0,0,0,0,0,0,0,0,0,0,0,0,3,0,0,0,0,0,0,0,0,0,0,0,0,0,3,2,0,0,0,3,0,0,1,0,0,0,0,0,0,0,0,3,0,0,0,4,0,0,2,0,0,0,0,0,0,0,0,0,0,0,2,1,3,0,0,0,0,0,0,0,0,0,0,0,0,0,7.256,c1n(cnn1)Nc1c(cc(cc1N(=O)=O)N(=O)=O)N(=O)=O
0,2,0,0,0,0,0,0,0,1,0,0,0,0,0,0,0,0,0,0,0,0,0,0,0,0,0,4,0,0,0,0,2,1,0,0,0,0,0,1,0,0,0,0,0,1,0,0,0,0,0,0,0,2,6,0,0,1,1,0,0,0,0,0,0,0,0,0,1,0,0,0,0,0,0,0,0,0,0,0,0,0,0,0,0,0,0,0,0,0,0,0,0,0,0,5,0,0,0,0,0,0,0,0,0,0,0,0,0,4,2,0,1,0,4,0,0,1,0,0,0,0,0,0,0,0,4,0,0,1,3,0,0,2,0,0,0,0,0,0,0,0,0,0,0,0,0,4,0,0,0,0,0,0,1,0,0,1,0,0,0,7.343,c1nc([nH]c1c1c(cc(cc1N(=O)=O)N(=O)=O)N(=O)=O)N(=O)=O
0,0,0,0,0,0,0,0,0,2,0,0,0,0,0,0,0,0,0,0,0,0,0,0,0,0,0,1,0,0,0,0,0,1,0,0,0,0,0,0,1,0,0,0,0,0,0,0,1,0,0,0,0,0,2,0,0,0,1,0,0,0,0,0,0,0,0,0,0,0,0,0,0,0,0,0,0,0,0,0,0,0,0,0,0,0,0,0,0,0,0,0,0,0,0,3,0,0,0,0,0,0,0,0,0,0,0,0,0,1,0,0,0,0,1,0,0,0,0,0,0,0,0,0,0,0,1,0,0,0,0,0,0,0,0,0,0,0,0,0,0,0,0,1,0,0,0,1,0,0,0,0,0,0,0,0,2,0,0,0,0,7.961,[nH]1c(=O)[nH]nc1N(=O)=O
0,0,1,0,0,0,0,0,1,0,0,0,0,0,0,0,1,1,0,0,0,0,0,0,0,0,0,5,0,0,0,0,2,0,0,0,0,0,0,1,0,0,0,0,2,0,0,0,0,0,0,0,0,2,7,0,0,1,1,2,0,0,0,0,0,0,0,0,0,0,0,0,0,0,0,0,0,1,0,0,0,0,0,0,0,0,0,0,0,0,0,0,0,0,0,5,0,0,0,0,0,0,0,0,0,0,0,0,1,5,2,0,0,0,5,0,0,1,0,0,0,0,0,0,0,0,5,0,0,0,2,0,0,2,0,0,0,0,0,0,0,0,0,1,0,1,1,5,0,0,0,0,1,0,0,0,0,0,0,0,0,7.563,c1(c(c(n(n1)C)N(=O)=O)Nc1c(cc(cc1N(=O)=O)N(=O)=O)N(=O)=O)N(=O)=O
0,0,0,0,0,0,0,0,0,1,0,0,0,0,0,0,0,2,0,0,0,0,0,0,0,0,0,6,0,0,0,0,4,0,0,0,0,0,0,2,0,0,0,0,4,0,0,0,0,0,0,0,0,4,10,0,0,2,2,2,0,0,0,0,0,0,0,0,0,0,0,0,0,0,0,0,0,2,0,1,0,0,0,0,0,0,0,0,0,0,0,0,0,0,0,6,0,0,0,0,0,0,0,0,0,0,0,0,1,6,4,0,0,0,6,0,0,2,0,0,0,0,0,0,0,1,6,0,0,0,4,0,0,4,0,0,0,0,0,0,0,0,0,2,0,0,0,6,0,1,0,0,0,0,0,0,1,0,0,0,0,7.351,c1(nc([nH]n1)Nc1c(cc(cc1N(=O)=O)N(=O)=O)N(=O)=O)Nc1c(cc(cc1N(=O)=O)N(=O)=O)N(=O)=O
0,0,0,0,0,0,0,0,0,1,0,0,0,0,0,0,0,1,0,0,0,0,0,0,1,0,0,3,0,0,0,0,2,0,0,0,0,0,0,1,0,0,0,0,2,0,0,0,0,0,0,0,0,2,6,0,0,1,2,1,0,0,0,0,0,0,1,0,0,1,0,0,0,0,0,0,0,1,0,0,0,0,0,0,0,0,0,0,0,0,0,0,0,0,0,3,0,0,0,0,0,0,0,0,0,0,0,0,1,3,2,0,0,0,3,0,0,1,0,0,0,0,0,0,0,1,3,0,0,0,2,0,0,2,0,0,0,0,0,0,0,0,0,1,0,0,0,3,0,0,0,0,0,0,0,0,1,0,0,0,0,7.209,c1(nc([nH]n1)Nc1c(cc(cc1N(=O)=O)N(=O)=O)N(=O)=O)N
0,0,0,0,0,0,0,0,0,0,0,0,0,0,0,0,0,0,0,0,0,0,0,1,0,0,0,3,0,0,0,0,2,0,0,0,0,0,0,1,0,0,0,0,0,0,0,0,0,0,0,0,0,2,4,0,0,1,2,0,0,0,0,0,0,0,0,0,0,0,0,0,0,0,0,0,0,0,0,0,0,0,0,0,0,0,0,0,0,0,0,0,0,0,0,3,0,0,0,0,0,0,0,0,0,0,0,0,0,3,2,2,0,0,3,0,0,1,0,0,0,0,0,0,0,0,3,0,0,2,4,0,0,2,0,0,0,0,0,0,0,0,0,0,0,0,1,3,0,0,0,0,0,0,0,0,0,0,0,0,0,7.166,c1(cc(c(c(c1)N(=O)=O)n1nccn1)N(=O)=O)N(=O)=O
0,0,0,0,0,0,0,0,0,0,0,0,0,0,0,0,0,0,0,0,1,0,0,0,2,0,0,1,0,0,0,0,0,0,0,0,0,0,0,0,0,0,0,0,0,1,0,0,0,0,0,0,0,0,2,0,0,0,2,0,0,0,0,0,0,0,0,0,0,1,0,0,0,0,1,0,0,0,0,0,0,0,0,0,0,0,0,0,0,0,0,0,0,0,0,2,0,0,0,0,0,0,0,0,0,0,0,0,0,2,0,0,0,0,2,0,0,0,0,0,0,1,0,1,0,1,2,0,0,0,0,0,0,0,0,0,0,1,0,0,0,0,0,0,0,1,1,2,0,0,0,0,0,0,0,0,0,0,0,0,0,8.256,n1c(nn(c1N)/C(=N/N(=O)=O)/N)N(=O)=O
0,3,0,0,0,0,0,0,0,1,0,0,0,0,0,0,0,0,0,0,0,0,0,0,0,0,0,4,0,0,0,0,2,0,0,0,0,0,0,1,0,0,0,0,0,0,0,0,0,0,0,0,0,2,6,0,0,1,1,0,0,0,0,0,0,0,0,0,1,0,0,0,0,0,0,0,0,0,0,0,0,0,0,0,0,0,0,0,0,0,0,0,0,0,0,4,0,0,0,0,0,0,0,0,0,0,0,0,1,4,2,0,1,0,4,0,0,1,0,0,0,0,0,0,0,0,4,0,0,0,3,0,0,2,0,0,0,0,0,0,0,0,0,0,0,0,0,4,0,0,0,0,1,0,0,0,0,0,0,0,0,7.336,c1(nc[nH]c1c1c(cc(cc1N(=O)=O)N(=O)=O)N(=O)=O)N(=O)=O
0,0,0,0,0,0,0,0,0,0,0,0,0,0,0,0,0,0,0,0,0,0,0,0,1,0,0,2,0,0,0,0,0,0,0,0,0,0,0,0,0,0,0,0,0,0,0,0,0,0,0,1,0,0,2,0,0,0,1,0,0,0,0,0,0,0,0,0,0,0,0,0,0,0,0,0,0,0,0,0,0,0,0,1,0,0,0,0,0,0,0,0,0,0,0,2,0,0,0,0,0,0,0,0,0,0,0,0,0,2,0,0,0,0,2,0,0,0,0,0,1,0,0,0,0,0,2,0,0,0,1,0,0,1,0,0,0,0,0,0,0,0,0,0,0,1,1,2,0,0,0,1,0,0,0,0,0,0,0,0,0,8.423,c1c(nn(c1N(=O)=O)N)N(=O)=O
0,0,1,0,0,0,0,0,0,0,0,0,0,0,0,0,1,0,0,0,2,0,0,0,0,0,0,2,0,0,0,0,0,0,0,0,0,0,0,0,0,0,0,0,0,0,0,0,0,0,0,0,0,0,2,0,0,0,2,0,0,0,0,0,2,0,0,0,0,0,0,0,0,0,0,0,0,0,0,0,0,0,0,0,0,0,0,0,0,0,0,0,0,0,0,2,0,0,0,0,0,0,0,0,0,0,0,0,0,2,0,0,0,0,2,0,0,0,0,0,0,0,0,0,0,0,2,2,0,0,0,0,0,0,0,0,0,0,0,0,0,0,0,0,0,0,1,2,0,0,0,0,0,0,0,0,0,0,0,0,0,8.082,c1(n(c(nn1)N(=O)=O)C)N(=O)=O
0,0,1,0,0,0,0,0,1,0,0,0,0,0,0,0,1,0,0,0,0,0,0,0,0,0,0,2,0,0,0,0,0,0,0,0,0,0,0,0,0,0,0,0,0,1,0,0,0,0,0,0,0,0,2,0,0,0,2,0,0,0,0,0,1,0,0,0,0,0,0,0,0,0,0,0,0,0,0,0,0,0,0,0,0,0,0,0,0,0,0,0,0,0,0,2,0,0,0,0,0,0,0,0,0,0,0,0,0,2,0,0,0,0,2,0,0,0,0,0,0,0,0,1,0,1,2,1,0,0,0,0,0,0,0,0,0,1,0,0,0,0,0,0,0,1,1,2,0,0,0,0,0,0,0,0,0,0,0,0,0,7.991,n1(nc(nc1N(=O)=O)N(=O)=O)C
0,0,0,0,0,0,0,0,0,2,0,0,0,0,0,0,0,0,0,0,0,0,0,0,0,0,0,2,0,0,0,0,0,0,0,0,0,0,0,0,0,0,0,0,0,0,0,0,0,0,0,0,0,0,4,0,0,0,4,0,0,0,0,0,0,0,0,0,0,0,0,0,0,0,0,0,0,0,0,0,0,0,0,0,0,0,0,0,0,0,2,0,0,0,0,2,0,0,0,0,0,0,0,0,0,0,2,0,0,2,0,0,0,0,2,0,0,0,0,0,0,0,0,2,0,2,2,0,0,0,0,0,0,0,0,0,0,2,0,0,0,0,0,0,0,0,0,2,0,0,0,0,0,0,0,0,2,0,0,0,0,8.115,c1([nH]nc(n1)N(=O)=O)c1[nH]nc(n1)N(=O)=O
0,0,0,0,0,0,0,0,0,0,0,0,0,0,0,0,0,1,0,0,0,0,0,1,0,0,0,7,0,0,0,0,4,0,0,0,0,0,0,2,0,0,0,0,2,0,0,0,0,0,0,0,0,5,10,0,0,2,1,1,0,0,0,0,0,0,0,0,0,0,0,0,0,0,0,0,0,1,0,0,0,0,0,0,0,0,0,0,0,0,0,0,0,0,0,7,0,0,0,0,0,0,0,0,0,0,0,0,1,7,5,2,0,0,7,0,0,2,0,0,0,0,0,0,0,0,7,0,0,0,5,0,0,4,0,0,0,0,0,0,0,0,0,1,0,1,1,7,0,0,0,0,0,1,0,0,0,0,0,0,0,7.49,c1(c(cn(n1)c1c(cc(cc1N(=O)=O)N(=O)=O)N(=O)=O)N(=O)=O)Nc1c(cc(cc1N(=O)=O)N(=O)=O)N(=O)=O
0,0,0,0,0,0,0,0,0,0,0,0,0,0,0,0,0,0,0,0,0,0,2,2,0,0,0,8,0,0,0,0,4,0,0,0,0,0,0,2,0,0,0,0,0,0,0,0,0,0,0,0,0,4,12,0,0,2,4,0,0,0,0,0,2,0,0,0,2,0,0,0,0,0,0,0,0,0,0,0,0,0,0,0,0,0,0,0,0,0,0,0,0,0,0,8,0,0,0,0,0,0,0,0,0,0,0,0,0,8,4,4,0,0,8,0,0,2,0,0,0,0,0,0,0,2,8,2,0,0,4,0,0,4,0,0,0,0,0,0,0,0,0,0,0,2,2,8,0,0,0,0,0,0,0,0,0,0,0,0,0,7.831,c1(c2nc(n(n2)c2c(cc(cc2N(=O)=O)N(=O)=O)N(=O)=O)N(=O)=O)nc(n(n1)c1c(cc(cc1N(=O)=O)N(=O)=O)N(=O)=O)N(=O)=O
0,0,0,0,0,0,0,0,2,0,0,0,0,0,0,0,0,0,0,0,0,0,0,0,2,0,0,2,0,0,0,0,0,0,0,0,0,1,0,0,2,0,0,0,0,0,0,0,0,1,0,0,0,0,6,0,0,0,1,0,0,0,0,0,0,0,0,0,0,2,0,0,0,1,0,1,0,0,0,0,0,1,0,0,0,0,0,0,0,0,0,0,0,0,0,2,0,1,0,0,0,0,0,0,0,0,0,0,0,3,0,0,0,0,2,0,0,0,0,0,0,0,0,0,0,0,2,0,0,0,0,0,0,0,0,0,0,0,0,0,0,0,0,0,0,0,0,2,0,0,0,0,0,0,0,0,0,0,0,2,0,8.085,c1(c(c(c(c2c1no[n+]2[O-])N)N(=O)=O)N)N(=O)=O
0,0,0,0,0,0,0,0,0,0,0,0,0,0,0,0,0,1,0,0,0,0,0,0,1,0,0,3,0,0,0,0,2,0,1,0,0,0,0,1,0,0,0,0,2,0,0,0,0,0,0,0,0,2,6,0,0,1,2,1,0,0,0,0,0,0,0,0,0,1,0,0,0,0,0,0,0,1,0,0,0,2,0,0,0,0,0,0,0,0,0,0,0,0,0,3,0,1,0,0,0,0,0,0,0,0,0,0,1,3,2,0,0,0,3,0,0,1,0,0,0,0,0,0,0,0,3,0,0,0,2,0,1,2,0,0,0,0,0,0,0,0,0,1,0,0,0,3,0,0,0,0,0,0,0,0,0,0,0,0,0,7.513,o1nc(c(n1)Nc1c(cc(cc1N(=O)=O)N(=O)=O)N(=O)=O)N
0,2,1,0,0,0,0,0,1,0,0,0,0,0,0,0,1,0,0,0,0,0,0,0,0,0,0,5,0,0,0,0,2,0,0,0,0,0,0,1,0,0,0,0,0,0,0,0,0,0,0,0,0,2,7,0,0,1,1,0,0,0,0,0,0,0,0,0,0,0,0,0,0,0,0,0,0,0,0,0,0,0,0,0,0,0,0,0,0,0,0,0,0,0,0,5,0,0,0,0,0,0,0,0,0,0,0,0,1,5,2,0,2,0,5,0,0,1,0,0,0,0,0,0,0,0,5,0,0,0,2,0,0,2,0,0,0,0,0,0,0,0,0,0,0,1,1,5,0,0,0,0,1,0,0,0,0,0,0,0,0,7.555,c1c(cc(c(c1N(=O)=O)c1c(nn(c1N(=O)=O)C)N(=O)=O)N(=O)=O)N(=O)=O
0,0,0,0,0,0,0,0,0,0,0,0,0,0,0,1,0,0,0,0,0,0,0,1,0,0,0,4,0,0,0,0,2,0,0,0,0,0,0,2,0,0,0,0,0,0,0,0,0,0,0,0,0,2,5,0,0,1,1,0,0,0,0,0,0,0,0,0,0,0,0,0,0,0,0,0,0,0,0,0,1,0,0,0,0,0,0,0,0,0,0,0,0,0,0,4,0,0,0,0,0,0,0,0,0,0,0,0,0,4,2,2,0,0,4,0,0,2,0,0,0,0,0,0,0,0,4,0,0,0,4,0,0,2,0,0,0,0,0,0,0,0,0,0,0,0,1,4,0,0,0,0,0,1,0,0,0,0,0,0,0,7.379,c1(c(c(cc(c1)N(=O)=O)N(=O)=O)n1ncc(c1)N(=O)=O)N(=O)=O
0,0,0,0,0,0,0,0,0,1,0,0,0,0,0,0,0,0,0,0,0,0,0,0,0,0,0,2,0,0,0,0,0,1,0,0,0,0,0,0,0,0,0,0,0,0,0,0,0,0,0,1,0,0,2,0,0,0,1,0,0,0,0,0,0,0,0,0,0,0,0,0,0,0,0,0,0,0,0,0,0,0,0,0,0,0,0,0,0,0,0,0,0,0,0,3,0,0,0,0,0,0,0,0,0,0,0,0,0,2,0,0,0,0,2,0,0,0,0,0,0,0,0,0,0,1,2,0,0,0,1,0,0,0,0,0,0,0,0,0,0,0,0,0,0,0,0,2,0,0,0,1,0,0,0,0,0,0,0,0,0,8.043,c1(nc([nH]c1)N(=O)=O)N(=O)=O
0,0,0,0,0,0,0,0,0,0,0,0,0,0,1,0,0,0,0,0,0,0,0,0,1,0,0,2,0,0,0,0,0,0,0,0,0,1,0,0,1,0,0,0,0,0,0,0,0,1,0,0,0,2,5,0,0,0,1,0,0,0,0,0,0,0,0,0,0,1,0,0,0,1,0,0,0,0,0,0,0,1,0,0,0,0,0,0,0,0,0,0,0,1,0,2,0,1,0,0,0,0,0,0,0,0,0,0,0,3,2,0,0,0,2,0,0,0,0,0,0,0,0,0,0,0,2,0,0,0,1,0,0,1,0,0,0,0,0,0,0,0,0,0,0,0,0,2,0,0,0,0,0,0,0,0,1,0,0,0,0,7.994,c1(cc(c(c2c1no[n+]2[O-])N)N(=O)=O)N(=O)=O
0,0,0,0,0,0,0,1,0,0,0,0,0,0,0,0,0,0,0,0,2,0,0,0,0,0,0,4,0,0,0,0,1,0,0,0,0,0,0,1,0,0,1,0,0,0,0,0,0,0,0,0,0,1,5,0,0,0,2,0,0,0,0,0,2,0,0,0,0,0,0,0,0,0,1,0,0,0,0,0,0,0,0,0,0,0,0,0,0,0,0,0,0,0,0,4,0,0,0,0,0,0,0,0,0,0,0,0,0,4,1,0,0,2,4,0,0,1,0,0,0,0,1,0,0,0,4,2,0,0,3,0,0,1,0,0,0,0,0,1,0,0,0,0,0,0,1,4,0,0,0,0,0,0,0,0,0,0,0,0,0,7.4,c1(n(c(nn1)N(=O)=O)Cc1c(cc(cc1)N(=O)=O)N(=O)=O)N(=O)=O
0,0,0,0,0,0,0,0,0,0,0,0,0,0,0,0,0,2,0,0,0,0,0,0,0,0,0,6,0,0,0,0,4,0,0,0,0,0,0,2,0,0,0,0,4,0,0,0,0,0,0,0,0,4,10,0,0,2,2,2,0,0,0,0,0,0,0,0,0,0,0,0,0,0,0,0,0,2,0,1,0,1,0,0,0,0,0,0,1,0,0,0,0,0,0,6,0,1,0,0,0,0,0,0,0,0,0,0,0,6,4,0,0,0,6,0,0,2,0,0,0,0,0,0,0,1,6,0,0,0,4,0,0,4,0,0,0,0,0,0,0,0,0,2,0,0,0,6,0,0,0,0,0,0,0,0,0,0,0,0,0,7.421,o1nc(nc1Nc1c(cc(cc1N(=O)=O)N(=O)=O)N(=O)=O)Nc1c(cc(cc1N(=O)=O)N(=O)=O)N(=O)=O
0,0,0,0,0,0,0,0,0,0,0,0,0,0,0,0,0,0,0,0,0,0,0,2,0,0,0,6,0,0,0,0,4,0,0,0,0,0,0,2,0,0,0,0,0,0,0,0,2,0,0,0,0,4,14,0,0,2,4,0,0,0,0,0,0,0,0,0,0,0,0,0,0,0,0,0,0,0,0,0,0,0,0,0,0,0,0,0,0,0,0,0,0,0,0,8,0,0,0,0,0,0,0,0,0,0,0,0,0,6,4,4,0,0,6,0,0,2,0,0,0,0,0,0,0,0,6,0,0,0,4,0,0,4,0,0,0,0,0,0,0,0,0,0,0,4,2,6,0,0,0,0,0,0,0,0,0,0,0,0,0,7.332,c1(=O)c2c(c(=O)c3c1nn(n3)c1c(cc(cc1N(=O)=O)N(=O)=O)N(=O)=O)nn(n2)c1c(cc(cc1N(=O)=O)N(=O)=O)N(=O)=O
0,0,0,0,0,0,0,0,0,0,0,0,0,0,1,0,0,0,0,0,0,0,0,0,0,0,0,4,0,0,0,0,2,0,0,0,0,1,0,2,0,0,0,0,0,0,0,0,0,0,0,0,0,2,8,0,0,2,1,0,0,0,0,0,0,0,0,0,0,0,0,0,0,1,0,0,0,0,0,0,0,0,0,0,0,0,0,0,0,0,0,0,0,0,0,4,0,0,0,0,0,0,0,0,0,0,0,0,0,4,2,0,0,0,4,0,0,2,0,0,0,0,0,0,0,0,4,0,0,0,4,0,0,4,0,0,0,0,0,0,0,0,0,0,0,0,1,4,0,0,0,0,0,0,0,0,0,0,0,0,0,7.223,n12[n-]c3c([n+]1nc1c2cc(cc1N(=O)=O)N(=O)=O)cc(cc3N(=O)=O)N(=O)=O
0,0,0,0,0,0,0,0,0,0,0,0,0,0,1,0,0,0,0,0,0,0,0,0,0,0,0,2,0,0,0,0,1,0,0,0,0,1,0,1,0,0,0,0,0,0,0,0,0,0,0,0,0,1,4,0,0,1,1,0,0,2,0,0,0,0,0,0,0,0,0,0,0,1,0,0,0,0,0,0,0,1,0,0,0,0,0,0,0,0,0,0,0,0,0,2,0,1,0,0,0,0,0,0,0,0,0,0,0,3,1,0,0,0,2,0,0,1,0,0,0,0,0,0,0,0,2,0,0,0,2,0,0,2,0,0,0,0,0,0,0,0,0,0,0,0,0,2,0,0,0,0,0,0,0,0,0,0,0,0,0,7.929,c1(cc(cc2c1no[n+]2[O-])N(=O)=O)N(=O)=O
0,0,0,0,0,0,0,0,0,0,0,0,0,0,0,0,0,2,0,0,0,0,0,0,0,0,0,6,0,0,0,0,4,0,1,0,0,0,0,2,0,0,0,0,4,0,0,0,0,0,0,0,0,4,10,0,0,2,2,2,0,0,0,0,0,0,0,0,0,0,0,0,0,0,0,0,0,2,0,0,0,2,0,0,0,0,0,0,0,0,0,0,0,0,0,6,0,1,0,0,0,0,0,0,0,0,0,0,2,6,4,0,0,0,6,0,0,2,0,0,0,0,0,0,0,0,6,0,0,0,4,0,1,4,0,0,0,0,0,0,0,0,0,2,0,0,0,6,0,0,0,0,0,0,0,0,0,0,0,0,0,7.52,o1nc(c(n1)Nc1c(cc(cc1N(=O)=O)N(=O)=O)N(=O)=O)Nc1c(cc(cc1N(=O)=O)N(=O)=O)N(=O)=O
0,0,0,0,0,0,0,0,0,1,0,0,0,0,0,0,0,0,0,0,0,0,0,0,0,0,0,3,0,0,0,0,0,1,0,0,0,0,0,0,0,0,0,0,0,0,0,0,0,0,0,0,0,0,3,0,0,0,1,0,0,0,0,0,0,0,0,0,0,0,0,0,0,0,0,0,0,0,0,0,0,0,0,0,1,0,0,0,0,0,0,0,0,0,0,4,0,0,0,0,0,0,0,0,0,0,0,0,1,3,0,0,0,0,3,0,0,0,0,1,0,0,0,0,0,1,3,0,0,0,0,0,0,0,0,0,0,0,0,0,0,0,0,0,0,0,0,3,0,0,0,0,1,0,0,0,0,0,0,0,0,8.961,c1(nc([nH]c1N(=O)=O)N(=O)=O)N(=O)=O
0,0,0,0,0,0,0,0,0,0,0,0,0,0,0,0,0,0,0,0,0,0,0,1,0,0,0,4,0,0,0,0,2,0,0,0,0,0,0,1,0,0,0,0,0,0,0,0,0,0,0,0,0,2,5,0,0,1,2,0,0,0,0,0,0,0,0,0,1,0,0,0,0,1,0,0,0,0,0,0,0,0,0,0,0,0,0,0,0,0,0,0,0,0,0,4,0,0,0,0,0,0,0,0,0,0,0,0,0,4,2,2,0,0,4,0,0,1,0,0,0,0,0,1,0,0,4,0,0,0,3,0,0,2,0,0,0,1,0,0,0,0,0,0,0,2,1,4,0,0,0,0,0,1,0,0,0,0,0,0,0,7.712,c1(ncn(n1)c1c(cc(cc1N(=O)=O)N(=O)=O)N(=O)=O)N(=O)=O
0,0,0,0,0,0,0,0,0,0,0,0,0,0,0,0,0,1,0,0,0,0,0,0,0,0,0,4,0,0,0,0,2,0,1,0,0,0,0,1,0,0,0,0,2,0,0,0,0,0,0,0,0,2,6,0,0,1,2,1,0,0,0,0,0,0,0,0,0,0,0,0,0,0,0,0,0,1,0,0,0,2,0,0,0,0,0,0,0,0,0,0,0,0,0,4,0,1,0,0,0,0,0,0,0,0,0,0,2,4,2,0,0,0,4,0,0,1,0,0,0,0,0,0,0,0,4,0,0,0,2,0,1,2,0,0,0,0,0,0,0,0,0,1,0,0,0,4,0,0,0,0,1,0,0,0,0,0,0,0,0,7.968,o1nc(c(n1)Nc1c(cc(cc1N(=O)=O)N(=O)=O)N(=O)=O)N(=O)=O
0,0,0,0,1,0,0,0,3,0,0,0,0,0,0,0,0,0,0,0,0,0,0,0,1,0,0,3,0,0,0,0,0,0,0,1,0,1,0,0,1,0,0,0,0,0,0,0,0,1,0,0,0,0,6,0,0,0,1,0,0,0,0,0,0,0,0,0,0,1,0,0,0,1,0,1,0,0,0,0,0,1,0,0,0,0,0,0,0,0,0,0,0,0,0,3,0,1,0,0,0,0,0,0,0,0,0,0,0,4,0,0,0,0,3,0,0,0,0,0,0,0,0,0,0,0,3,0,0,0,0,0,0,0,0,0,0,0,0,0,0,0,0,0,0,0,0,3,0,0,0,0,0,0,0,0,0,0,0,3,0,8.713,c1(c(c(c(c2c1no[n+]2[O-])N)N(=O)=O)N(=O)=O)N(=O)=O
0,0,0,0,0,0,0,0,1,0,0,0,0,0,0,0,0,0,0,0,0,0,0,0,1,0,0,1,0,0,0,0,0,0,0,0,0,2,0,0,1,0,0,0,0,0,0,0,0,1,0,0,0,0,6,0,0,0,2,0,0,0,0,0,0,0,0,0,0,1,0,0,0,2,0,1,0,0,0,0,0,2,0,0,0,0,0,0,0,0,0,0,0,0,0,1,0,2,0,0,0,0,0,0,0,0,0,0,0,3,0,0,0,0,1,0,0,0,0,0,0,0,0,0,0,0,1,0,0,0,0,0,0,0,0,0,0,0,0,0,0,0,0,0,0,0,0,1,0,0,0,0,0,0,0,0,0,0,0,1,0,8.624,c12c(c(c(c3c1no[n+]3[O-])N)N(=O)=O)no[n+]2[O-]
0,0,0,0,0,0,0,0,0,0,0,0,0,0,0,0,0,0,0,0,0,0,0,0,0,0,0,1,0,0,0,0,0,0,0,0,0,0,0,0,0,0,0,0,0,0,0,0,0,0,0,1,0,0,1,0,0,0,1,0,0,0,0,0,0,0,0,0,1,0,1,0,0,0,0,0,0,0,0,0,0,0,0,0,0,0,0,0,0,0,0,0,0,0,0,2,0,0,0,0,0,0,0,0,0,0,0,0,0,2,0,0,0,0,2,0,0,0,0,0,0,0,0,0,0,0,2,0,0,0,2,0,0,0,0,0,0,0,0,0,0,0,0,0,0,1,1,2,0,0,0,1,0,0,0,0,0,0,0,0,0,8.098,n1c(cn(c1)N(=O)=O)N(=O)=O
0,0,0,0,0,0,0,0,0,0,0,0,0,0,0,0,0,0,0,0,0,0,0,0,0,0,0,0,0,0,0,0,0,0,0,0,0,3,0,0,0,0,0,0,0,0,0,0,0,0,0,0,0,0,6,0,0,0,3,0,0,0,0,0,0,0,0,0,0,0,0,0,0,3,0,0,0,0,0,0,0,3,0,0,0,0,0,0,0,0,0,0,0,0,0,0,0,3,0,0,0,0,0,0,0,0,0,0,0,3,0,0,0,0,0,0,0,0,0,0,0,0,0,0,0,0,0,0,0,0,0,0,0,0,0,0,0,0,0,0,0,0,0,0,0,0,0,0,0,0,0,0,0,0,0,0,0,0,0,0,0,9.06,c12c3c(c4c(c1[n+](on2)[O-])no[n+]4[O-])no[n+]3[O-]
0,0,1,0,0,0,0,0,0,0,0,0,0,0,0,0,1,0,0,0,0,0,0,0,0,0,0,3,0,0,0,0,0,0,0,0,0,0,0,0,0,0,0,0,0,0,0,0,1,0,0,0,0,0,3,0,0,0,1,0,0,0,0,0,1,0,0,0,0,0,0,0,0,0,0,0,0,0,0,0,0,0,0,0,0,0,0,0,0,0,0,0,0,0,0,3,0,0,0,0,0,0,0,0,0,0,0,0,1,3,0,0,0,0,3,0,0,0,0,0,0,0,0,0,0,1,3,1,0,0,0,0,0,0,0,0,0,0,0,0,0,0,0,0,0,0,1,3,0,0,0,0,1,0,0,0,0,0,0,0,0,8.224,c1(c(nc(n1C)N(=O)=O)N(=O)=O)N(=O)=O
0,2,0,0,0,0,0,0,0,1,0,0,0,0,0,0,0,0,0,0,0,0,0,0,0,0,0,5,0,0,0,0,2,1,0,0,0,0,0,1,0,0,0,0,0,0,0,0,0,0,0,0,0,2,7,0,0,1,1,0,0,0,0,0,0,0,0,0,0,0,0,0,0,0,0,0,0,0,0,0,0,0,0,0,0,0,0,0,0,0,0,0,0,0,0,6,0,0,0,0,0,0,0,0,0,0,0,0,1,5,2,0,1,0,5,0,0,1,1,0,0,0,0,0,0,1,5,0,0,0,2,0,0,2,0,0,0,0,0,0,0,0,0,0,0,0,0,5,0,0,0,0,1,0,0,0,0,0,0,0,0,7.85,c1(nc([nH]c1c1c(cc(cc1N(=O)=O)N(=O)=O)N(=O)=O)N(=O)=O)N(=O)=O
0,0,0,0,0,0,0,0,0,2,0,0,0,0,0,0,0,0,0,0,0,2,0,0,0,0,0,4,0,0,0,0,0,0,0,0,0,0,0,0,0,0,0,0,0,0,0,0,0,0,0,0,0,0,6,0,0,0,2,0,0,0,0,0,0,0,0,0,0,0,0,0,0,0,0,0,0,0,0,0,0,0,0,0,2,0,0,0,0,0,2,0,0,0,0,4,0,0,0,0,0,0,0,0,0,0,0,0,2,4,0,0,0,0,4,0,0,0,0,2,0,0,0,0,0,2,4,0,0,0,0,0,0,0,0,0,0,0,0,0,0,0,0,0,0,0,0,4,0,0,0,0,2,0,0,0,0,0,0,0,0,8.416,c1(nc([nH]c1N(=O)=O)c1[nH]c(c(n1)N(=O)=O)N(=O)=O)N(=O)=O
0,0,0,0,0,0,0,2,0,0,0,0,0,0,0,0,1,0,0,0,2,0,0,0,0,0,0,2,0,0,0,0,0,0,0,0,0,0,0,0,0,0,0,0,0,0,0,0,0,0,0,0,0,0,2,0,0,0,2,0,0,0,0,0,2,0,0,0,0,0,0,0,0,0,0,0,0,0,0,0,0,0,0,0,0,0,0,0,0,0,0,0,0,1,0,3,0,0,0,0,0,0,0,0,0,0,0,0,0,3,0,0,0,0,3,0,0,1,0,0,0,0,0,0,0,0,3,2,0,0,0,0,0,0,0,0,0,0,0,0,0,0,0,0,0,0,1,3,0,0,0,0,0,0,0,0,0,0,0,0,0,8.21,c1(n(c(nn1)N(=O)=O)CCN(=O)=O)N(=O)=O
0,0,0,0,0,0,0,0,0,0,0,0,0,0,0,0,0,0,0,0,0,0,0,0,0,0,0,2,0,0,0,0,0,0,2,0,0,1,0,0,0,0,0,0,0,0,0,0,0,0,2,0,0,0,6,0,0,0,5,0,1,0,0,0,0,0,0,0,0,0,0,0,0,1,0,0,0,0,0,0,0,5,0,0,0,0,0,0,0,0,0,0,0,0,0,2,0,3,0,0,0,0,0,0,0,0,0,0,2,3,0,0,0,0,2,0,0,0,0,0,0,0,0,0,0,0,2,0,0,0,0,0,2,0,0,0,0,0,0,0,0,1,0,0,0,0,0,2,0,0,0,0,2,0,0,0,0,0,0,0,0,8.915,o1nc(c(n1)c1[n+](onc1c1c(non1)N(=O)=O)[O-])N(=O)=O
0,0,0,0,0,0,0,0,0,0,0,0,0,0,0,0,0,0,0,0,0,0,0,0,0,0,0,2,0,0,0,0,0,0,0,0,0,0,0,0,0,0,0,0,0,0,0,0,0,0,0,1,0,0,2,0,0,0,1,0,0,0,0,0,0,0,0,0,0,0,0,0,0,0,0,0,0,0,0,0,0,1,0,0,0,0,0,0,0,0,0,0,0,0,0,2,0,1,0,0,0,0,0,0,0,0,0,0,0,2,0,0,0,0,2,0,0,0,0,0,0,0,0,0,0,0,2,0,0,0,1,0,0,1,0,0,0,0,0,0,0,0,0,0,0,0,0,2,0,0,0,1,0,0,0,0,0,0,0,0,0,8.528,o1c(cc(n1)N(=O)=O)N(=O)=O
0,0,0,0,0,0,0,0,0,0,0,0,0,0,0,0,0,0,0,0,0,0,0,0,1,0,0,1,0,0,0,0,0,0,1,0,0,0,0,0,0,0,0,0,0,0,0,0,0,0,0,0,0,0,2,0,0,0,2,0,0,0,0,0,0,0,0,0,0,1,0,0,0,0,0,0,0,0,0,0,0,2,0,0,0,0,0,0,0,0,0,0,0,0,0,1,0,1,0,0,0,0,0,0,0,0,0,0,1,1,0,0,0,0,1,0,0,0,0,0,0,0,0,0,0,0,1,0,0,0,0,0,1,0,0,0,0,0,0,0,0,0,0,0,0,0,0,1,0,0,0,0,1,0,0,0,0,0,0,0,0,8.699,o1nc(c(n1)N)N(=O)=O
4,0,0,0,0,0,0,8,6,0,0,0,0,0,0,0,0,2,0,0,4,0,0,0,0,0,0,6,0,0,0,0,0,0,0,0,0,0,0,0,0,0,0,0,0,0,0,0,0,0,0,0,0,0,14,0,0,0,2,2,0,0,0,2,0,2,0,0,0,0,0,0,0,0,0,0,0,0,0,0,0,0,0,0,0,0,0,0,0,0,0,0,0,0,0,12,0,1,0,0,2,0,0,4,0,4,0,0,0,12,0,0,2,2,12,0,2,0,0,0,0,4,0,0,0,0,12,0,0,0,0,0,0,0,2,0,0,0,0,0,0,2,0,0,4,0,0,12,0,0,0,0,0,0,0,0,0,0,0,6,0,7.956,o1c(nnc1c1c(c(c(c(c1N(=O)=O)NCCON(=O)=O)N(=O)=O)N(CCON(=O)=O)N(=O)=O)N(=O)=O)c1c(c(c(c(c1N(=O)=O)N(CCON(=O)=O)N(=O)=O)N(=O)=O)NCCON(=O)=O)N(=O)=O
0,4,0,0,0,0,0,0,0,0,0,0,0,0,0,0,0,0,0,0,2,0,0,0,0,0,0,6,0,0,0,0,4,0,0,0,0,0,0,2,0,0,0,0,0,0,0,0,0,0,0,0,0,4,10,0,0,2,2,0,0,0,0,0,0,0,0,0,0,0,0,0,0,0,0,0,0,0,0,0,0,0,0,0,0,0,0,0,0,0,0,0,0,0,0,6,0,1,0,0,0,0,0,0,0,0,0,0,0,6,4,0,2,0,6,0,0,2,0,0,0,0,0,0,0,0,6,0,0,0,4,0,0,4,0,0,0,0,0,0,0,0,0,0,0,0,0,6,0,0,0,0,0,0,0,0,0,0,0,0,0,7.425,o1c(nnc1c1c(cc(cc1N(=O)=O)N(=O)=O)N(=O)=O)c1c(cc(cc1N(=O)=O)N(=O)=O)N(=O)=O
0,0,0,0,0,0,0,0,0,0,0,0,0,0,0,0,0,0,0,0,0,0,0,0,0,0,0,2,0,0,0,0,0,0,2,0,0,0,0,0,0,0,0,0,0,0,0,0,0,0,2,0,0,0,4,0,0,0,4,0,0,0,0,0,0,0,0,0,0,0,0,0,0,0,0,0,0,0,0,0,0,4,0,0,0,0,0,0,0,0,0,0,0,0,0,2,0,2,0,0,0,0,0,0,0,0,0,0,2,2,0,0,0,0,2,0,0,0,0,0,0,0,0,0,0,0,2,0,0,0,0,0,2,0,0,0,0,0,0,0,0,0,0,0,0,0,0,2,0,0,0,0,2,0,0,0,0,0,0,0,0,8.924,o1nc(c(n1)N(=O)=O)c1c(non1)N(=O)=O
2,2,0,0,0,0,0,4,2,0,0,0,0,0,0,0,0,2,0,0,2,0,0,0,0,0,0,6,0,0,0,0,0,0,0,0,0,0,0,0,0,0,0,0,2,0,0,0,0,0,0,0,0,4,12,0,0,0,2,2,0,0,0,2,0,0,0,0,0,0,0,0,0,0,0,0,0,0,0,0,0,0,0,0,0,0,0,0,0,0,0,0,0,0,0,8,0,1,0,0,2,0,0,2,0,2,0,0,0,8,4,0,2,0,8,2,0,0,0,0,0,2,0,0,0,0,8,0,0,0,2,0,0,2,0,0,0,0,0,0,0,0,0,0,2,0,0,8,0,0,0,0,0,0,0,0,2,0,0,2,0,7.534,o1c(nnc1c1c(cc(c(c1N(=O)=O)NCCON(=O)=O)N(=O)=O)N(=O)=O)c1c(c(c(cc1N(=O)=O)N(=O)=O)NCCON(=O)=O)N(=O)=O
0,0,0,0,0,0,0,0,3,0,0,0,0,0,0,0,0,0,0,0,0,0,0,0,3,0,0,3,0,0,0,0,0,0,0,0,0,0,0,0,3,0,0,0,0,0,0,0,0,0,0,0,0,0,6,0,0,0,0,0,0,0,0,0,0,0,0,0,0,3,0,0,0,0,0,0,0,0,0,0,0,0,0,0,0,0,0,0,0,0,0,0,0,0,0,3,0,0,0,0,0,0,0,0,0,0,0,0,0,3,0,0,0,0,3,0,0,0,0,0,0,0,0,0,0,0,3,0,0,0,0,0,0,0,0,0,0,0,0,0,0,0,0,0,0,0,0,3,0,0,0,0,0,0,0,0,0,0,0,3,0,7.507,N(=O)(=O)c1c(c(c(c(c1N)N(=O)=O)N)N(=O)=O)N
0,0,0,0,0,0,0,0,1,0,0,0,0,0,0,0,0,0,0,0,0,0,0,0,2,0,0,3,0,0,0,0,0,0,0,0,0,0,0,0,2,0,0,0,0,0,0,0,0,0,0,0,0,2,5,0,0,0,0,0,0,0,0,0,0,0,0,0,0,2,0,0,0,0,0,0,0,0,0,0,0,0,0,0,0,0,0,0,0,2,0,0,0,2,0,3,0,0,0,0,0,0,0,0,0,0,0,0,0,3,2,0,0,0,3,0,0,0,0,0,0,0,0,0,0,0,3,0,0,0,1,0,0,1,0,0,0,0,0,0,0,0,0,0,0,0,0,3,0,0,0,0,0,0,0,0,1,0,0,1,0,7.419,N(=O)(=O)c1cc(c(c(c1N)N(=O)=O)N)N(=O)=O
0,2,0,0,0,0,0,0,0,0,0,0,0,0,0,0,0,0,0,0,0,0,0,1,0,0,0,6,0,0,0,0,4,0,0,0,0,0,0,2,0,0,0,0,0,0,0,0,0,0,0,0,0,4,9,0,0,2,1,0,0,0,0,0,0,0,0,0,0,0,0,0,0,0,0,0,0,0,0,0,0,0,0,0,0,0,0,0,0,0,0,0,0,0,0,6,0,0,0,0,0,0,0,0,0,0,0,0,0,6,4,2,1,0,6,0,0,2,0,0,0,0,0,0,0,0,6,0,0,0,6,0,0,4,0,1,0,0,0,0,0,0,0,0,0,0,1,6,0,0,0,0,0,1,0,0,0,0,0,0,0,7.151,c1c(cn(n1)c1c(cc(cc1N(=O)=O)N(=O)=O)N(=O)=O)c1c(cc(cc1N(=O)=O)N(=O)=O)N(=O)=O
0,0,0,0,0,0,0,0,0,0,0,0,0,0,0,0,0,0,0,0,0,0,0,1,0,0,0,3,0,0,0,0,2,0,0,0,0,0,0,1,0,0,0,0,0,0,0,0,0,0,0,0,0,2,4,0,0,1,1,0,0,0,0,0,0,0,0,0,0,0,0,0,0,0,0,0,0,0,0,0,0,0,0,0,0,0,0,0,0,0,0,0,0,0,0,3,0,0,0,0,0,0,0,0,0,0,0,0,0,3,2,2,0,0,3,0,0,1,0,0,0,0,0,0,0,0,3,0,0,1,5,0,0,2,0,0,0,0,0,0,0,0,0,0,0,1,1,3,0,0,0,0,0,0,0,0,0,0,0,0,0,6.735,c1(c(c(cc(c1)N(=O)=O)N(=O)=O)n1ccnc1)N(=O)=O
0,0,0,0,0,0,0,0,1,0,0,0,0,1,0,0,0,0,0,0,0,0,0,0,0,0,0,2,0,0,0,0,0,0,0,0,0,0,0,0,0,0,0,0,0,0,0,0,0,0,0,0,0,1,4,0,0,0,0,0,0,0,0,0,0,0,0,0,0,0,0,0,0,0,0,0,0,0,0,0,0,0,0,0,0,0,0,0,0,0,0,0,0,0,0,2,0,0,0,0,0,0,0,0,0,0,0,0,0,2,1,0,0,2,2,0,0,0,0,0,0,2,0,0,0,0,2,0,0,0,2,0,0,0,0,0,0,0,0,0,0,0,0,0,0,0,0,2,0,0,0,0,0,0,0,0,0,0,0,1,0,6.964,c1c(c(c(c(c1)N(=O)=O)O)N(=O)=O)O
0,0,2,0,0,0,0,0,1,0,0,0,0,0,0,0,0,0,0,0,0,0,0,0,0,0,0,3,0,0,0,0,0,0,0,0,0,0,0,0,0,0,0,0,0,0,0,0,0,0,0,0,0,2,5,0,0,0,0,0,0,0,0,0,0,0,2,0,0,0,0,0,0,0,0,0,0,0,0,0,2,0,0,0,0,0,0,0,2,0,0,0,0,0,0,3,0,0,0,0,0,0,0,0,0,2,0,0,0,3,2,0,0,0,3,0,0,0,0,0,0,0,0,0,0,0,3,0,2,0,1,0,0,1,0,0,0,0,0,0,0,0,0,0,0,0,0,3,0,0,0,0,0,0,0,0,1,0,0,1,0,6.908,N(=O)(=O)c1c(c(cc(c1OC)N(=O)=O)N(=O)=O)OC
0,0,1,0,0,0,0,0,3,0,0,0,0,0,0,0,0,0,0,0,0,0,0,0,2,0,0,3,0,0,0,0,0,0,0,0,0,0,0,0,2,0,0,0,0,0,0,0,0,0,0,0,0,0,6,0,0,0,0,0,0,0,0,0,0,0,0,0,0,2,0,0,0,0,0,0,0,0,0,0,0,0,0,0,0,0,0,0,0,0,0,0,0,0,0,3,0,0,0,0,0,0,0,0,0,0,0,1,0,3,0,0,0,0,3,0,0,0,0,0,0,0,0,0,0,0,3,0,0,0,0,0,0,0,0,0,0,0,0,0,0,0,0,0,0,0,0,3,0,0,0,0,0,0,0,0,0,0,0,3,0,7.047,N(=O)(=O)c1c(c(c(c(c1N)N(=O)=O)N)N(=O)=O)C
0,0,0,0,0,0,0,0,2,0,0,0,0,0,0,0,0,3,0,0,0,0,0,0,0,0,0,10,0,0,0,0,5,0,0,0,0,0,0,3,0,0,0,0,4,0,0,0,0,0,0,0,0,5,16,0,0,3,2,2,0,0,0,0,0,0,0,0,0,0,0,0,0,0,0,0,0,3,0,1,0,0,0,0,0,0,0,0,0,0,0,0,0,0,0,10,0,0,0,1,0,0,0,0,0,0,0,0,2,10,5,0,0,0,10,0,0,3,0,0,0,0,0,0,0,2,10,0,0,0,6,0,0,6,1,0,0,0,0,0,0,0,0,2,0,0,0,10,0,0,0,0,0,0,0,0,0,0,0,2,0,7.393,c1(nc(nc(c1N(=O)=O)Nc1c(cc(cc1N(=O)=O)N(=O)=O)N(=O)=O)Nc1c(cc(cc1N(=O)=O)N(=O)=O)N(=O)=O)Nc1cc(cc(c1N(=O)=O)N(=O)=O)N(=O)=O
0,0,1,0,0,0,0,0,0,0,0,0,0,0,0,0,0,0,0,0,0,0,0,0,0,0,0,3,0,0,0,0,2,0,0,0,0,0,0,1,0,0,0,0,0,0,0,0,0,0,0,0,0,2,4,0,0,1,0,0,0,0,0,0,0,0,2,0,0,0,0,0,0,0,0,0,0,0,0,0,1,0,0,0,0,0,0,0,1,0,0,0,0,0,0,3,0,0,0,0,0,0,0,0,0,1,0,0,0,3,2,0,0,0,3,0,0,1,0,0,0,0,0,0,0,0,3,0,1,0,2,0,0,2,0,0,0,0,0,0,0,0,0,0,0,0,0,3,0,0,0,0,0,0,0,0,0,0,0,0,0,7.076,O(c1c(cc(cc1N(=O)=O)N(=O)=O)N(=O)=O)C
0,0,0,0,0,0,0,0,0,0,0,0,0,0,0,0,0,2,0,0,0,0,0,0,0,0,0,6,0,0,0,0,4,0,0,0,0,0,0,2,0,0,0,0,4,0,0,0,0,0,0,0,0,4,10,0,0,2,1,2,0,0,0,0,0,0,0,0,0,0,0,0,0,0,0,0,0,2,0,0,0,0,0,0,0,0,0,0,0,0,0,0,0,0,0,6,0,0,0,0,0,0,0,0,0,0,0,0,0,6,4,0,0,2,6,0,0,2,0,0,0,0,0,0,0,1,6,0,0,0,7,0,0,4,0,0,0,0,0,0,0,0,0,2,0,0,0,6,0,0,0,0,0,0,0,0,0,0,0,0,0,6.771,n1c(cccc1Nc1c(cc(cc1N(=O)=O)N(=O)=O)N(=O)=O)Nc1c(cc(cc1N(=O)=O)N(=O)=O)N(=O)=O
0,0,1,0,0,0,0,0,1,0,0,0,0,1,0,0,0,0,0,0,0,0,0,0,0,0,0,3,0,0,0,0,0,0,0,0,0,0,0,0,0,0,0,0,0,0,0,0,0,0,0,0,0,2,5,0,0,0,0,0,0,0,0,0,0,0,0,1,0,0,0,0,0,0,0,0,0,0,0,0,0,0,0,0,0,0,0,0,0,0,0,0,0,0,0,3,0,0,0,0,0,0,0,0,0,0,0,1,0,3,2,0,0,0,3,0,0,0,0,0,0,1,0,0,0,0,3,0,0,0,1,0,0,1,0,0,0,0,0,0,0,0,0,0,0,0,0,3,0,0,0,0,0,0,0,0,1,0,0,1,0,7.095,N(=O)(=O)c1c(c(cc(c1C)N(=O)=O)N(=O)=O)O
0,0,1,0,0,0,0,1,0,0,0,0,0,0,0,0,0,0,0,0,0,0,0,0,0,0,0,3,0,0,0,0,2,0,1,0,0,0,0,1,0,0,0,1,0,0,0,0,0,0,0,0,0,2,4,0,0,1,0,0,0,0,0,0,0,0,2,0,1,0,0,0,0,0,0,0,0,0,0,0,0,0,0,0,0,0,0,0,0,0,0,0,0,0,0,3,0,0,0,0,0,0,0,0,0,1,0,0,0,3,2,0,0,0,3,0,0,1,0,0,0,0,0,0,0,0,3,0,0,0,2,0,0,2,0,0,0,0,0,0,0,0,0,0,0,0,0,3,0,0,0,0,0,0,0,0,0,0,0,0,0,6.698,N(=O)(=O)c1c(c(cc(c1)N(=O)=O)N(=O)=O)OCC
0,0,0,0,0,0,0,0,0,0,0,0,0,0,0,0,0,0,0,0,0,0,0,0,1,0,0,3,0,0,0,0,2,0,0,0,0,0,0,1,1,0,0,0,0,0,0,0,0,0,0,0,0,2,4,0,0,1,0,0,0,0,0,0,0,0,0,0,0,1,0,0,0,0,0,0,0,0,0,0,0,0,0,0,0,0,0,0,0,0,0,0,0,2,0,3,0,0,0,0,0,0,0,0,0,0,0,0,0,3,2,0,0,0,3,0,0,1,0,0,0,0,0,0,0,0,3,0,0,0,2,0,0,2,0,0,0,0,0,0,0,0,0,0,0,0,0,3,0,0,0,0,0,0,0,0,0,0,0,0,0,7.353,c1(cc(c(c(c1)N(=O)=O)N)N(=O)=O)N(=O)=O
0,0,1,0,0,0,0,0,1,0,0,0,0,0,0,0,0,0,0,0,0,0,0,0,1,0,0,3,0,0,0,0,0,0,0,0,0,0,0,0,1,0,0,0,0,0,0,0,0,0,0,0,0,2,5,0,0,0,0,0,0,0,0,0,0,0,0,1,0,1,0,0,0,0,0,0,0,0,0,0,0,0,0,0,0,0,0,0,0,1,0,0,0,1,0,3,0,0,0,0,0,0,0,0,0,0,0,1,0,3,2,0,0,0,3,0,0,0,0,0,0,0,0,0,0,0,3,0,0,0,1,0,0,1,0,0,0,0,0,0,0,0,0,0,0,0,0,3,0,0,0,0,0,0,0,0,1,0,0,1,0,6.959,c1(c(cc(c(c1N(=O)=O)N)N(=O)=O)N(=O)=O)C
0,0,1,0,0,0,0,0,0,0,0,0,0,0,0,0,0,0,0,0,0,0,0,0,0,0,0,3,0,0,0,0,2,0,0,0,0,0,0,1,0,0,0,0,0,0,0,0,0,0,0,0,0,2,4,0,0,1,0,0,0,0,0,0,0,0,0,2,0,0,0,0,0,0,0,0,0,0,0,0,0,0,0,0,0,0,0,0,0,0,0,0,0,0,0,3,0,0,0,0,0,0,0,0,0,0,0,1,0,3,2,0,0,0,3,0,0,1,0,0,0,0,0,0,0,0,3,0,0,0,2,0,0,2,0,0,0,0,0,0,0,0,0,0,0,0,0,3,0,0,0,0,0,0,0,0,0,0,0,0,0,6.874,N(=O)(=O)c1cc(c(c(c1)N(=O)=O)C)N(=O)=O
0,2,1,0,0,0,0,0,1,0,0,0,0,0,0,0,0,0,0,0,0,0,0,0,0,0,0,5,0,0,0,0,2,0,0,0,0,0,0,1,0,0,0,0,0,0,0,0,0,0,0,0,0,3,8,0,0,1,0,0,0,0,0,0,0,0,0,0,0,0,0,0,0,0,0,0,0,0,0,0,0,0,0,0,0,0,0,0,0,0,0,0,0,0,0,5,0,0,0,0,0,0,0,0,0,0,0,1,0,5,3,0,1,2,5,0,0,1,0,0,0,0,0,0,0,0,5,0,0,0,4,0,0,2,0,0,0,0,0,0,0,0,0,0,0,0,0,5,0,0,0,0,0,0,0,0,0,0,0,1,0,6.816,N(=O)(=O)c1c(c(cc(c1)N(=O)=O)N(=O)=O)c1c(c(c(cc1)N(=O)=O)C)N(=O)=O
0,0,0,0,0,0,0,0,0,0,0,0,0,0,0,0,0,0,0,0,0,0,0,1,0,0,0,3,0,0,0,0,2,0,0,0,0,0,0,1,0,0,0,0,0,0,0,0,0,0,0,0,0,2,4,1,0,1,0,0,0,0,0,0,0,0,0,0,0,0,0,0,0,0,0,0,0,0,0,0,0,0,0,0,0,0,0,0,0,0,0,0,0,0,0,3,0,0,0,0,0,0,0,0,0,0,0,0,0,3,2,0,0,0,3,0,0,1,0,0,0,0,0,0,0,0,3,0,0,0,2,0,0,2,0,0,0,0,0,0,0,0,0,0,0,0,0,3,0,0,0,0,0,0,0,0,0,0,0,0,0,7.19,c1(c(cc(cc1N(=O)=O)N(=O)=O)N(=O)=O)C#N
0,0,0,0,0,0,0,0,1,0,0,0,0,1,0,0,0,0,0,0,0,0,0,0,1,0,0,3,0,0,0,0,0,0,0,0,0,0,0,0,1,0,0,0,0,0,0,0,0,0,0,0,0,2,5,0,0,0,0,0,0,0,0,0,0,0,0,0,0,1,0,0,0,0,0,0,0,0,0,0,0,0,0,0,0,0,0,0,0,1,0,0,0,1,0,3,0,0,0,0,0,0,0,0,0,0,1,0,0,3,2,0,0,0,3,0,0,0,0,0,0,1,0,0,0,0,3,0,0,0,1,0,0,1,0,0,0,0,0,0,0,0,0,0,0,0,0,3,0,0,0,0,0,0,0,0,1,0,0,1,0,7.608,Nc1c(cc(c(c1N(=O)=O)O)N(=O)=O)N(=O)=O
0,2,2,0,0,0,0,0,2,0,0,0,0,0,0,0,0,0,0,0,0,0,0,0,0,0,0,6,0,0,0,0,0,0,0,0,0,0,0,0,0,0,0,0,0,0,0,0,0,0,0,0,0,4,10,0,0,0,0,0,0,0,0,0,0,0,0,2,0,0,0,0,0,0,0,0,0,0,0,0,0,0,0,0,0,0,0,0,0,0,0,0,0,0,0,6,0,0,0,0,0,0,0,0,0,0,0,2,0,6,4,0,2,0,6,0,0,0,0,0,0,0,0,0,0,0,6,0,0,0,2,0,0,2,0,0,0,0,0,0,0,0,0,0,0,0,0,6,0,0,0,0,0,0,0,0,2,0,0,2,0,7.058,Cc1c(cc(c(c1N(=O)=O)c1c(c(c(cc1N(=O)=O)N(=O)=O)C)N(=O)=O)N(=O)=O)N(=O)=O
0,2,0,0,0,0,0,0,2,0,0,0,0,0,0,0,0,0,0,0,0,0,0,0,2,0,0,6,0,0,0,0,0,0,0,0,0,0,0,0,2,0,0,0,0,0,0,0,0,0,0,0,0,4,10,0,0,0,0,0,0,0,0,0,0,0,0,0,0,2,0,0,0,0,0,0,0,0,0,0,0,0,0,0,0,0,0,0,0,2,0,0,0,2,0,6,0,0,0,0,0,0,0,0,0,0,0,0,0,6,4,0,2,0,6,0,0,0,0,0,0,0,0,0,0,0,6,0,0,0,2,0,0,2,0,0,0,0,0,0,0,0,0,0,0,0,0,6,0,0,0,0,0,0,0,0,2,0,0,2,0,7.596,c1(cc(c(c(c1c1c(cc(c(c1N(=O)=O)N)N(=O)=O)N(=O)=O)N(=O)=O)N)N(=O)=O)N(=O)=O
0,0,0,0,0,0,0,0,2,0,0,0,0,0,0,0,0,1,0,0,0,0,0,0,2,0,0,6,0,0,0,0,0,0,0,0,0,0,0,0,2,0,0,0,2,0,0,0,0,0,0,0,0,4,10,0,0,0,0,2,0,0,0,0,0,0,0,0,0,2,0,0,0,0,0,0,0,1,0,0,0,0,0,0,0,0,0,0,0,2,0,0,0,2,0,6,0,0,0,0,0,0,0,0,0,0,0,0,0,6,4,0,0,0,6,0,0,0,0,0,0,0,0,0,0,0,6,0,0,0,2,0,0,2,0,0,0,0,0,0,0,0,0,0,0,0,0,6,0,0,0,0,0,0,0,0,2,0,0,2,0,7.592,N(c1c(c(c(cc1N(=O)=O)N(=O)=O)N)N(=O)=O)c1c(cc(c(c1N(=O)=O)N)N(=O)=O)N(=O)=O
0,0,0,0,0,0,0,0,3,0,0,0,0,0,0,0,0,0,0,0,0,0,0,0,2,0,0,3,0,0,0,0,0,0,0,0,0,0,0,0,2,0,0,0,0,0,0,0,0,0,0,0,0,0,6,0,0,0,0,0,0,0,0,0,0,0,0,0,0,2,0,0,0,0,0,0,0,0,0,0,0,0,0,0,0,0,0,0,0,0,0,0,0,0,0,3,0,0,0,0,0,0,0,0,0,0,2,0,0,3,0,0,0,0,4,0,0,0,0,0,0,1,0,0,0,0,3,0,0,0,0,0,0,0,0,0,0,0,0,0,0,0,0,0,0,0,0,3,0,0,0,0,0,0,0,0,0,0,0,3,0,7.672,Oc1c(c(c(c(c1N(=O)=O)N)N(=O)=O)N)N(=O)=O
0,0,0,0,0,0,0,2,0,0,0,0,0,0,0,0,0,0,0,0,0,0,0,0,0,0,0,6,0,0,0,0,4,0,0,0,0,0,0,2,0,0,0,0,0,0,0,0,0,0,0,0,0,4,8,0,0,2,0,0,0,0,0,0,0,0,0,0,0,0,0,0,0,0,0,0,0,0,0,0,0,0,0,0,0,0,0,0,0,0,0,0,0,0,0,6,0,0,0,0,0,0,0,0,0,0,0,0,0,6,4,0,0,0,6,0,0,2,0,0,0,0,0,0,0,0,6,0,0,0,4,0,0,4,0,0,0,0,0,0,0,0,0,0,0,0,0,6,0,0,0,0,0,0,0,0,0,0,0,0,0,7.035,C(c1c(cc(cc1N(=O)=O)N(=O)=O)N(=O)=O)Cc1c(cc(cc1N(=O)=O)N(=O)=O)N(=O)=O
0,0,3,0,0,0,0,0,3,0,0,0,0,0,0,0,0,0,0,0,0,0,0,0,0,0,0,3,0,0,0,0,0,0,0,0,0,0,0,0,0,0,0,0,0,0,0,0,0,0,0,0,0,0,6,0,0,0,0,0,0,0,0,0,0,0,0,0,0,0,0,0,0,0,0,0,0,0,0,0,0,0,0,0,0,0,0,0,0,0,0,0,0,0,0,3,0,0,0,0,0,0,0,0,0,0,0,3,0,3,0,0,0,0,3,0,0,0,0,0,0,0,0,0,0,0,3,0,0,0,0,0,0,0,0,0,0,0,0,0,0,0,0,0,0,0,0,3,0,0,0,0,0,0,0,0,0,0,0,3,0,6.22,c1(c(c(c(c(c1N(=O)=O)C)N(=O)=O)C)N(=O)=O)C
0,0,0,0,0,0,0,0,0,0,0,0,0,0,0,0,0,0,0,0,0,0,0,0,0,0,0,3,0,0,0,0,2,0,0,0,0,0,0,1,0,0,0,0,0,0,0,0,0,0,0,0,0,2,4,0,0,1,0,0,0,0,0,0,0,0,0,0,0,0,0,0,0,0,0,0,0,0,0,0,0,0,0,0,0,0,0,0,0,0,0,1,0,0,0,4,0,0,0,0,0,0,0,0,0,0,0,0,0,3,2,0,0,0,3,0,0,1,0,0,0,2,0,0,0,0,3,0,0,0,2,0,0,2,0,0,1,0,0,0,0,0,0,0,0,0,0,3,0,1,0,0,0,0,0,0,0,0,0,0,0,7.3,N(=O)(=O)c1c(c(cc(c1)N(=O)=O)N(=O)=O)C(=O)O
0,0,1,0,0,0,0,0,1,0,0,0,0,0,0,0,0,0,0,0,0,0,0,0,0,0,0,3,0,0,0,0,0,0,0,0,0,0,0,0,0,0,0,0,0,0,0,0,0,0,0,0,0,2,4,0,0,0,0,0,0,0,0,0,0,0,0,0,0,0,0,0,0,0,0,0,0,0,0,0,0,0,0,0,0,0,0,0,0,0,0,0,0,0,0,3,0,0,0,2,0,0,0,0,0,0,0,1,0,3,2,0,0,0,3,0,0,0,0,0,0,0,0,0,0,0,3,0,0,0,2,0,0,2,0,0,0,0,0,0,0,0,0,0,0,0,0,3,0,0,0,0,0,0,0,0,0,0,0,1,0,6.927,c1(cc(c(c(c1)N(=O)=O)N(=O)=O)N(=O)=O)C
0,0,0,0,0,0,0,0,0,0,0,0,0,0,0,0,0,1,0,0,0,0,0,1,0,0,0,6,0,0,0,0,4,0,0,0,0,0,0,2,0,0,0,0,2,0,0,0,0,0,0,0,0,4,8,0,0,2,1,1,0,0,0,1,0,0,0,0,0,0,0,0,0,0,0,0,0,0,1,0,0,0,0,0,0,0,0,0,0,0,0,0,0,0,0,6,0,0,0,0,0,0,0,0,0,0,0,0,0,6,4,2,0,0,6,0,0,2,0,0,0,0,0,0,0,0,6,0,0,0,7,0,0,4,0,0,0,0,0,0,0,0,0,0,0,0,1,6,0,0,0,0,0,0,0,0,0,0,0,0,1,6.998,N1(C=CC=NC1Nc1c(cc(cc1N(=O)=O)N(=O)=O)N(=O)=O)c1c(cc(cc1N(=O)=O)N(=O)=O)N(=O)=O
0,0,0,0,0,0,0,0,0,0,0,0,0,0,0,0,0,0,0,0,0,0,0,0,0,0,0,3,0,0,0,0,0,0,0,0,0,0,0,3,0,0,0,0,0,0,0,0,0,0,0,0,0,0,3,0,0,3,0,0,0,0,0,0,0,0,0,0,0,0,0,0,0,0,0,0,0,0,0,0,0,0,0,0,0,0,0,0,0,0,0,0,0,0,0,3,0,0,0,0,0,0,0,0,0,0,0,0,0,3,0,0,0,0,3,0,0,3,0,0,0,0,0,0,0,0,3,0,0,0,3,0,0,3,0,0,0,0,0,0,0,0,0,0,0,0,0,3,0,0,0,0,0,0,0,0,0,0,0,0,0,7.274,c1(cc(cc(c1)N(=O)=O)N(=O)=O)N(=O)=O
0,0,0,0,0,0,0,0,0,0,0,0,0,0,0,0,0,0,0,0,0,0,0,0,0,0,0,4,0,0,0,0,0,0,0,0,0,0,0,0,0,0,0,0,0,0,0,0,0,0,0,0,0,4,6,0,0,0,0,0,0,0,2,0,0,0,0,0,0,0,0,0,0,0,0,0,0,0,0,0,0,0,0,0,0,0,0,0,0,0,0,0,0,0,0,4,0,0,0,0,0,0,0,0,0,0,0,0,0,4,4,0,0,4,4,0,0,0,0,0,0,0,0,0,0,0,4,0,0,0,4,0,0,0,0,0,0,0,0,0,0,0,0,0,0,0,0,4,0,0,0,0,0,0,0,0,0,0,0,0,0,7.053,c1(ccc(c2c1c(ccc2N(=O)=O)N(=O)=O)N(=O)=O)N(=O)=O
0,0,2,0,0,0,0,0,1,0,0,0,0,0,0,0,0,0,0,0,0,0,0,0,0,0,0,3,0,0,0,0,0,0,0,0,0,0,0,0,0,0,0,0,0,0,0,0,0,0,0,0,0,2,5,0,0,0,0,0,0,0,0,0,0,0,0,2,0,0,0,0,0,0,0,0,0,0,0,0,0,0,0,0,0,0,0,0,0,0,0,0,0,0,0,3,0,0,0,0,0,0,0,0,0,0,0,2,0,3,2,0,0,0,3,0,0,0,0,0,0,0,0,0,0,0,3,0,0,0,1,0,0,1,0,0,0,0,0,0,0,0,0,0,0,0,0,3,0,0,0,0,0,0,0,0,1,0,0,1,0,6.524,c1(c(cc(c(c1N(=O)=O)C)N(=O)=O)N(=O)=O)C
0,0,0,0,0,0,0,0,0,0,0,0,0,0,0,0,0,2,0,0,0,0,0,0,0,0,0,8,0,0,0,0,4,0,0,0,0,0,0,2,0,0,0,0,4,0,0,0,0,0,0,0,0,4,12,0,0,2,1,2,0,0,0,0,0,0,0,0,0,0,0,0,0,0,0,0,0,2,0,0,0,0,0,0,0,0,0,0,0,0,0,0,0,0,0,8,0,0,0,0,0,0,0,0,0,0,0,0,2,8,4,0,0,0,8,0,0,2,0,0,0,0,0,0,0,1,8,0,0,0,5,0,0,5,0,0,0,0,0,0,0,0,0,2,0,0,0,8,0,0,0,0,2,0,0,0,0,0,0,0,0,7.461,n1c(c(cc(c1N(=O)=O)Nc1c(cc(cc1N(=O)=O)N(=O)=O)N(=O)=O)Nc1c(cc(cc1N(=O)=O)N(=O)=O)N(=O)=O)N(=O)=O
0,0,0,0,0,0,0,0,0,0,0,0,0,0,1,0,0,0,0,0,0,0,0,1,0,0,0,5,0,0,0,0,3,0,0,0,1,0,0,2,0,0,0,0,0,0,0,0,0,0,0,0,0,3,8,0,0,2,1,0,0,0,0,0,0,0,0,0,1,0,0,0,0,0,0,0,0,0,0,0,0,0,0,0,0,0,0,0,0,0,0,0,0,0,0,5,0,0,0,0,0,0,0,0,0,0,0,0,0,5,3,2,0,0,5,0,0,2,0,0,0,0,0,0,0,0,5,0,0,0,5,0,0,4,0,0,0,0,0,0,0,0,0,0,0,1,1,5,0,0,0,0,0,0,0,0,0,0,0,0,0,7.069,c1(cc(cc2c1ncn2c1c(cc(cc1N(=O)=O)N(=O)=O)N(=O)=O)N(=O)=O)N(=O)=O
0,0,1,0,0,0,0,0,0,0,0,0,0,0,0,0,0,1,0,0,0,0,0,0,0,0,0,3,0,0,0,0,2,0,0,0,0,0,0,1,0,0,0,0,0,0,0,0,0,0,0,0,0,2,4,0,0,1,0,0,0,0,1,0,0,0,0,0,0,0,0,0,0,0,0,0,0,0,0,0,0,0,0,0,0,0,0,0,0,0,0,1,0,0,0,4,0,0,0,0,0,0,0,0,0,1,0,0,0,3,2,0,0,0,3,0,0,1,0,0,0,1,0,0,0,0,3,0,1,0,2,0,0,2,0,0,1,0,0,0,0,0,0,0,0,0,0,3,0,0,0,0,0,0,0,0,0,0,0,0,0,6.833,C(=O)(c1c(cc(cc1N(=O)=O)N(=O)=O)N(=O)=O)OC
0,6,0,0,0,0,0,0,3,0,0,0,0,0,0,0,0,0,0,0,0,0,0,0,0,0,0,12,0,0,0,0,6,0,0,0,0,0,0,3,0,0,0,0,0,0,0,0,0,0,0,0,0,6,18,0,0,3,0,0,0,0,0,0,0,0,0,0,0,0,0,0,0,0,0,0,0,0,0,0,3,0,0,0,0,0,0,0,0,0,0,0,0,0,0,12,0,0,0,0,0,0,0,0,0,0,0,0,0,12,6,0,6,0,12,0,0,3,0,0,0,0,0,0,0,0,12,0,0,0,6,0,0,6,0,0,0,0,0,0,0,0,0,0,0,0,0,12,0,0,0,0,0,0,0,0,0,0,0,3,0,7.623,c1(c(c(c(c(c1c1c(cc(cc1N(=O)=O)N(=O)=O)N(=O)=O)N(=O)=O)c1c(cc(cc1N(=O)=O)N(=O)=O)N(=O)=O)N(=O)=O)c1c(cc(cc1N(=O)=O)N(=O)=O)N(=O)=O)N(=O)=O
0,0,0,0,0,0,0,0,0,0,0,0,0,0,0,0,0,0,0,0,0,0,0,0,0,0,0,3,0,0,0,0,2,0,0,0,0,0,0,1,0,0,0,0,0,0,0,0,0,0,0,0,0,2,4,0,0,1,0,0,0,0,0,0,0,0,0,0,0,0,0,0,0,0,0,0,0,0,0,0,0,0,0,0,0,0,0,0,0,0,0,0,0,0,0,3,0,0,0,0,0,0,0,0,0,0,0,0,0,3,2,0,0,0,3,0,0,1,0,0,0,1,0,0,0,0,3,0,0,0,2,0,0,2,0,0,0,0,0,0,0,0,0,0,0,0,0,3,0,0,0,0,0,0,0,0,0,0,0,0,0,7.532,N(=O)(=O)c1c(c(cc(c1)N(=O)=O)N(=O)=O)O
0,4,0,0,0,0,0,0,0,0,0,0,0,0,0,0,0,0,0,0,0,0,0,0,0,0,0,6,0,0,0,0,4,0,0,0,0,0,0,2,0,0,0,0,0,0,0,0,0,0,0,0,0,4,8,0,0,2,0,0,0,0,0,0,0,0,0,0,0,0,0,0,0,0,0,0,0,0,0,0,0,0,0,0,0,0,0,0,0,0,0,0,0,0,0,6,0,0,0,0,0,0,0,0,0,0,0,0,0,6,4,0,2,0,6,0,0,2,0,0,0,0,0,0,0,0,6,0,0,0,4,0,0,4,0,0,0,0,0,0,0,0,0,0,0,0,0,6,0,0,0,0,0,0,0,0,0,0,0,0,0,7.5,N(=O)(=O)c1c(c(cc(c1)N(=O)=O)N(=O)=O)c1c(cc(cc1N(=O)=O)N(=O)=O)N(=O)=O
0,6,0,0,0,0,0,0,0,0,0,0,0,0,0,0,0,0,0,0,0,0,0,0,0,0,0,9,0,0,0,0,6,0,0,0,0,0,0,3,0,0,0,0,0,0,0,0,0,0,0,0,0,6,15,0,0,3,3,0,0,0,0,0,0,0,0,0,0,0,0,0,0,3,0,0,0,0,0,0,0,0,0,0,0,0,0,0,0,0,0,0,0,0,0,9,0,0,0,0,0,0,0,0,0,0,0,0,0,9,6,0,3,0,9,0,0,3,0,0,0,0,0,0,0,3,9,0,0,0,6,0,0,6,0,0,0,0,0,0,0,0,0,0,0,0,0,9,0,0,0,0,0,0,0,0,0,0,0,0,0,7.316,n1c(nc(nc1c1c(cc(cc1N(=O)=O)N(=O)=O)N(=O)=O)c1c(cc(cc1N(=O)=O)N(=O)=O)N(=O)=O)c1c(cc(cc1N(=O)=O)N(=O)=O)N(=O)=O
0,0,0,0,0,0,0,0,0,0,0,0,0,0,0,0,0,0,0,0,0,0,0,0,0,0,0,3,0,0,0,0,2,0,0,0,0,0,0,1,0,0,0,0,0,0,0,0,0,0,0,0,0,2,4,0,0,1,0,0,0,0,0,0,0,0,0,0,0,0,0,0,0,0,0,0,0,0,0,0,0,0,0,0,0,0,0,0,0,0,0,0,0,0,0,3,0,0,1,0,0,0,0,0,0,0,0,0,0,3,2,0,0,0,3,0,0,1,0,0,0,0,0,0,0,0,3,0,0,0,2,0,0,2,0,0,0,0,0,0,0,0,0,0,0,0,0,3,0,0,0,0,0,0,0,0,0,0,0,0,0,7.404,N(=O)(=O)c1cc(c(c(c1)N(=O)=O)Cl)N(=O)=O
0,0,1,0,0,0,0,0,0,0,0,0,0,0,0,0,0,0,0,0,0,0,0,0,0,0,0,3,0,0,0,0,2,0,0,0,0,0,0,1,0,0,0,0,0,0,0,0,0,0,0,0,0,2,4,0,0,1,0,0,0,0,0,0,0,0,0,0,0,0,0,0,0,0,0,0,0,0,0,0,0,0,0,0,0,0,0,0,0,0,0,1,0,0,0,4,0,0,0,0,0,0,0,0,0,0,0,0,0,3,2,0,0,0,3,0,0,1,0,0,1,1,0,0,0,0,3,0,0,0,2,0,0,2,0,0,1,0,0,0,0,0,0,0,0,0,0,3,0,0,0,0,0,0,0,0,0,0,0,0,0,6.774,c1c(c(c(cc1N(=O)=O)N(=O)=O)C(=O)C)N(=O)=O
0,0,2,0,0,0,0,0,3,0,0,0,0,0,0,0,0,0,0,0,0,0,0,0,0,0,0,3,0,0,0,0,0,0,0,0,0,0,0,0,0,0,0,0,0,0,0,0,0,0,0,0,0,0,6,0,0,0,0,0,0,0,0,0,0,0,0,0,0,0,0,0,0,0,0,0,0,0,0,0,0,0,0,0,0,0,0,0,0,0,0,0,0,0,0,3,0,0,0,0,0,0,0,0,0,0,0,2,0,3,0,0,0,0,4,0,0,0,0,0,0,1,0,0,0,0,3,0,0,0,0,0,0,0,0,0,0,0,0,0,0,0,0,0,0,0,0,3,0,0,0,0,0,0,0,0,0,0,0,3,0,6.747,Oc1c(c(c(c(c1N(=O)=O)C)N(=O)=O)C)N(=O)=O
0,0,1,0,0,0,0,0,3,0,0,0,0,0,0,0,0,0,0,0,0,0,0,0,0,0,0,3,0,0,0,0,0,0,0,0,0,0,0,0,0,0,0,0,0,0,0,0,0,0,0,0,0,0,6,0,0,0,0,0,0,0,0,0,0,0,0,0,0,0,0,0,0,0,0,0,0,0,0,0,1,0,0,0,0,0,0,0,1,0,0,0,0,0,0,3,0,0,2,0,0,0,0,0,0,1,0,0,0,3,0,0,0,0,3,0,0,0,0,0,0,0,0,0,0,0,3,0,1,0,0,0,0,0,0,0,0,0,0,0,0,0,0,0,0,0,0,3,2,0,0,0,0,0,0,0,0,0,0,3,0,7.253,N(=O)(=O)c1c(c(c(c(c1Cl)N(=O)=O)OC)N(=O)=O)Cl
0,0,0,0,0,0,0,2,0,0,0,0,0,0,0,0,0,0,0,0,0,0,0,0,0,0,0,3,0,0,0,0,2,0,1,0,0,0,0,1,0,0,0,0,0,0,0,0,0,0,0,0,0,2,4,0,0,1,0,0,0,0,0,0,0,0,0,0,0,0,0,0,0,0,0,0,0,0,0,0,0,0,0,0,0,0,0,0,0,0,0,0,0,0,0,3,0,0,0,0,0,0,0,0,0,0,0,0,0,3,2,0,0,0,3,0,0,1,0,0,0,1,0,0,0,0,3,0,0,0,2,0,0,2,0,0,0,0,0,0,0,0,0,0,0,0,0,3,0,0,0,0,0,0,0,0,0,0,0,0,0,6.774,N(=O)(=O)c1c(c(cc(c1)N(=O)=O)N(=O)=O)CCO
0,0,0,0,0,0,0,0,0,0,0,2,0,0,0,0,0,2,0,0,0,0,0,0,0,0,0,8,0,0,0,0,4,0,0,0,0,0,0,2,0,0,0,0,4,0,1,0,0,0,0,0,0,6,12,0,0,2,1,2,0,0,0,0,0,0,0,0,0,0,0,0,0,0,0,0,0,2,0,0,0,0,0,0,0,0,0,0,0,0,0,0,0,0,0,8,0,0,0,0,0,0,0,0,0,0,0,0,2,8,6,0,0,0,8,0,0,2,0,0,0,0,0,0,0,1,8,0,0,0,5,0,0,5,0,0,0,0,0,0,0,0,0,2,0,0,0,8,0,0,0,0,0,0,0,0,1,0,0,0,0,7.438,n1c(c(cc(c1Nc1c(cc(cc1N(=O)=O)N(=O)=O)N(=O)=O)N(=O)=O)N(=O)=O)Nc1c(cc(cc1N(=O)=O)N(=O)=O)N(=O)=O
0,4,0,0,0,0,0,0,0,0,0,0,0,0,0,0,0,0,0,0,0,0,0,0,0,0,0,8,0,0,0,0,4,0,0,0,0,0,0,2,0,0,0,0,0,0,0,0,0,0,0,0,0,6,12,0,0,2,0,0,0,0,0,0,0,0,0,0,0,0,0,0,0,0,0,0,0,0,0,0,0,0,0,0,0,0,0,0,0,0,0,0,0,0,0,8,0,0,0,0,0,0,0,0,0,0,0,0,0,8,6,0,2,0,8,0,0,2,0,0,0,0,0,0,0,0,8,0,0,0,6,0,0,8,0,0,0,0,0,0,0,0,0,0,0,0,0,8,0,0,0,0,0,0,0,0,1,0,0,0,0,7.267,c1c(c(cc(c1N(=O)=O)c1c(cc(cc1N(=O)=O)N(=O)=O)N(=O)=O)c1c(cc(cc1N(=O)=O)N(=O)=O)N(=O)=O)N(=O)=O
0,0,0,0,0,0,0,0,0,0,0,0,0,0,0,0,0,2,0,0,4,0,0,0,0,0,0,6,0,0,0,0,4,0,0,0,0,0,0,2,0,0,0,0,4,0,0,0,0,0,0,0,0,4,10,0,0,2,4,2,0,0,0,0,0,0,0,0,0,0,0,0,0,0,0,0,0,2,0,2,0,0,0,0,0,0,0,0,0,0,0,0,0,0,0,6,0,0,0,0,0,0,0,0,0,0,0,0,0,6,4,0,0,0,6,0,0,2,0,0,0,0,0,0,0,0,6,0,0,0,4,0,0,4,0,0,0,0,0,0,0,0,0,2,0,0,0,6,0,0,0,0,0,0,0,0,0,0,0,0,0,7.507,c1(nnc(nn1)Nc1c(cc(cc1N(=O)=O)N(=O)=O)N(=O)=O)Nc1c(cc(cc1N(=O)=O)N(=O)=O)N(=O)=O
0,6,0,0,0,0,0,0,0,0,0,0,0,0,0,0,0,0,0,0,0,0,0,0,0,0,0,8,0,0,0,0,4,0,0,0,0,0,0,2,0,0,0,0,0,0,0,0,0,0,0,0,0,6,12,0,0,2,0,0,0,0,0,0,0,0,0,0,0,0,0,0,0,0,0,0,0,0,0,0,0,0,0,0,0,0,0,0,0,0,0,0,0,0,0,8,0,0,0,0,0,0,0,0,0,0,0,0,0,8,6,0,3,0,8,0,0,2,0,0,0,0,0,0,0,0,8,0,0,0,6,0,0,6,0,0,0,0,0,0,0,0,0,0,0,0,0,8,0,0,0,0,0,0,0,0,0,0,0,0,0,7.274,c1(cc(cc(c1c1c(cc(cc1N(=O)=O)N(=O)=O)N(=O)=O)N(=O)=O)c1c(cc(cc1N(=O)=O)N(=O)=O)N(=O)=O)N(=O)=O
0,4,0,0,0,0,0,0,1,0,0,0,0,0,0,0,0,0,0,0,0,0,0,0,0,0,0,7,0,0,0,0,4,0,0,0,0,0,0,2,0,0,0,0,0,0,0,0,0,0,0,0,0,4,11,0,0,2,2,0,0,0,0,0,0,0,0,0,2,0,0,0,0,0,0,0,0,0,0,0,0,0,0,0,0,0,0,0,0,0,0,0,0,0,0,7,0,0,0,0,0,0,0,0,0,0,0,0,0,7,4,0,2,0,7,0,0,2,0,0,0,0,0,0,0,0,7,0,0,0,5,0,0,4,0,0,0,0,0,0,0,0,0,0,0,0,0,7,0,0,0,0,0,0,0,0,0,0,0,1,0,7.334,c1nc(c(c(n1)c1c(cc(cc1N(=O)=O)N(=O)=O)N(=O)=O)N(=O)=O)c1c(cc(cc1N(=O)=O)N(=O)=O)N(=O)=O
0,4,0,0,0,0,0,0,0,0,0,2,0,0,0,0,0,0,0,0,0,0,0,0,0,0,0,7,0,0,0,0,4,0,0,0,0,0,0,2,0,0,0,0,0,0,0,0,0,0,0,0,0,5,11,0,0,2,2,0,0,0,0,0,0,0,0,0,1,0,0,0,0,1,1,0,0,0,0,0,0,0,0,0,0,0,0,0,0,0,0,0,0,0,0,7,0,0,0,0,0,0,0,0,0,0,0,0,0,7,5,0,2,0,7,0,0,2,0,0,0,0,0,0,0,1,7,0,0,0,5,0,0,4,0,0,0,0,0,0,0,0,0,0,0,0,0,7,0,0,0,0,0,0,0,0,0,0,0,0,0,7.322,c1nc(nc(c1N(=O)=O)c1c(cc(cc1N(=O)=O)N(=O)=O)N(=O)=O)c1c(cc(cc1N(=O)=O)N(=O)=O)N(=O)=O
0,0,0,0,0,0,0,0,0,0,0,0,0,0,0,0,0,0,0,0,0,0,0,0,0,0,0,4,0,0,0,0,2,0,0,0,0,0,0,2,0,0,0,0,0,0,0,0,0,0,0,0,0,2,6,0,0,0,2,0,0,0,0,0,0,0,0,0,2,0,0,0,0,0,0,0,0,0,0,0,0,0,0,0,0,0,0,0,0,0,0,0,0,0,0,4,0,0,0,0,0,0,0,0,0,0,0,0,0,4,2,0,0,0,4,0,0,2,0,0,0,0,0,0,0,0,4,0,0,0,4,0,0,2,0,0,0,0,0,0,0,0,0,0,0,0,0,4,0,0,0,0,0,0,0,0,0,0,0,0,0,7.317,N(=N\c1ncc(cc1N(=O)=O)N(=O)=O)/c1ncc(cc1N(=O)=O)N(=O)=O
0,0,1,0,0,0,0,0,2,0,0,0,0,0,0,0,0,0,0,0,0,0,0,0,0,0,0,3,0,0,0,0,0,0,0,0,0,0,0,0,0,0,0,0,0,0,0,0,0,0,0,0,0,1,4,0,0,0,0,0,0,0,0,0,0,0,0,0,0,0,0,0,0,0,0,0,0,0,0,0,0,0,0,0,0,0,0,0,0,0,0,0,0,0,0,3,0,0,0,0,1,0,0,0,0,0,0,1,0,3,1,0,0,2,3,0,0,0,0,0,0,0,0,0,0,0,3,0,0,0,2,0,0,0,0,0,0,0,0,0,0,0,0,0,0,0,0,3,0,0,0,0,0,0,0,0,0,0,0,2,0,6.936,c1(ccc(c(c1N(=O)=O)N(=O)=O)N(=O)=O)C
0,0,0,0,0,0,0,0,0,0,0,0,0,0,0,0,0,0,0,0,0,0,0,0,0,0,0,5,0,0,1,0,3,0,0,0,0,0,0,2,0,0,0,0,0,0,0,0,0,0,0,0,0,3,7,0,0,1,0,0,0,0,0,0,0,0,0,0,0,0,0,0,0,0,0,0,0,0,0,0,0,0,0,0,0,0,0,0,0,0,0,1,0,0,0,6,0,0,0,0,0,0,0,0,0,0,0,0,0,5,3,0,0,2,5,0,0,2,0,0,0,1,0,0,0,0,5,0,0,0,5,0,0,3,0,0,1,0,0,1,0,0,0,0,0,0,0,5,0,0,0,0,0,0,0,0,0,0,0,0,0,6.968,O=C(c1c(cc(cc1N(=O)=O)N(=O)=O)N(=O)=O)c1ccc(cc1N(=O)=O)N(=O)=O
0,3,1,0,0,0,0,0,1,0,0,0,0,0,0,0,0,0,0,0,0,0,0,0,0,0,0,6,0,0,0,0,2,0,0,0,0,0,0,1,0,0,0,0,0,0,0,0,0,0,0,0,0,4,9,0,0,1,0,0,0,0,0,0,0,0,0,1,0,0,0,0,0,0,0,0,0,0,0,0,0,0,0,0,0,0,0,0,0,0,0,0,0,0,0,6,0,0,0,0,0,0,0,0,0,0,0,1,0,6,4,0,2,0,6,0,0,1,0,0,0,0,0,0,0,0,6,0,0,0,3,0,0,3,0,0,0,0,0,0,0,0,0,0,0,0,0,6,0,0,0,0,0,0,0,0,1,0,0,1,0,7.267,c1(c2c(c(c(cc2N(=O)=O)N(=O)=O)C)N(=O)=O)c(cc(cc1N(=O)=O)N(=O)=O)N(=O)=O
0,0,0,0,0,0,0,1,0,0,0,0,0,0,0,0,0,0,0,0,0,0,0,0,0,0,0,3,0,0,0,0,2,0,0,0,0,0,0,1,0,0,0,0,0,0,0,0,0,0,0,0,0,2,4,0,0,1,0,0,0,0,0,0,0,0,0,0,0,0,0,0,0,0,0,0,0,0,0,0,0,0,0,0,0,0,0,0,0,0,0,0,0,0,0,3,0,0,0,0,0,0,0,0,0,0,0,1,0,3,2,0,0,0,3,0,0,1,0,0,0,1,0,0,0,0,3,0,0,0,2,0,0,2,0,0,0,0,0,0,0,0,0,0,0,0,0,3,0,0,0,0,0,0,0,0,0,0,0,0,0,7.164,c1c(cc(c(c1N(=O)=O)CO)N(=O)=O)N(=O)=O
0,0,0,0,0,0,0,0,0,0,0,0,0,0,0,0,0,1,0,0,0,0,0,0,0,0,0,6,0,0,0,0,4,0,0,0,0,0,0,2,0,0,0,0,4,0,0,0,0,0,0,0,0,4,8,0,0,2,0,2,0,0,0,0,0,0,0,0,0,0,0,0,0,0,0,0,0,1,0,0,0,0,0,0,0,0,0,0,0,0,0,0,0,0,0,6,0,0,0,0,0,0,0,0,0,0,0,0,0,6,4,0,0,0,6,0,0,2,0,0,0,0,0,0,0,0,6,0,0,0,4,0,0,4,0,0,0,0,0,0,0,0,0,2,0,0,0,6,0,0,0,0,0,0,0,0,0,0,0,0,0,7.506,N(=O)(=O)c1c(c(cc(c1)N(=O)=O)N(=O)=O)Nc1c(cc(cc1N(=O)=O)N(=O)=O)N(=O)=O
0,0,1,0,2,0,2,0,4,0,0,0,0,0,0,0,0,0,0,0,0,0,0,0,1,0,0,4,0,0,0,0,0,0,0,0,0,0,0,0,1,0,0,0,0,0,0,0,0,0,0,0,0,0,6,0,0,0,0,0,0,0,0,0,0,0,0,0,0,1,0,0,0,0,0,0,0,0,0,0,0,0,0,0,0,0,0,0,0,0,0,0,0,0,0,4,0,0,0,0,0,0,0,0,0,0,0,1,0,4,0,0,0,0,4,0,0,0,0,0,0,0,0,0,0,0,4,0,0,0,0,0,0,0,0,0,0,0,0,0,0,0,0,0,0,0,0,4,0,0,0,0,0,0,0,0,0,0,0,4,0,7.736,c1(c(c(c(c(c1N(=O)=O)N(=O)=O)N)N(=O)=O)N(=O)=O)C
0,0,0,0,0,0,0,1,0,0,0,0,0,0,0,0,0,0,0,0,0,0,0,0,0,0,0,3,0,0,0,0,2,0,0,0,0,0,0,1,0,0,0,0,0,0,0,0,0,0,0,0,0,2,4,0,0,1,0,0,0,0,0,0,0,0,0,0,0,0,0,0,0,0,0,0,0,0,0,0,0,0,0,0,0,0,0,0,0,0,0,0,0,0,0,3,0,0,1,0,0,0,0,0,0,0,0,0,0,3,2,0,0,0,3,0,0,1,0,0,0,0,0,0,0,0,3,0,0,0,2,0,0,2,0,0,0,0,0,0,0,0,0,0,0,0,0,3,0,0,0,0,0,0,0,0,0,0,0,0,0,6.975,C(c1c(cc(cc1N(=O)=O)N(=O)=O)N(=O)=O)Cl
0,0,0,0,0,0,0,0,1,0,0,0,0,2,0,0,0,0,0,0,0,0,0,0,0,0,0,3,0,0,0,0,0,0,0,0,0,0,0,0,0,0,0,0,0,0,0,0,0,0,0,0,0,2,5,0,0,0,0,0,0,0,0,0,0,0,0,0,0,0,0,0,0,0,0,0,0,0,0,0,0,0,0,0,0,0,0,0,0,0,0,0,0,0,0,3,0,0,0,0,0,0,0,0,0,0,0,0,0,3,2,0,0,0,3,0,0,0,0,0,0,2,0,0,0,0,3,0,0,0,1,0,0,1,0,0,0,0,0,0,0,0,0,0,0,0,0,3,0,0,0,0,0,0,0,0,1,0,0,1,0,7.8,c1c(c(c(c(c1N(=O)=O)O)N(=O)=O)O)N(=O)=O
0,3,0,0,0,0,0,0,1,0,0,0,0,1,0,0,0,0,0,0,0,0,0,0,0,0,0,6,0,0,0,0,2,0,0,0,0,0,0,1,0,0,0,0,0,0,0,0,0,0,0,0,0,4,9,0,0,1,0,0,0,0,0,0,0,0,0,0,0,0,0,0,0,0,0,0,0,0,0,0,0,0,0,0,0,0,0,0,0,0,0,0,0,0,0,6,0,0,0,0,0,0,0,0,0,0,0,0,0,6,4,0,2,0,6,0,0,1,0,0,0,1,0,0,0,0,6,0,0,0,3,0,0,3,0,0,0,0,0,0,0,0,0,0,0,0,0,6,0,0,0,0,0,0,0,0,1,0,0,1,0,7.646,N(=O)(=O)c1c(c(c(c(c1)N(=O)=O)O)N(=O)=O)c1c(cc(cc1N(=O)=O)N(=O)=O)N(=O)=O
0,0,0,0,0,0,0,0,0,0,0,0,0,0,0,0,0,0,0,0,0,0,0,0,0,0,0,3,0,0,0,0,2,0,0,0,0,0,0,1,0,0,0,0,0,0,0,0,0,0,0,0,1,2,4,0,0,1,0,0,0,0,0,0,0,0,0,0,0,0,0,0,0,0,0,0,0,0,0,0,0,0,0,0,0,0,0,0,0,1,0,0,0,0,0,3,0,0,0,0,0,0,0,0,1,0,0,0,0,3,2,0,0,0,3,0,0,1,0,0,0,1,0,0,0,0,3,0,0,0,2,0,0,2,0,0,0,0,0,0,0,0,0,0,0,0,0,3,0,0,0,0,0,0,0,0,0,0,0,0,0,7.438,c1(cc(cc(c1/C=N/O)N(=O)=O)N(=O)=O)N(=O)=O
0,0,0,0,1,0,0,0,2,0,0,0,0,0,0,0,0,0,0,0,0,0,0,0,1,0,0,4,0,0,0,0,0,0,0,0,0,0,0,0,1,0,0,0,0,0,0,0,0,0,0,0,0,2,5,0,0,0,0,0,0,0,0,0,0,0,0,0,0,1,0,0,0,0,0,0,0,0,0,0,0,0,0,0,0,0,0,0,0,1,0,0,0,1,0,4,0,0,0,1,0,0,0,0,0,0,0,0,0,4,2,0,0,0,4,0,0,0,0,0,0,0,0,0,0,0,4,0,0,0,1,0,0,1,0,0,0,0,0,0,0,0,0,0,0,0,0,4,0,0,0,0,0,0,0,0,1,0,0,2,0,8.15,N(=O)(=O)c1c(c(c(c(c1)N(=O)=O)N(=O)=O)N(=O)=O)N
0,2,0,0,0,0,0,0,2,0,0,0,0,2,0,0,0,0,0,0,0,0,0,0,0,0,0,6,0,0,0,0,0,0,0,0,0,0,0,0,0,0,0,0,0,0,0,0,0,0,0,0,0,4,10,0,0,0,0,0,0,0,0,0,0,0,0,0,0,0,0,0,0,0,0,0,0,0,0,0,0,0,0,0,0,0,0,0,0,0,0,0,0,0,0,6,0,0,0,0,0,0,0,0,0,0,0,0,0,6,4,0,2,0,6,0,0,0,0,0,0,2,0,0,0,0,6,0,0,0,2,0,0,2,0,0,0,0,0,0,0,0,0,0,0,0,0,6,0,0,0,0,0,0,0,0,2,0,0,2,0,7.789,N(=O)(=O)c1cc(c(c(c1O)N(=O)=O)c1c(c(c(cc1N(=O)=O)N(=O)=O)O)N(=O)=O)N(=O)=O
0,6,0,0,2,0,0,0,2,0,0,0,0,0,0,0,0,0,0,0,0,0,0,0,0,0,0,12,0,0,0,0,4,0,0,0,0,0,0,2,0,0,0,0,0,0,0,0,0,0,0,0,0,8,18,0,0,2,0,0,0,0,0,0,0,0,0,0,0,0,0,0,0,0,0,0,0,0,0,0,0,0,0,0,0,0,0,0,0,0,0,0,0,0,0,12,0,0,0,0,0,0,0,0,0,0,0,0,0,12,8,0,4,0,12,0,0,2,0,0,0,0,0,0,0,0,12,0,0,0,6,0,0,6,0,0,0,0,0,0,0,0,0,0,0,0,0,12,0,0,0,0,0,0,0,0,2,0,0,2,0,7.692,N(=N\c1c(c(c(cc1N(=O)=O)N(=O)=O)c1c(cc(cc1N(=O)=O)N(=O)=O)N(=O)=O)N(=O)=O)/c1c(c(c(cc1N(=O)=O)N(=O)=O)c1c(cc(cc1N(=O)=O)N(=O)=O)N(=O)=O)N(=O)=O
0,8,0,0,0,0,0,0,2,0,0,0,0,0,0,0,0,0,0,0,0,0,0,0,0,0,0,12,0,0,0,0,4,0,0,0,0,0,0,2,0,0,0,0,0,0,0,0,0,0,0,0,0,8,18,0,0,2,0,0,0,0,0,0,0,0,0,0,0,0,0,0,0,0,0,0,0,0,0,0,0,0,0,0,0,0,0,0,0,0,0,0,0,0,0,12,0,0,0,0,0,0,0,0,0,0,0,0,0,12,8,0,6,0,12,0,0,2,0,0,0,0,0,0,0,0,12,0,0,0,6,0,0,6,0,0,0,0,0,0,0,0,0,0,0,0,0,12,0,0,0,0,0,0,0,0,2,0,0,2,0,7.618,c1(cc(c(c(c1c1c(cc(cc1N(=O)=O)N(=O)=O)N(=O)=O)N(=O)=O)c1c(c(c(cc1N(=O)=O)N(=O)=O)c1c(cc(cc1N(=O)=O)N(=O)=O)N(=O)=O)N(=O)=O)N(=O)=O)N(=O)=O
0,4,0,0,0,0,0,0,0,0,0,0,0,0,0,0,0,0,0,0,0,0,0,0,0,0,0,8,0,0,0,0,4,0,0,0,0,0,0,2,0,0,0,0,0,0,0,0,0,0,0,0,0,6,12,0,0,2,0,0,0,0,0,0,0,0,0,0,0,0,0,0,0,0,0,0,0,0,0,0,0,0,0,0,0,0,0,0,0,0,0,0,0,0,0,8,0,0,0,0,0,0,0,0,0,0,0,0,0,8,6,0,2,0,8,0,0,2,0,0,0,0,0,0,0,0,8,0,0,0,6,0,0,8,0,0,0,0,0,0,0,0,0,0,0,0,0,8,0,0,0,0,0,0,0,0,0,0,0,0,0,7.268,c1c(c(cc(c1c1c(cc(cc1N(=O)=O)N(=O)=O)N(=O)=O)N(=O)=O)c1c(cc(cc1N(=O)=O)N(=O)=O)N(=O)=O)N(=O)=O
0,6,0,0,0,0,0,0,1,0,0,0,0,0,0,0,0,0,0,0,0,0,0,0,0,0,0,9,0,0,0,0,4,0,0,0,0,0,0,2,0,0,0,0,0,0,0,0,0,0,0,0,0,6,13,0,0,2,0,0,0,0,0,0,0,0,0,0,0,0,0,0,0,0,0,0,0,0,0,0,0,0,0,0,0,0,0,0,0,0,0,0,0,0,0,9,0,0,0,0,0,0,0,0,0,0,0,0,0,9,6,0,4,0,9,0,0,2,0,0,0,0,0,0,0,0,9,0,0,0,5,0,0,5,0,0,0,0,0,0,0,0,0,0,0,0,0,9,0,0,0,0,0,0,0,0,1,0,0,1,0,7.58,c1c(c(c(c(c1N(=O)=O)c1c(cc(cc1N(=O)=O)N(=O)=O)N(=O)=O)N(=O)=O)c1c(cc(cc1N(=O)=O)N(=O)=O)N(=O)=O)N(=O)=O
0,0,0,0,0,0,0,1,0,0,0,0,0,0,0,0,0,0,0,0,0,0,0,0,0,0,0,6,0,0,0,0,4,0,0,0,0,0,0,2,0,0,0,0,0,0,0,0,0,0,0,0,0,4,8,0,0,2,0,0,0,0,0,0,0,0,0,0,0,0,0,0,0,0,0,0,0,0,0,0,0,0,0,0,0,0,0,0,0,0,0,0,0,0,0,6,0,0,0,0,0,0,0,0,0,0,0,0,0,6,4,0,0,0,6,0,0,2,0,0,0,0,0,0,0,0,6,0,0,0,4,0,0,4,0,0,0,0,0,0,0,0,0,0,0,0,0,6,0,0,0,0,0,0,0,0,0,0,0,0,0,7.265,C(c1c(cc(cc1N(=O)=O)N(=O)=O)N(=O)=O)c1c(cc(cc1N(=O)=O)N(=O)=O)N(=O)=O
0,0,0,0,0,0,2,0,0,0,0,0,0,0,0,0,0,0,0,0,0,0,0,0,0,0,0,6,0,0,0,0,4,0,0,0,0,0,0,2,0,0,0,0,0,0,0,0,0,0,0,0,2,4,8,0,0,2,0,0,0,0,0,0,0,0,0,0,0,0,0,0,0,0,0,0,0,0,0,0,0,0,0,0,0,0,0,0,0,0,0,0,0,0,0,6,0,0,0,0,0,0,0,0,2,0,0,0,0,6,4,0,0,0,6,0,0,2,0,0,0,0,0,0,0,0,6,0,0,0,4,0,0,4,0,0,0,0,0,0,0,0,0,0,0,0,0,6,0,0,0,0,0,0,0,0,0,0,0,0,0,7.11,c1(cc(cc(c1/C=C/c1c(cc(cc1N(=O)=O)N(=O)=O)N(=O)=O)N(=O)=O)N(=O)=O)N(=O)=O
0,0,1,0,1,0,1,0,4,0,0,0,0,0,0,0,0,0,0,0,0,0,0,0,1,0,0,4,0,0,0,0,0,0,0,1,0,0,0,0,1,0,0,0,0,0,0,0,0,0,0,0,0,0,6,0,0,0,0,0,0,0,0,0,0,0,0,0,0,1,0,0,0,0,0,0,0,0,0,0,0,0,0,0,0,0,0,0,0,0,0,0,0,0,0,4,0,0,0,0,0,0,0,0,0,0,0,1,0,4,0,0,0,0,4,0,0,0,0,0,0,0,0,0,0,0,4,0,0,0,0,0,0,0,0,0,0,0,0,0,0,0,0,0,0,0,0,4,0,0,0,0,0,0,0,0,0,0,0,4,0,7.738,c1(c(c(c(c(c1N(=O)=O)N)N(=O)=O)N(=O)=O)N(=O)=O)C
0,0,0,0,4,0,0,0,0,0,0,0,0,0,0,0,0,0,0,0,0,0,0,0,0,0,0,6,0,0,0,0,4,0,0,0,0,0,0,2,0,0,0,0,0,0,0,0,0,0,0,0,0,4,8,0,0,2,0,0,0,0,0,0,0,0,0,0,0,0,0,0,0,0,0,0,0,0,0,0,0,0,0,0,0,0,0,0,0,0,0,0,0,0,0,6,0,0,0,0,0,0,0,0,0,0,0,0,0,6,4,0,0,0,6,0,0,2,0,0,0,0,0,0,0,0,6,0,0,0,4,0,0,4,0,0,0,0,0,0,0,0,0,0,0,0,0,6,0,0,0,0,0,0,0,0,0,0,0,0,0,7.659,N(=N\c1c(cc(cc1N(=O)=O)N(=O)=O)N(=O)=O)/c1c(cc(cc1N(=O)=O)N(=O)=O)N(=O)=O
0,0,1,0,1,0,1,0,4,0,0,0,0,0,0,0,0,0,0,0,0,0,0,0,1,0,0,4,0,0,0,0,0,0,0,2,0,0,0,0,1,0,0,0,0,0,0,0,0,0,0,0,0,0,6,0,0,0,0,0,0,0,0,0,0,0,0,0,0,1,0,0,0,0,0,0,0,0,0,0,0,0,0,0,0,0,0,0,0,0,0,0,0,0,0,4,0,0,0,0,0,0,0,0,0,0,0,1,0,4,0,0,0,0,4,0,0,0,0,0,0,0,0,0,0,0,4,0,0,0,0,0,0,0,0,0,0,0,0,0,0,0,0,0,0,0,0,4,0,0,0,0,0,0,0,0,0,0,0,4,0,7.755,c1(c(c(c(c(c1N)N(=O)=O)N(=O)=O)N(=O)=O)N(=O)=O)C
0,0,0,0,0,0,0,0,0,0,0,0,0,0,0,0,0,0,0,0,0,0,0,0,0,0,0,3,0,0,0,0,2,0,0,0,0,0,0,1,0,0,0,0,0,0,0,0,0,0,0,0,1,2,4,0,0,1,0,0,0,0,0,0,0,0,0,0,0,0,0,0,0,0,0,0,0,0,0,0,0,0,0,0,0,0,0,0,0,0,0,0,0,0,0,4,0,0,0,0,0,0,0,0,1,0,0,0,0,3,2,0,0,0,3,0,0,1,0,0,0,0,0,0,0,0,3,0,0,0,2,0,0,2,0,0,0,0,0,0,0,0,0,0,0,0,0,3,0,0,0,0,0,0,0,0,0,0,1,0,0,7.183,c1(cc(cc(c1C=O)N(=O)=O)N(=O)=O)N(=O)=O
0,0,0,0,4,0,0,0,0,0,0,0,0,0,0,0,0,0,0,0,0,0,0,0,0,0,0,8,0,0,0,0,4,0,0,0,0,0,0,2,0,0,0,0,0,0,0,0,0,0,0,0,0,6,12,0,0,2,1,0,0,0,0,0,0,0,0,0,0,0,0,0,0,0,0,0,0,0,0,0,0,0,0,0,0,0,0,0,0,0,0,0,0,0,0,8,0,0,0,0,0,0,0,0,0,0,0,0,0,8,6,0,0,0,8,0,0,2,0,0,0,0,0,0,0,1,8,0,0,0,5,0,0,5,0,0,0,0,0,0,0,0,0,0,0,0,0,8,0,0,0,0,0,0,0,0,1,0,0,0,0,7.668,n1c(c(cc(c1/N=N/c1c(cc(cc1N(=O)=O)N(=O)=O)N(=O)=O)N(=O)=O)N(=O)=O)/N=N/c1c(cc(cc1N(=O)=O)N(=O)=O)N(=O)=O
0,0,0,0,0,0,0,0,0,0,0,0,0,0,0,0,0,0,0,0,0,0,0,0,0,0,0,3,0,0,0,0,2,0,0,1,0,0,0,1,0,0,0,1,0,0,0,0,0,0,0,0,1,2,4,0,0,1,0,0,0,0,0,0,0,0,0,0,0,0,0,0,0,0,0,0,0,0,0,0,0,0,0,0,0,0,0,0,0,0,0,0,0,0,0,3,0,0,0,0,0,0,0,0,1,0,0,0,0,3,2,0,0,0,3,0,0,1,0,0,0,0,0,0,0,0,3,0,0,0,2,0,0,2,0,0,0,0,0,0,0,0,0,0,0,0,0,3,0,0,0,0,0,0,0,0,0,0,0,0,0,6.691,c1(cc(cc(c1C=C)N(=O)=O)N(=O)=O)N(=O)=O
0,0,0,0,0,0,0,0,0,0,0,0,0,0,0,0,0,0,0,0,0,0,0,0,0,0,0,4,0,0,0,0,0,0,0,0,0,0,0,0,0,0,0,0,0,0,0,0,0,0,0,0,0,4,4,0,0,0,0,0,0,0,0,0,0,0,0,0,0,0,0,0,0,0,0,0,0,0,0,0,0,0,0,0,0,0,0,0,0,0,0,0,0,0,0,4,0,0,0,0,0,0,0,0,0,0,0,0,0,4,4,0,0,0,4,0,0,0,0,0,0,0,0,0,0,0,4,0,0,0,2,0,0,2,0,0,0,0,0,0,0,0,0,0,0,0,0,4,0,0,0,0,0,0,0,0,2,0,0,0,0,8.097,N(=O)(=O)c1cc(c(cc1N(=O)=O)N(=O)=O)N(=O)=O
0,0,0,0,0,0,0,0,3,0,0,0,0,0,0,0,0,0,0,0,0,0,0,0,0,0,0,3,0,0,0,0,0,0,0,0,0,0,0,0,0,0,0,0,0,0,0,0,0,0,0,0,0,0,6,0,0,0,0,0,0,0,0,0,0,0,0,0,0,0,0,0,0,0,0,0,0,0,0,0,0,0,0,0,0,0,0,0,0,0,0,0,0,0,0,3,0,0,0,0,0,0,0,0,0,0,0,0,0,3,0,0,0,0,6,0,0,0,0,0,0,3,0,0,0,0,3,0,0,0,0,0,0,0,0,0,0,0,0,0,0,0,0,0,0,0,0,3,0,0,0,0,0,0,0,0,0,0,0,3,0,8.028,N(=O)(=O)c1c(c(c(c(c1O)N(=O)=O)O)N(=O)=O)O
0,0,1,0,0,0,0,0,2,0,0,0,0,0,0,0,0,0,0,0,0,0,0,0,0,0,0,4,0,0,0,0,0,0,0,0,0,0,0,0,0,0,0,0,0,0,0,0,0,0,0,0,0,2,5,0,0,0,0,0,0,0,0,0,0,0,0,0,0,0,0,0,0,0,0,0,0,0,0,0,0,0,0,0,0,0,0,0,0,0,0,0,0,0,0,4,0,0,0,2,0,0,0,0,0,0,0,1,0,4,2,0,0,0,4,0,0,0,0,0,0,0,0,0,0,0,4,0,0,0,1,0,0,1,0,0,0,0,0,0,0,0,0,0,0,0,0,4,0,0,0,0,0,0,0,0,1,0,0,2,0,7.66,c1(c(c(cc(c1N(=O)=O)N(=O)=O)N(=O)=O)N(=O)=O)C
0,0,0,0,4,0,0,0,8,0,0,0,0,0,0,0,0,0,0,0,0,0,0,0,2,0,0,8,0,0,0,0,0,0,0,0,0,0,0,0,2,0,0,0,0,0,0,0,0,0,0,0,0,0,12,0,0,0,0,0,0,0,0,0,0,0,0,0,0,2,0,0,0,0,0,0,0,0,0,0,2,0,0,0,0,0,0,0,0,0,0,0,0,0,0,8,0,0,0,0,0,0,0,0,0,0,0,0,0,8,0,0,2,0,8,0,0,0,0,0,0,0,0,0,0,0,8,0,0,0,0,0,0,0,0,0,0,0,0,0,0,0,0,0,0,0,0,8,0,0,0,0,0,0,0,0,0,0,0,8,0,8.401,c1(c(c(c(c(c1c1c(c(c(c(c1N(=O)=O)N(=O)=O)N)N(=O)=O)N(=O)=O)N(=O)=O)N(=O)=O)N)N(=O)=O)N(=O)=O
0,0,0,0,0,0,0,0,0,0,0,0,0,0,0,0,0,0,0,0,0,0,0,0,0,0,0,3,0,0,0,0,0,0,0,0,0,0,0,1,0,0,0,0,0,0,0,0,0,0,0,0,0,0,3,0,0,1,0,0,0,0,0,0,0,0,0,0,0,0,0,0,0,1,0,0,0,0,0,0,0,0,2,0,0,0,0,0,0,0,0,0,0,0,0,3,0,0,0,0,0,0,0,0,0,0,0,0,0,4,0,0,0,0,3,0,0,1,0,0,0,0,0,0,0,0,3,0,0,0,2,0,0,2,0,0,0,0,0,0,0,0,0,0,0,0,0,3,0,0,0,0,0,0,0,0,0,0,0,0,0,8.348,[n+]1(c(cc(cc1N(=O)=O)N(=O)=O)N(=O)=O)[O-]
0,0,1,0,0,0,1,0,2,0,0,0,0,0,0,0,0,0,0,0,0,0,0,0,0,0,0,4,0,0,0,0,0,0,0,0,0,0,0,0,0,0,0,0,0,0,0,0,0,0,0,0,0,2,5,0,0,0,0,0,0,0,0,0,0,0,0,1,0,0,0,0,0,0,0,0,0,0,0,0,0,0,0,0,0,0,0,0,0,0,0,0,0,0,0,4,0,0,0,1,0,0,0,0,0,0,0,1,0,4,2,0,0,0,4,0,0,0,0,0,0,0,0,0,0,0,4,0,0,0,1,0,0,1,0,0,0,0,0,0,0,0,0,0,0,0,0,4,0,0,0,0,0,0,0,0,1,0,0,2,0,7.667,c1(c(cc(c(c1N(=O)=O)N(=O)=O)N(=O)=O)N(=O)=O)C
0,0,1,0,0,0,2,0,5,0,0,0,0,0,0,0,0,0,0,0,0,0,0,0,0,0,0,5,0,0,0,0,0,0,0,3,0,0,0,0,0,0,0,0,0,0,0,0,0,0,0,0,0,0,6,0,0,0,0,0,0,0,0,0,0,0,0,0,0,0,0,0,0,0,0,0,0,0,0,0,0,0,0,0,0,0,0,0,0,0,0,0,0,0,0,5,0,0,0,0,0,0,0,0,0,0,0,1,0,5,0,0,0,0,5,0,0,0,0,0,0,0,0,0,0,0,5,0,0,0,0,0,0,0,0,0,0,0,0,0,0,0,0,0,0,0,0,5,0,0,0,0,0,0,0,0,0,0,0,5,0,8.268,c1(c(c(c(c(c1N(=O)=O)N(=O)=O)N(=O)=O)N(=O)=O)N(=O)=O)C
0,0,0,0,2,0,0,0,5,0,0,0,0,0,0,0,0,0,0,0,0,0,0,0,1,0,0,5,0,0,0,0,0,0,0,3,0,0,0,0,1,0,0,0,0,0,0,0,0,0,0,0,0,0,6,0,0,0,0,0,0,0,0,0,0,0,0,0,0,1,0,0,0,0,0,0,0,0,0,0,0,0,0,0,0,0,0,0,0,0,0,0,0,0,0,5,0,0,0,0,0,0,0,0,0,0,0,0,0,5,0,0,0,0,5,0,0,0,0,0,0,0,0,0,0,0,5,0,0,0,0,0,0,0,0,0,0,0,0,0,0,0,0,0,0,0,0,5,0,0,0,0,0,0,0,0,0,0,0,5,0,8.762,Nc1c(c(c(c(c1N(=O)=O)N(=O)=O)N(=O)=O)N(=O)=O)N(=O)=O
0,0,1,0,0,0,0,0,3,0,0,0,0,0,0,0,0,0,0,0,0,0,0,0,0,0,0,4,0,0,0,0,0,0,0,1,0,0,0,0,0,1,0,0,0,0,0,0,0,0,0,0,0,1,5,0,0,0,0,0,0,0,0,0,0,0,0,0,0,0,0,0,0,0,0,0,0,0,0,0,0,0,0,0,0,0,0,0,0,0,0,0,0,0,0,4,0,0,0,1,0,0,0,0,0,0,0,1,0,4,1,0,0,0,4,0,0,0,0,0,0,0,0,0,0,0,4,0,0,0,1,0,0,1,0,0,0,0,0,0,0,0,0,0,0,0,0,4,0,0,0,0,0,0,0,0,0,0,0,3,0,7.682,c1(cc(c(c(c1N(=O)=O)N(=O)=O)N(=O)=O)N(=O)=O)C
0,0,0,0,0,0,0,0,6,0,0,0,0,0,0,0,0,0,0,0,0,0,0,0,0,0,0,6,0,0,0,0,0,0,0,6,0,0,0,0,0,0,0,0,0,0,0,0,0,0,0,0,0,0,6,0,0,0,0,0,0,0,0,0,0,0,0,0,0,0,0,0,0,0,0,0,0,0,0,0,0,0,0,0,0,0,0,0,0,0,0,0,0,0,0,6,0,0,0,0,0,0,0,0,0,0,0,0,0,6,0,0,0,0,6,0,0,0,0,0,0,0,0,0,0,0,6,0,0,0,0,0,0,0,0,0,0,0,0,0,0,0,0,0,0,0,0,6,0,0,0,0,0,0,0,0,0,0,0,6,0,9.172,N(=O)(=O)c1c(c(c(c(c1N(=O)=O)N(=O)=O)N(=O)=O)N(=O)=O)N(=O)=O
0,0,0,0,0,0,0,0,3,0,0,0,0,0,0,0,0,0,0,0,0,0,0,0,0,0,0,5,0,0,0,0,0,0,0,1,0,0,0,0,0,0,0,0,0,0,0,0,0,0,0,0,0,2,5,0,0,0,0,0,0,0,0,0,0,0,0,0,0,0,0,0,0,0,0,0,0,0,0,0,0,0,0,0,0,0,0,0,0,0,0,0,0,0,0,5,0,0,0,2,0,0,0,0,0,0,0,0,0,5,2,0,0,0,5,0,0,0,0,0,0,0,0,0,0,0,5,0,0,0,1,0,0,1,0,0,0,0,0,0,0,0,0,0,0,0,0,5,0,0,0,0,0,0,0,0,1,0,0,3,0,8.692,c1c(c(c(c(c1N(=O)=O)N(=O)=O)N(=O)=O)N(=O)=O)N(=O)=O
0,0,0,7,0,0,0,0,0,0,0,0,0,0,0,0,0,0,0,0,0,0,0,0,0,0,0,0,0,0,0,0,0,0,0,0,0,0,0,0,0,0,0,0,0,0,0,0,0,0,0,0,0,0,0,0,0,0,0,0,0,0,0,0,0,0,0,0,0,0,0,0,0,0,0,0,0,0,0,0,0,0,0,0,0,0,0,0,0,0,0,0,0,0,0,7,0,0,0,0,0,0,0,0,0,0,0,0,0,7,0,0,0,0,7,0,0,0,0,0,0,0,0,0,0,0,7,0,0,0,0,0,0,0,0,0,0,0,0,0,0,0,0,0,0,0,0,7,0,0,0,0,0,0,0,0,0,7,0,0,1,9.569,O=N(=O)C12C3C4(N(=O)=O)C1(N(=O)=O)C1(N(=O)=O)C2(N(=O)=O)C3(N(=O)=O)C41N(=O)=O
0,0,0,0,0,0,0,0,0,0,0,0,0,0,0,0,0,0,0,0,0,0,0,0,0,0,0,0,0,0,0,0,0,0,0,0,6,0,0,0,0,0,0,0,0,0,0,0,0,0,0,0,0,0,0,0,0,0,0,0,0,6,0,0,0,0,0,0,0,0,6,0,0,0,0,0,0,0,0,0,0,0,0,0,0,0,0,0,6,0,0,0,0,0,0,6,0,0,0,0,0,0,0,0,0,0,0,0,0,6,0,0,0,0,6,0,0,0,0,0,0,0,0,0,0,0,6,0,0,0,0,0,0,0,0,0,0,0,0,0,0,0,0,0,0,0,6,6,0,0,0,0,0,0,0,0,0,0,0,0,6,9.972,O=N(=O)N1C2C3N(N(=O)=O)C4C1N(N(=O)=O)C(C(N2N(=O)=O)N3N(=O)=O)N4N(=O)=O
0,0,0,0,0,0,2,2,0,0,0,0,4,0,0,2,0,0,0,0,0,0,0,0,0,0,0,0,0,0,1,0,0,0,0,0,0,0,0,0,0,0,0,0,0,0,0,0,0,0,0,0,0,0,0,0,0,0,0,0,0,0,0,0,0,0,0,0,0,0,0,0,0,0,0,0,0,0,0,0,0,0,0,0,0,0,0,0,0,0,0,0,0,0,0,5,0,0,0,0,0,0,0,0,0,0,0,0,0,5,0,0,0,0,5,2,1,0,0,0,1,2,0,0,0,0,5,0,0,0,0,0,0,0,3,0,0,0,0,0,0,2,0,0,0,0,0,5,0,0,0,0,0,0,0,0,0,0,0,0,0,8.365,[H]C([H])(N(N(=O)=O)C([H])([H])C(N(F)F)(N(=O)=O)N(=O)=O)C(N(F)F)(N(=O)=O)N(=O)=O
0,0,0,0,0,0,0,0,0,0,0,0,0,0,0,0,0,2,0,0,0,0,0,0,0,0,0,0,0,0,0,0,0,0,2,0,2,0,0,0,0,0,0,0,0,0,0,0,0,0,0,0,0,0,4,0,0,0,4,0,0,0,0,0,0,0,0,0,0,0,0,0,0,0,0,0,0,0,0,0,0,4,0,0,0,0,0,0,0,0,0,0,0,0,0,2,0,2,0,0,0,0,0,0,0,0,0,0,2,2,0,0,0,0,2,0,0,0,0,0,0,0,0,0,0,0,2,0,0,0,0,0,2,0,0,0,0,0,0,0,0,0,0,0,2,0,0,2,0,0,0,0,0,0,0,0,0,0,0,0,0,9.729,O=N(=O)NC1=NON=C1N=NC1=NON=C1NN(=O)=O
0,0,0,6,0,0,0,0,0,0,0,0,0,0,0,0,0,0,0,0,0,0,0,0,0,0,0,0,0,0,0,0,0,0,0,0,0,0,0,0,0,0,0,0,0,0,0,0,0,0,0,0,0,0,0,0,0,0,0,0,0,0,0,0,0,0,0,0,0,0,0,0,0,0,0,0,0,0,0,0,0,0,0,0,0,0,0,0,0,0,0,0,0,0,0,6,0,0,0,2,0,0,0,0,0,0,0,0,0,6,0,0,0,0,6,0,0,0,0,0,0,0,0,0,0,0,6,0,0,0,0,0,0,0,0,0,0,0,0,0,0,0,0,0,0,0,0,6,0,0,0,0,0,0,0,0,0,6,0,0,2,9.061,O=N(=O)C12C3C4(C1C1(N(=O)=O)C2(N(=O)=O)C3(N(=O)=O)C41N(=O)=O)N(=O)=O
0,0,0,2,0,0,0,0,0,0,0,0,0,0,0,4,0,0,0,0,0,0,0,0,0,0,0,0,0,0,0,0,0,0,0,0,2,0,0,0,0,0,0,0,0,0,0,0,0,0,0,0,0,0,0,0,0,0,0,0,0,0,0,0,0,0,0,0,0,0,4,0,0,0,0,0,0,0,0,0,0,0,0,0,0,0,0,0,0,0,0,0,0,0,0,4,0,0,0,0,0,0,0,0,0,2,0,0,0,4,0,0,0,0,4,0,0,0,0,0,0,0,0,0,0,0,4,0,0,0,0,0,0,0,0,0,0,0,0,0,0,0,0,0,0,0,4,4,0,0,0,0,0,0,0,0,0,0,0,0,2,6.337,O=N(=O)N1C2C(N(N(=O)=O)C1(C(F)(F)F)C(F)(F)F)N(N(=O)=O)C(C(F)(F)F)(C(F)(F)F)N2N(=O)=O
0,0,0,8,0,0,0,0,0,0,0,0,0,0,0,0,0,0,0,0,0,0,0,0,0,0,0,0,0,0,0,0,0,0,0,0,0,0,0,0,0,0,0,0,0,0,0,0,0,0,0,0,0,0,0,0,0,0,0,0,0,0,0,0,0,0,0,0,0,0,0,0,0,0,0,0,0,0,0,0,0,0,0,0,0,0,0,0,0,0,0,0,0,0,0,8,0,0,0,0,0,0,0,0,0,0,0,0,0,8,0,0,0,0,8,0,0,0,0,0,0,0,0,0,0,0,8,0,0,0,0,0,0,0,0,0,0,0,0,0,0,0,0,0,0,0,0,8,0,0,0,0,0,0,0,0,0,8,0,0,0,9.545,O=N(=O)C12C3(N(=O)=O)C4(N(=O)=O)C1(N(=O)=O)C1(N(=O)=O)C2(N(=O)=O)C3(N(=O)=O)C41N(=O)=O
0,0,0,0,0,0,0,2,0,0,0,0,5,0,0,3,0,0,0,0,0,0,0,0,0,0,0,0,0,0,0,0,0,0,0,0,0,0,0,0,0,0,0,0,0,0,0,0,0,0,0,0,0,0,0,0,0,0,0,0,0,0,0,0,0,0,0,0,0,0,0,0,0,0,0,0,0,0,0,0,0,0,0,0,0,0,0,0,0,0,0,0,0,0,0,5,0,0,0,0,0,0,0,0,0,0,0,0,0,5,0,0,0,0,5,0,0,0,0,0,0,0,0,0,0,0,5,0,0,0,0,0,0,0,0,0,0,0,0,0,0,0,0,0,0,0,0,5,2,0,0,0,0,0,0,0,0,0,0,0,0,8.077,FC(CC(F)(N(=O)=O)N(=O)=O)(CC(F)(N(=O)=O)N(=O)=O)N(=O)=O
0,0,0,0,0,0,0,4,0,0,0,0,8,0,0,4,0,0,0,0,0,0,0,0,0,0,0,0,0,0,2,0,0,0,0,0,0,0,0,0,0,0,0,0,0,0,0,2,0,0,0,0,0,0,0,0,0,0,0,0,0,0,0,0,0,0,0,0,0,0,0,0,0,0,0,0,0,0,0,0,0,0,0,0,0,0,0,0,0,0,0,0,0,2,0,12,0,0,0,0,0,0,0,0,0,2,0,0,0,12,0,0,0,0,12,4,2,0,0,0,2,2,0,0,0,0,12,0,0,0,0,0,0,0,2,2,0,0,0,0,0,0,0,0,0,0,0,12,0,0,0,0,0,0,0,0,0,0,0,0,0,8.949,FC(CN(CC(C(ON(=O)=O)C(ON(=O)=O)C(CN(CC(F)(N(=O)=O)N(=O)=O)N(=O)=O)(N(=O)=O)N(=O)=O)(N(=O)=O)N(=O)=O)N(=O)=O)(N(=O)=O)N(=O)=O
0,0,0,0,0,0,0,1,0,0,0,0,0,0,0,0,0,0,0,0,0,0,0,0,0,0,0,2,0,0,0,0,0,0,2,0,0,0,0,0,0,0,0,0,0,0,0,0,0,0,0,0,0,0,4,0,0,0,4,0,0,0,0,0,0,0,0,0,0,0,0,0,0,0,0,0,0,0,0,0,0,4,0,0,0,0,0,0,0,0,0,0,0,0,0,4,0,2,0,0,0,0,0,0,0,0,0,0,2,4,0,0,0,0,4,0,2,0,0,0,0,0,0,0,0,0,4,0,0,0,0,0,2,0,2,0,0,0,0,0,0,0,0,0,0,0,0,4,0,0,0,0,2,0,0,0,0,0,0,0,0,9.168,O=N(=O)c1nonc1N(CN(c2nonc2N(=O)=O)N(=O)=O)N(=O)=O
0,0,0,0,0,0,0,2,0,0,0,0,6,0,0,3,0,0,0,0,0,0,0,0,0,0,0,0,0,0,0,0,0,0,0,0,0,0,0,0,0,0,0,0,0,0,0,0,0,0,0,0,0,0,0,0,0,0,0,0,0,0,0,0,0,0,0,0,0,0,0,0,0,0,0,0,0,0,0,0,0,0,0,0,0,0,0,0,0,0,0,0,0,0,0,6,0,0,0,0,0,0,0,0,0,0,0,0,0,6,0,0,0,0,6,0,0,0,0,0,0,0,0,0,0,0,6,0,0,0,0,1,0,0,0,0,0,0,0,0,0,0,0,0,0,0,0,6,0,0,0,0,0,0,0,0,0,0,0,0,0,8.597,FC(CC(CC(F)(N(=O)=O)N(=O)=O)(N(=O)=O)N(=O)=O)(N(=O)=O)N(=O)=O
0,0,0,0,0,0,0,0,1,1,0,0,0,0,0,0,0,0,0,0,0,0,0,0,0,0,0,3,0,0,0,0,0,0,0,0,0,0,0,0,0,0,0,0,0,0,0,0,0,0,0,0,0,0,3,0,0,0,1,0,0,0,0,0,0,0,0,0,0,0,0,0,0,0,0,0,0,0,0,0,0,0,0,0,0,0,0,0,0,0,0,0,0,0,0,3,0,0,0,0,0,0,0,0,0,0,0,0,1,3,0,0,0,0,3,0,0,0,0,1,0,0,0,0,0,0,3,0,0,0,0,0,0,0,0,0,0,0,0,0,0,0,0,0,0,0,0,3,0,0,0,0,1,0,0,0,1,0,0,1,0,9.162,O=N(=O)c1n[nH]c(N(=O)=O)c1N(=O)=O
0,0,0,0,0,0,0,0,1,1,0,0,0,0,0,0,0,0,0,0,0,0,0,0,0,0,0,3,0,0,0,0,0,0,0,0,0,0,0,0,0,0,0,0,0,0,0,0,0,0,0,0,0,0,3,0,0,0,1,0,0,0,0,0,0,0,0,0,0,0,0,0,0,0,0,0,0,0,0,0,0,0,0,0,0,0,0,0,0,0,0,0,0,0,0,3,0,0,0,0,0,0,0,0,0,0,0,0,1,3,0,0,0,0,3,0,0,0,0,1,0,0,0,0,0,0,3,0,0,0,0,0,0,0,0,0,0,0,0,0,0,0,0,0,0,0,0,3,0,0,0,0,1,0,0,0,1,0,0,1,0,9.081,O=N(=O)C1=C(C(=NN1)N(=O)=O)N(=O)=O
0,0,0,0,0,0,0,0,0,0,0,0,0,0,0,0,0,2,0,0,0,0,0,0,0,0,0,0,0,0,0,0,0,0,0,0,0,0,0,0,0,0,0,0,0,0,0,0,0,0,0,0,0,0,0,0,0,0,0,0,0,0,0,0,0,0,0,0,0,0,0,0,0,0,0,0,0,0,0,0,0,0,0,0,0,0,0,0,0,0,0,0,0,0,0,3,0,0,0,0,0,0,0,0,0,0,0,0,0,2,0,0,0,0,2,0,0,0,0,0,0,1,0,0,0,0,2,0,0,0,0,0,0,0,0,0,1,0,0,0,0,0,0,0,0,0,0,2,0,0,0,0,0,0,0,0,2,0,0,0,0,9.218,O=C(NN(=O)=O)NN(=O)=O
0,0,0,0,0,0,0,2,0,0,0,0,4,0,0,2,0,0,0,0,0,0,0,0,0,0,0,0,0,0,1,0,0,0,0,0,0,0,0,0,0,0,0,0,0,0,0,0,0,0,0,0,0,0,0,0,0,0,0,0,0,0,0,0,0,0,0,0,0,0,0,0,0,0,0,0,0,0,0,0,0,0,0,0,0,0,0,0,0,0,0,0,0,0,0,5,0,0,0,0,0,0,0,0,0,0,0,0,0,5,0,0,0,0,5,2,1,0,0,0,1,0,0,0,0,0,5,0,0,0,0,0,0,0,1,2,0,0,0,0,0,0,0,0,0,0,0,5,0,0,0,0,0,0,0,0,0,0,0,0,0,8.44,FC(CN(CC(F)(N(=O)=O)N(=O)=O)N(=O)=O)(N(=O)=O)N(=O)=O
0,0,0,0,0,0,0,4,0,0,0,0,6,0,0,2,0,0,0,0,0,2,0,0,0,0,0,0,0,0,2,0,0,0,0,0,0,0,0,0,0,0,0,0,0,0,0,0,0,0,0,0,0,0,0,0,0,0,0,0,0,0,0,0,0,0,0,0,0,0,0,0,0,0,0,0,0,0,0,0,0,0,0,6,0,0,0,0,0,0,0,0,0,0,0,8,2,0,0,0,0,0,0,0,0,0,0,0,0,8,0,0,0,0,8,2,2,0,0,0,2,2,0,0,0,0,8,0,0,0,0,0,0,0,2,0,0,0,0,0,0,4,0,0,0,0,0,8,0,0,0,0,0,0,0,0,0,0,0,0,0,9.282,O=N(=O)N(CCN(CC(N(=O)=O)(N(=O)=O)N(=O)=O)N(=O)=O)CC(N(=O)=O)(N(=O)=O)N(=O)=O
0,0,0,0,0,0,0,0,0,0,1,0,0,0,0,0,0,0,0,0,0,0,0,0,0,2,0,0,0,0,0,0,0,0,0,0,2,2,0,0,0,0,0,0,0,0,0,0,1,0,0,0,1,0,1,0,0,0,0,0,0,0,0,0,0,0,0,0,0,0,4,2,1,0,0,0,0,0,0,0,0,0,0,0,0,0,0,0,0,0,0,0,0,0,0,5,0,0,0,0,0,0,0,0,0,0,0,0,0,4,0,0,0,0,4,0,0,0,0,0,0,0,0,0,0,0,4,0,0,0,0,0,0,0,0,0,0,0,0,0,1,0,0,0,0,0,4,4,0,0,0,0,0,0,0,0,0,0,0,0,2,9.399,O=C2N(N(=O)=O)C1C(N(N(=O)=O)CN1N(=O)=O)N2N(=O)=O
0,0,1,0,0,0,0,1,0,0,0,0,3,0,0,1,0,0,0,1,0,0,0,0,0,0,0,0,0,0,0,0,0,0,0,0,0,0,0,0,0,0,0,0,0,0,0,0,0,0,0,0,0,0,0,0,0,0,0,0,0,0,0,0,0,0,0,0,0,0,0,0,0,0,0,0,0,0,0,0,0,0,0,3,0,0,0,0,0,0,0,0,0,0,0,4,1,0,0,0,0,0,0,0,0,1,0,0,0,4,0,0,0,0,4,1,1,0,0,0,0,1,0,0,0,0,4,0,0,0,0,0,0,0,1,0,0,0,0,0,0,1,0,0,0,0,0,4,0,0,0,0,0,0,0,0,0,0,0,0,0,9.317,CN(CC(N(=O)=O)(N(=O)=O)N(=O)=O)N(=O)=O
0,0,0,0,0,0,0,4,0,0,0,0,2,0,0,2,0,0,0,0,0,0,0,0,0,0,0,0,0,0,0,0,0,0,0,0,0,0,0,0,0,0,0,0,0,0,0,0,0,0,0,0,0,0,0,0,0,0,0,0,0,0,0,0,0,0,0,0,0,0,0,2,0,0,0,0,4,0,0,0,0,0,0,0,0,0,0,0,0,0,0,0,0,0,0,6,0,0,0,0,0,0,0,4,0,4,0,0,0,6,0,0,0,0,6,0,0,0,0,0,0,4,0,0,0,0,6,0,0,0,0,0,0,0,0,0,0,0,0,0,0,0,0,0,4,0,0,6,0,0,0,0,0,0,0,0,0,0,0,0,0,9.287,O=N(=O)OCC(CON(=O)=O)(N(=O)=O)C(CON(=O)=O)(CON(=O)=O)N(=O)=O
0,0,1,8,0,0,0,0,0,0,0,0,0,0,0,0,0,0,0,0,0,0,0,0,0,0,0,0,0,0,0,0,0,0,0,0,0,0,0,1,0,0,0,0,0,0,0,0,0,0,0,0,0,0,0,0,0,0,0,0,0,0,0,0,0,0,0,0,0,0,0,0,0,0,0,0,0,0,0,1,0,0,0,0,0,0,0,0,0,0,0,0,0,0,0,7,0,0,0,0,0,0,0,0,0,0,0,0,0,7,0,0,0,0,7,0,0,0,0,0,0,0,0,0,0,0,7,0,0,0,0,0,0,0,0,0,0,0,0,0,0,0,0,0,0,0,0,7,0,0,0,0,0,0,0,0,0,7,0,0,0,8.682,[H]C([H])([H])C25C1(N(=O)=O)C4(N(=O)=O)C3(N(=O)=O)C1(N(=O)=O)C2(N(=O)=O)C3(N(=O)=O)C45N(=O)=O
0,0,0,0,0,0,0,0,0,0,1,0,0,0,0,0,0,0,0,0,0,0,0,0,0,0,0,0,0,0,0,0,0,0,0,0,0,0,0,0,0,0,0,0,0,0,0,0,1,0,0,0,0,0,1,0,0,0,0,0,0,0,0,0,0,0,0,0,0,0,3,0,2,0,0,0,0,0,0,0,0,0,2,0,0,0,0,0,0,0,0,0,0,0,0,4,0,0,0,0,0,0,0,0,0,0,2,0,0,3,0,0,0,0,3,0,0,0,0,0,0,0,0,0,0,0,3,0,0,0,0,0,0,0,0,0,0,0,1,0,2,0,0,0,0,0,3,3,0,0,0,0,0,0,0,0,0,0,0,0,0,9.498,O=C1N(N(=O)=O)CN(N(=O)=O)CN1N(=O)=O
0,0,0,0,0,0,0,0,0,0,0,0,0,0,0,0,0,0,0,0,0,0,0,0,0,0,0,2,0,0,0,0,0,0,0,0,0,0,0,0,0,0,0,0,0,0,0,0,0,0,0,0,0,0,2,0,0,0,1,0,0,0,0,0,0,0,0,0,1,0,0,0,0,0,0,0,0,0,0,0,0,0,0,0,0,0,0,0,0,0,0,0,0,0,0,2,0,0,0,0,0,0,0,0,0,0,0,0,1,2,0,0,0,0,2,0,0,0,0,0,0,0,0,0,0,0,2,0,0,0,1,0,0,0,0,0,0,0,0,0,0,0,0,0,0,1,1,2,0,0,0,0,1,0,0,0,0,0,0,0,0,8.482,[H]c1nc(N(=O)=O)c(N(=O)=O)n1F
0,0,0,0,0,0,0,0,0,0,0,0,4,0,0,2,0,0,0,0,0,0,0,0,0,0,0,0,0,0,0,0,0,0,0,0,0,0,0,0,0,0,0,0,0,0,0,0,0,0,0,0,0,0,0,0,0,0,0,0,0,0,0,0,0,0,0,0,0,0,0,0,0,0,0,0,0,0,0,0,0,0,0,0,0,0,0,0,0,0,0,0,0,0,0,6,0,2,0,0,0,0,0,0,2,2,0,0,0,4,0,0,0,0,4,0,0,0,0,0,0,0,0,0,0,0,4,0,0,0,0,0,0,0,0,0,0,0,0,0,0,0,0,0,0,0,0,8,0,0,0,0,0,0,0,0,0,0,2,0,0,8.062,FC(C(OC=O)C(OC=O)C(F)(N(=O)=O)N(=O)=O)(N(=O)=O)N(=O)=O
0,0,0,0,0,0,0,0,0,0,0,0,0,0,0,0,0,0,0,0,0,0,0,0,0,0,0,0,0,0,0,0,0,0,1,0,0,0,0,0,0,0,0,0,0,0,0,0,0,0,0,0,0,0,2,0,0,0,2,0,0,0,0,0,0,0,0,0,0,2,3,0,2,0,0,0,0,0,0,0,0,2,2,0,0,0,0,0,0,0,0,0,0,0,0,3,0,1,0,0,0,0,0,0,0,0,2,0,0,3,0,0,2,0,3,0,0,0,0,0,0,0,0,0,0,0,3,0,0,0,0,0,1,0,0,0,0,0,1,0,2,0,0,0,0,0,3,3,0,0,0,0,0,0,0,0,0,0,0,0,0,9.43,O=N(=O)N1CN(C2=NON=C2N(C1)N(=O)=O)N(=O)=O
0,0,0,0,0,0,0,0,0,1,0,0,0,0,0,0,0,0,0,0,0,0,0,0,0,0,0,0,0,0,0,0,0,0,0,0,4,0,0,0,0,0,0,0,0,0,0,0,0,0,0,0,0,0,0,0,0,0,0,0,0,5,0,0,0,0,0,0,0,0,5,0,0,0,0,0,0,0,0,2,0,0,0,0,0,0,0,0,5,0,0,0,0,0,0,5,0,0,0,0,0,0,0,0,0,0,0,0,0,5,0,0,0,0,5,0,0,0,0,0,0,0,0,0,0,0,5,0,0,0,0,0,0,0,0,0,0,0,0,0,0,0,0,0,0,0,5,5,0,0,0,0,0,0,0,0,2,0,0,0,6,9.042,[H]N1C4C2N(N(=O)=O)C1C3N(N(=O)=O)C(C(N2N(=O)=O)N3N(=O)=O)N4N(=O)=O
0,0,0,0,0,0,0,0,6,0,0,0,0,0,0,0,0,0,0,0,0,0,0,0,0,0,0,6,0,0,0,0,0,0,0,6,0,0,0,0,0,0,0,0,0,0,0,0,0,0,0,0,0,0,6,0,0,0,0,0,0,0,0,0,0,0,0,0,0,0,0,0,0,0,0,0,0,0,0,0,0,0,0,0,0,0,0,0,0,0,0,0,0,0,0,6,0,0,0,0,0,0,0,0,0,0,0,0,0,6,0,0,0,0,6,0,0,0,0,0,0,0,0,0,0,0,6,0,0,0,0,0,0,0,0,0,0,0,0,0,0,0,0,0,0,0,0,6,0,0,0,0,0,0,0,0,0,0,0,6,0,9.352,O=N(=O)c1c(c(c(c(c1N(=O)=O)N(=O)=O)N(=O)=O)N(=O)=O)N(=O)=O
0,0,0,2,0,0,0,0,0,0,0,0,0,0,0,0,0,0,1,0,1,0,0,0,0,0,0,0,0,0,0,0,0,2,0,0,0,0,0,0,0,0,0,0,0,0,0,0,0,0,0,0,0,0,0,0,2,0,0,0,0,0,0,0,0,0,0,0,0,0,2,0,0,0,0,0,0,0,0,0,0,0,0,0,0,0,0,2,0,0,0,0,4,0,0,4,0,0,0,0,0,0,0,0,0,0,0,0,0,4,0,0,0,0,4,0,0,0,0,0,0,0,0,0,0,0,4,0,0,0,0,0,0,0,2,0,0,0,2,0,4,0,0,0,0,0,2,4,0,0,0,0,0,0,0,0,0,3,0,0,0,8.161,O=N(=O)N1CC(N(F)F)(N(F)F)CN(N(=O)=O)CC(N(=O)=O)(N(=O)=O)C1
0,0,0,0,0,0,0,0,0,3,0,0,0,0,0,0,0,0,0,0,0,0,0,0,0,0,0,0,0,0,0,0,0,0,0,0,0,0,0,0,0,0,0,0,0,0,0,0,1,0,0,0,0,0,3,0,0,0,0,0,0,0,0,0,0,0,0,0,0,0,0,0,0,0,0,0,0,0,0,0,0,0,0,0,0,0,0,0,0,0,0,0,0,0,0,3,0,0,0,0,0,0,0,0,0,0,0,0,0,2,0,0,0,0,2,0,0,0,0,0,0,0,0,0,0,0,2,0,0,0,0,0,0,0,0,0,0,0,0,0,0,0,0,0,0,0,0,2,2,0,0,0,0,0,0,0,1,0,0,0,0,9.281,O=C1NC(NC(N1)=NN(=O)=O)=NN(=O)=O
0,0,0,5,0,0,0,0,0,0,0,0,0,0,0,0,0,0,0,0,0,0,0,0,0,1,0,0,0,0,0,0,0,0,0,0,0,0,0,0,0,0,0,0,0,0,0,0,0,0,0,0,0,0,0,0,0,0,0,0,0,0,0,0,0,0,0,0,0,0,0,0,0,0,0,0,0,0,0,0,0,0,0,0,0,0,0,0,0,0,0,0,0,0,0,5,0,0,0,0,0,0,0,0,0,0,0,0,0,5,0,0,3,0,5,0,0,0,0,0,0,0,0,0,0,0,5,0,0,0,0,0,0,0,0,0,0,0,0,0,0,0,0,0,0,0,0,5,0,0,0,0,0,0,0,0,0,5,0,0,3,8.912,O=N(=O)C12C3C4(C1C1(C2C3(N(=O)=O)C41N(=O)=O)N(=O)=O)N(=O)=O
0,0,0,0,0,0,0,0,0,2,0,0,0,0,0,0,0,0,0,0,0,0,0,0,0,0,0,0,0,0,0,0,0,0,0,0,2,2,0,0,0,0,0,0,0,0,2,0,2,0,0,0,0,0,2,0,0,0,0,0,0,2,0,0,0,0,0,0,0,0,4,0,2,0,0,0,0,0,0,2,0,0,0,0,0,0,0,0,2,0,0,0,0,0,0,6,0,0,0,0,0,0,0,0,0,0,0,0,0,4,0,0,0,0,4,0,0,0,0,0,0,0,0,0,0,0,4,0,0,0,0,2,0,0,0,0,0,0,0,0,0,0,2,0,0,0,6,4,0,0,0,0,0,0,0,0,2,0,0,0,4,9.081,[H]N1C(=O)N(N(=O)=O)C3C1N(N(=O)=O)C2C(N([H])C(=O)N2N(=O)=O)N3N(=O)=O
0,0,0,0,0,0,0,0,0,0,0,0,0,0,0,0,0,0,0,0,0,0,0,0,0,0,0,0,0,0,0,0,0,0,0,0,6,0,0,0,0,0,0,0,0,0,0,0,0,0,0,0,0,0,0,0,0,0,0,0,0,5,0,0,0,0,0,0,0,0,5,0,0,0,0,0,0,0,0,0,0,0,0,0,0,0,0,0,5,0,0,0,0,0,0,6,0,0,0,0,0,0,0,0,1,0,0,0,0,5,0,0,0,0,5,0,0,0,0,0,0,0,0,0,0,0,5,0,0,0,0,0,0,0,0,0,0,0,0,0,0,0,0,0,0,0,6,5,0,0,0,0,0,0,0,0,0,0,1,0,6,8.993,O=CN1C2C3N(N(=O)=O)C4C1N(N(=O)=O)C(C(N2N(=O)=O)N3N(=O)=O)N4N(=O)=O
0,0,0,0,0,0,0,0,0,0,0,0,4,0,0,2,0,0,0,0,0,0,0,0,0,0,0,0,0,0,0,0,0,0,0,2,0,0,0,0,0,0,0,0,0,0,0,0,0,0,0,0,0,0,0,0,0,0,0,0,0,0,0,0,0,0,0,0,0,0,0,0,0,0,0,0,0,0,0,0,0,0,0,0,0,0,0,0,0,0,0,0,0,0,0,4,0,0,0,0,0,0,0,0,0,0,0,0,0,4,0,0,0,0,4,0,0,0,0,0,0,2,0,0,0,0,4,0,0,0,0,0,0,0,0,0,0,0,0,0,0,0,0,0,0,0,0,8,0,0,0,0,0,0,0,0,0,0,0,0,0,8.205,OC(C(O)C(F)(N(=O)=O)N(=O)=O)C(F)(N(=O)=O)N(=O)=O
0,0,0,0,0,0,0,0,0,0,0,0,0,0,0,0,0,0,0,0,0,0,0,0,0,4,0,0,0,0,0,0,0,0,0,0,2,0,0,0,0,0,0,0,0,0,0,0,0,0,0,0,0,0,0,0,0,0,0,0,0,0,0,0,0,0,0,0,0,0,4,4,2,0,0,0,0,0,0,0,0,0,0,0,0,0,0,0,0,2,0,0,0,0,0,4,0,0,0,0,0,0,0,0,0,0,0,0,0,4,0,0,0,0,4,0,0,0,0,0,0,0,0,0,0,0,4,0,0,0,0,0,0,0,0,0,0,0,0,0,2,0,0,0,0,0,4,4,0,0,0,0,0,0,0,0,0,0,0,0,2,9.27,O=N(=O)N1CN(N(=O)=O)C2C1N(N(=O)=O)CN2N(=O)=O
0,0,0,0,1,0,0,0,0,0,0,0,0,0,0,0,0,1,0,0,1,0,0,0,1,0,0,0,0,0,0,0,0,0,0,0,0,0,0,0,0,0,0,0,0,0,0,0,0,0,0,0,0,0,0,0,0,0,0,0,0,0,0,0,0,0,0,0,0,0,0,0,0,0,0,0,0,0,0,0,0,0,0,0,0,0,0,0,0,0,0,0,0,0,0,2,0,0,0,0,0,0,0,0,0,0,0,0,0,2,0,0,0,0,2,0,0,0,0,0,0,1,0,0,0,0,2,0,0,0,0,0,0,0,0,0,0,0,0,0,0,0,0,0,0,0,0,2,0,0,0,0,0,0,0,0,1,0,0,0,0,9.552,NC(NN(=O)=O)=NN(=O)=O
0,0,0,0,0,0,0,0,0,0,0,0,0,0,0,0,0,0,0,0,2,0,0,0,2,0,0,0,0,0,0,0,0,0,0,0,0,0,0,0,0,0,0,0,0,0,0,0,0,0,0,0,0,0,0,0,0,0,0,0,0,0,0,0,0,0,0,0,1,0,0,0,0,0,0,0,0,0,0,0,0,0,0,0,0,0,0,0,0,0,0,0,0,0,0,2,0,0,0,0,0,0,0,0,0,0,0,0,0,2,0,0,0,0,2,0,0,0,0,0,0,2,0,0,0,0,2,0,0,0,0,0,0,0,0,0,0,0,0,0,0,0,0,0,0,0,0,2,0,0,0,0,0,0,0,0,0,0,0,0,0,8.945,[H]N([H])C(=C(N(=O)=O)N(=O)=O)N([H])[H]
0,0,0,1,0,0,0,0,0,0,0,0,0,0,0,0,0,0,0,0,1,0,0,0,0,0,0,0,0,0,0,0,0,0,0,0,0,0,0,0,0,0,0,0,0,0,0,0,0,0,0,0,0,0,0,0,2,0,0,0,0,0,0,0,0,0,0,0,0,0,2,0,1,0,0,0,0,0,0,0,0,0,0,0,0,0,0,0,0,0,0,0,2,0,0,2,0,0,0,0,0,0,0,0,0,0,0,0,0,2,0,0,0,0,2,0,0,0,0,0,0,0,0,0,0,0,2,0,0,0,0,0,0,0,2,0,0,0,2,0,3,0,0,0,0,0,2,2,0,0,0,0,0,0,0,0,0,1,0,0,0,7.951,O=N(=O)N1CN(N(=O)=O)CC(N(F)F)(N(F)F)C1
0,0,0,0,0,0,0,0,0,2,0,0,0,0,0,0,0,0,0,0,0,0,1,0,0,0,0,0,0,0,0,0,0,0,0,0,2,2,0,0,0,0,0,0,0,0,2,0,2,0,0,0,0,0,2,0,0,0,0,0,0,2,0,0,0,0,0,0,0,0,4,0,2,0,0,0,0,0,0,2,0,0,0,0,0,0,0,0,2,0,0,0,0,0,0,6,0,0,0,0,0,0,0,0,0,0,0,0,0,4,0,0,0,0,4,0,0,0,0,0,0,0,0,0,0,0,4,0,0,0,0,2,0,0,0,0,0,0,0,0,0,0,2,0,0,0,6,4,0,0,0,0,0,0,0,0,0,0,0,0,4,8.972,[H]N1C(=O)N(N(=O)=O)C3C1N(N(=O)=O)C2C(N(N(=O)=O)C(=O)N2[H])N3N(=O)=O
0,0,0,0,0,0,0,0,0,0,0,0,3,0,0,1,0,0,0,0,0,0,0,0,0,0,0,0,0,0,0,0,0,0,0,0,0,0,0,0,0,0,0,0,0,0,0,0,0,0,0,0,0,0,1,0,0,0,1,0,0,0,0,0,0,0,0,0,0,0,1,0,0,0,0,0,0,0,0,0,0,0,1,0,0,0,0,0,0,0,0,0,0,0,0,4,0,0,0,0,0,0,0,0,0,0,0,0,0,4,0,0,0,0,4,0,0,0,0,0,0,0,0,0,0,0,4,0,0,0,0,0,0,0,1,0,0,0,0,0,2,0,0,0,0,0,1,4,0,0,0,0,0,0,0,0,0,0,0,0,0,8.824,O=N(=O)N1CCN=C1C(N(=O)=O)(N(=O)=O)N(=O)=O
0,0,0,0,0,0,0,0,0,1,0,0,0,0,0,0,0,0,0,0,0,0,0,0,0,2,0,0,0,0,0,0,0,0,0,0,1,1,0,0,0,0,0,0,0,0,1,0,1,0,0,0,0,0,1,0,0,0,0,0,0,0,0,0,0,0,0,0,0,0,3,2,2,0,0,0,0,0,0,1,0,0,0,0,0,0,0,0,0,0,0,0,0,0,0,4,0,0,0,0,0,0,1,0,0,0,0,0,0,3,0,0,0,0,3,0,0,0,0,0,0,0,0,0,0,0,3,0,0,0,0,0,0,0,0,0,0,0,0,0,1,0,1,0,0,0,4,3,0,0,0,0,0,0,0,0,0,0,0,0,2,8.882,[H]N1C(=O)N(N(=O)=O)C2C1N(N(=O)=O)CN2N(=O)=O
0,0,0,0,0,0,0,0,0,0,0,0,0,0,0,0,0,0,0,0,0,0,0,0,0,0,0,0,0,0,0,0,0,0,0,0,0,0,0,0,0,0,0,0,0,0,0,0,0,0,0,0,0,0,0,0,0,0,0,0,0,0,0,0,0,0,0,0,0,0,4,0,4,0,0,0,0,0,0,0,0,0,0,0,0,0,0,0,0,0,0,0,0,0,0,4,0,0,0,0,0,0,0,0,0,0,0,0,0,4,0,0,0,0,4,0,0,0,0,0,0,0,0,0,0,0,4,0,0,0,0,0,0,0,0,0,0,0,4,0,4,0,0,0,0,0,4,4,0,0,0,0,0,0,0,0,0,0,0,0,0,9.243,O=N(=O)N1CN(N(=O)=O)CN(N(=O)=O)CN(N(=O)=O)C1
0,0,0,0,0,0,0,2,0,0,0,0,7,0,0,3,0,0,0,0,0,0,0,0,0,0,0,0,0,0,0,0,0,0,0,0,0,0,0,0,0,0,0,0,0,0,0,0,0,0,0,0,0,0,0,0,0,0,0,0,0,0,0,0,0,0,0,0,0,0,0,0,0,0,0,0,0,0,0,0,0,0,0,6,0,0,0,0,0,0,0,0,0,0,0,7,0,0,0,0,0,0,0,0,0,0,0,0,0,7,0,0,0,0,7,0,0,0,0,0,0,0,0,0,0,0,7,0,0,0,0,0,0,0,0,0,0,0,0,0,0,2,0,0,0,0,0,7,0,0,0,0,0,0,0,0,0,0,0,0,0,8.536,FC(CC(N(=O)=O)(N(=O)=O)N(=O)=O)(CC(N(=O)=O)(N(=O)=O)N(=O)=O)N(=O)=O
0,0,0,0,0,0,0,3,0,0,0,0,6,0,0,2,0,0,0,0,0,0,0,0,0,0,0,0,0,0,0,0,0,0,0,0,0,0,0,0,0,0,0,0,0,0,0,0,0,1,0,0,0,0,0,0,0,0,0,0,0,0,0,0,0,0,0,0,0,0,0,0,0,0,0,0,0,0,0,0,0,0,0,6,0,0,0,0,0,0,0,0,0,0,0,7,0,0,0,0,0,0,0,0,0,0,0,0,0,7,0,0,0,0,7,0,0,0,0,0,0,0,0,0,2,0,7,0,0,0,0,0,0,0,0,0,0,0,0,0,0,2,0,0,0,0,0,7,2,0,0,0,0,0,0,0,0,0,0,0,0,9.081,O=N(=O)C(CC(N(=O)=O)(N(=O)=O)N(=O)=O)CC(N(=O)=O)(N(=O)=O)N(=O)=O
0,0,0,0,0,0,0,0,0,0,1,0,0,0,0,0,0,0,0,0,0,0,0,0,0,2,0,0,0,0,0,0,0,0,0,0,2,2,0,0,0,0,0,0,0,0,0,0,1,0,0,0,1,0,1,0,0,0,0,0,0,0,0,0,0,0,0,0,0,0,4,2,0,0,0,0,0,0,0,0,0,0,0,0,0,0,0,0,0,0,0,0,0,0,0,5,0,0,0,0,0,0,0,0,0,0,0,0,0,4,0,0,0,0,4,0,0,0,0,0,0,0,0,0,0,0,4,0,0,0,0,0,0,0,0,0,0,0,0,0,2,0,0,0,0,0,4,4,0,0,0,0,0,0,0,0,0,0,0,0,2,9.215,O=C2N(N(=O)=O)C1C(N(N(=O)=O)CCN1N(=O)=O)N2N(=O)=O
0,0,0,0,0,0,0,4,0,0,0,0,8,0,0,4,0,0,0,0,0,0,0,0,0,0,0,0,0,0,0,0,0,0,0,0,0,0,0,0,0,0,0,0,0,0,0,0,0,0,0,0,0,0,0,0,0,0,0,0,0,0,0,0,0,0,0,0,0,0,0,0,0,0,0,0,0,0,0,0,0,0,0,0,0,0,0,0,0,0,0,0,0,0,2,10,0,0,0,0,0,0,0,0,0,0,0,0,0,8,0,0,0,0,8,4,0,0,0,0,0,2,0,0,0,0,8,0,0,0,0,0,0,0,2,0,2,0,0,0,0,0,0,0,0,0,0,8,0,0,0,0,0,0,0,0,0,0,0,0,0,8.281,FC(CN(CC(F)(N(=O)=O)N(=O)=O)C(=O)C(=O)N(CC(F)(N(=O)=O)N(=O)=O)CC(F)(N(=O)=O)N(=O)=O)(N(=O)=O)N(=O)=O
0,0,0,0,0,0,0,0,2,0,0,0,0,0,0,0,0,0,0,0,0,0,0,0,0,0,0,4,0,0,0,0,0,0,0,0,0,0,0,0,0,0,0,0,0,0,0,0,0,0,0,0,0,0,6,0,0,0,2,0,0,0,0,0,0,0,0,0,0,0,0,0,0,0,0,0,0,0,0,0,0,0,0,0,0,0,0,0,0,0,0,0,0,0,0,4,0,0,0,0,0,0,0,0,0,0,0,0,2,4,0,0,0,0,4,0,0,0,0,0,0,0,0,0,0,0,6,0,0,0,0,0,0,0,2,0,0,0,0,0,0,0,0,0,0,2,2,4,0,0,0,0,2,0,0,0,0,0,0,2,0,7.924,FN(F)N1N=C(C(=C1C1=C(C(=NN1N(F)F)N(=O)=O)N(=O)=O)N(=O)=O)N(=O)=O
0,0,0,0,0,0,0,0,0,0,0,0,0,0,0,0,0,0,0,0,1,0,0,0,1,0,0,1,0,0,0,0,0,0,0,0,0,0,0,0,0,0,0,0,0,0,0,0,0,0,0,0,0,0,1,0,0,0,3,0,0,0,0,0,0,0,0,0,0,0,0,0,0,0,0,0,0,0,0,0,0,0,0,0,0,0,0,0,0,0,0,0,0,0,0,1,0,0,0,0,0,0,0,0,0,0,0,0,0,1,0,0,0,0,1,0,0,0,0,1,0,0,0,1,0,0,1,0,0,0,0,0,0,0,0,0,0,1,0,0,0,0,0,0,0,1,1,1,0,0,0,0,0,0,0,0,0,0,0,0,0,9.167,[H]N([H])n1nnc(N(=O)=O)n1
0,0,0,0,0,0,0,0,0,1,0,0,0,0,0,0,0,0,0,0,0,0,0,0,0,2,0,0,0,0,0,0,0,0,0,0,1,1,0,0,0,0,0,0,0,0,1,0,1,0,0,0,0,0,1,0,0,0,0,0,0,0,0,0,0,0,0,0,0,0,3,2,1,0,0,0,0,0,0,1,0,0,0,0,0,0,0,0,0,0,0,0,0,0,0,4,0,0,0,0,0,0,0,0,0,0,0,0,0,3,0,0,0,0,3,0,0,0,0,0,0,0,0,0,0,0,3,0,0,0,0,0,0,0,0,0,0,0,0,0,2,0,1,0,0,0,4,3,0,0,0,0,0,0,0,0,0,0,0,0,2,8.908,[H]N1C(=O)N(N(=O)=O)C2C1N(N(=O)=O)CCN2N(=O)=O
0,0,0,1,0,0,0,0,0,0,0,0,0,0,0,0,0,0,1,0,0,0,0,0,0,0,0,0,0,0,0,0,0,2,0,0,0,0,0,0,0,0,0,0,0,0,0,0,0,0,0,0,0,0,0,0,0,0,0,0,0,0,0,0,0,0,0,0,0,0,1,0,0,0,0,0,0,0,0,0,0,0,0,0,0,0,0,1,0,0,0,0,2,0,0,3,0,0,0,0,0,0,0,0,0,0,0,0,0,3,0,0,0,0,3,0,0,0,0,0,0,0,0,0,0,0,3,0,0,0,0,0,0,0,0,0,0,0,1,0,2,0,0,0,0,0,1,3,0,0,0,0,0,0,0,0,0,2,0,0,0,8.849,O=N(=O)N1CC(N(=O)=O)(N(=O)=O)C1
0,0,0,2,0,0,0,0,0,0,0,0,0,0,0,0,0,0,0,0,2,0,0,0,0,0,0,0,0,0,0,0,0,0,0,0,0,0,0,0,0,0,0,0,0,0,0,0,0,0,0,0,0,0,0,0,4,0,0,0,0,0,0,0,0,0,0,0,0,0,2,0,0,0,0,0,0,0,0,0,0,0,0,0,0,0,0,2,0,0,0,0,4,0,0,2,0,0,0,0,0,0,0,0,0,0,0,0,0,2,0,0,0,0,2,0,0,0,0,0,0,0,0,0,0,0,2,0,0,0,0,0,0,0,4,0,0,0,2,0,4,0,0,0,0,0,2,2,0,0,0,0,0,0,0,0,0,2,0,0,0,7.495,O=N(=O)N1CC(N(F)F)(N(F)F)CN(N(=O)=O)CC(N(F)F)(N(F)F)C1
0,0,0,1,0,0,0,0,0,0,0,0,6,0,0,2,0,0,0,0,0,0,0,0,0,0,0,0,0,0,0,0,0,0,0,0,0,0,0,0,0,0,0,0,0,0,0,0,0,0,0,0,0,0,2,0,0,0,2,0,0,0,0,0,0,0,0,0,0,0,2,0,0,0,0,0,0,0,0,0,0,0,2,0,0,0,0,0,0,0,0,0,2,2,0,8,0,0,0,0,0,0,0,0,0,0,0,0,0,8,0,0,0,0,8,0,0,0,0,0,0,0,0,0,0,0,8,0,0,0,0,0,0,0,2,0,0,0,0,0,4,0,0,0,0,0,2,8,0,0,0,0,0,0,0,0,0,0,0,0,0,8.635,O=N(=O)N1CC2(CN=C1C(N(=O)=O)(N(=O)=O)N(=O)=O)CN=C(N(C2)N(=O)=O)C(N(=O)=O)(N(=O)=O)N(=O)=O
0,0,0,0,0,0,0,0,0,2,0,0,0,0,0,2,0,0,0,0,0,0,0,0,0,0,0,0,0,0,0,0,0,0,0,0,0,2,0,0,0,0,0,0,0,0,2,0,2,0,0,0,0,0,2,0,0,0,0,0,0,0,0,0,0,0,0,0,0,0,2,0,2,0,0,0,0,0,0,2,0,0,0,0,0,0,0,0,0,0,0,0,0,0,0,4,0,0,0,0,0,0,0,0,0,0,0,0,0,2,0,0,0,0,2,0,0,0,0,2,0,0,0,0,0,0,2,0,0,0,0,0,0,0,0,0,0,0,0,0,0,0,2,0,0,0,4,2,0,0,0,0,0,0,0,0,0,0,0,0,2,8.964,O=C2NC1C(NC(=O)N1N(=O)=O)N2N(=O)=O
0,0,0,0,0,0,0,2,0,0,0,0,6,0,0,2,0,0,0,0,0,0,0,0,1,0,0,0,0,0,0,0,0,0,0,0,0,0,0,0,0,0,0,0,0,0,0,0,0,0,0,0,0,0,0,0,0,0,0,0,0,0,0,0,0,0,0,0,0,0,0,0,0,0,0,0,0,0,0,0,0,0,0,6,0,0,0,1,0,0,0,0,0,0,0,6,2,0,0,0,0,0,0,0,0,0,0,0,0,6,0,0,0,0,6,2,0,0,0,0,0,0,0,0,0,0,6,0,0,0,0,0,0,0,1,0,0,0,0,0,0,2,0,1,0,0,0,6,0,0,0,0,0,0,0,0,0,0,0,0,0,8.877,[H]N([H])N(C([H])([H])C(N(=O)=O)(N(=O)=O)N(=O)=O)C([H])([H])C(N(=O)=O)(N(=O)=O)N(=O)=O
0,0,0,0,0,0,0,0,0,0,0,0,6,0,0,2,0,0,0,0,0,0,0,0,0,0,0,0,0,0,0,0,0,0,0,0,0,0,0,0,0,0,0,0,0,0,0,0,0,0,0,0,0,0,0,0,0,0,0,0,0,0,0,0,0,0,0,0,0,0,0,0,0,0,0,0,0,0,0,0,0,0,0,0,0,0,0,0,0,0,0,0,0,0,0,6,0,0,0,0,0,0,0,0,0,0,0,0,0,6,0,0,0,0,6,2,0,0,0,0,0,0,0,0,0,0,6,0,0,0,0,0,0,0,0,0,0,0,0,0,0,0,0,0,0,0,0,6,0,0,0,0,0,0,0,0,0,0,0,0,0,8.246,O=N(=O)C(N(=O)=O)(N(=O)=O)C(N(=O)=O)(N(=O)=O)N(=O)=O
0,0,0,0,0,0,0,0,0,0,0,0,0,0,0,0,0,2,0,0,0,0,0,0,0,0,0,0,0,0,0,0,0,0,0,0,0,0,0,0,0,0,0,0,0,0,0,0,0,0,0,0,0,0,0,0,0,0,0,0,0,0,0,0,0,0,0,0,0,0,0,0,0,0,0,0,0,0,0,0,0,0,0,0,0,0,0,0,0,0,0,0,0,1,0,2,0,0,0,0,0,0,0,0,0,0,0,0,0,1,0,0,0,0,1,0,0,0,0,0,0,2,0,0,0,0,1,0,0,0,0,0,0,0,0,0,1,0,0,0,0,0,0,0,0,0,0,1,0,0,0,0,0,0,0,0,1,0,0,0,0,9.245,[H]ON([H])C(=O)N([H])N(=O)=O
0,0,0,0,0,0,0,2,0,0,0,0,8,0,0,3,0,0,0,0,0,0,0,0,0,0,0,0,0,0,0,0,0,0,0,0,0,0,0,0,0,0,0,0,0,0,0,0,0,0,0,0,0,0,0,0,0,0,0,0,0,0,0,0,0,0,0,0,0,0,0,0,0,0,0,0,0,0,0,0,0,0,0,6,0,0,0,0,0,0,0,0,0,0,0,8,0,0,0,0,0,0,0,0,0,0,0,0,0,8,0,0,0,0,8,0,0,0,0,0,0,0,0,0,0,0,8,0,0,0,0,1,0,0,0,0,0,0,0,0,0,2,0,0,0,0,0,8,0,0,0,0,0,0,0,0,0,0,0,0,0,8.805,O=N(=O)C(CC(N(=O)=O)(N(=O)=O)N(=O)=O)(CC(N(=O)=O)(N(=O)=O)N(=O)=O)N(=O)=O
0,0,0,0,0,0,0,0,0,0,0,0,0,0,0,0,0,0,0,0,0,0,0,0,0,0,0,0,0,0,0,0,0,0,0,0,0,0,0,0,0,0,0,0,0,0,0,0,0,0,0,0,0,0,0,0,0,0,0,0,0,0,0,0,0,0,0,0,0,0,3,0,3,0,0,0,0,0,0,0,0,0,0,0,0,0,0,0,0,0,0,0,0,0,0,3,0,0,0,0,0,0,0,0,0,0,0,0,0,3,0,0,0,0,3,0,0,0,0,0,0,0,0,0,0,0,3,0,0,0,0,0,0,0,0,0,0,0,3,0,3,0,0,0,0,0,3,3,0,0,0,0,0,0,0,0,0,0,0,0,0,8.871,O=N(=O)N1CN(N(=O)=O)CN(N(=O)=O)C1
0,0,0,0,0,0,0,0,0,1,0,0,0,0,0,0,0,0,0,0,0,0,0,0,1,0,0,2,0,0,0,0,0,0,0,0,0,0,0,0,1,0,0,0,0,0,0,0,0,0,0,0,0,0,3,0,0,0,1,0,0,0,0,0,0,0,0,0,0,1,0,0,0,0,0,0,0,0,0,0,0,0,0,0,0,0,0,0,0,0,0,0,0,0,0,2,0,0,0,0,0,0,0,0,0,0,0,0,1,2,0,0,0,0,2,0,0,0,0,1,0,0,0,0,0,0,2,0,0,0,0,0,0,0,0,0,0,0,0,0,0,0,0,0,0,0,0,2,0,0,0,0,1,0,0,0,1,0,0,0,0,8.737,Nc1c(N(=O)=O)n[nH]c1N(=O)=O
0,0,0,0,0,0,0,0,0,0,0,0,0,0,0,0,0,0,0,0,0,0,0,0,0,1,0,3,0,0,0,0,2,0,0,0,0,0,0,1,0,0,0,0,0,0,0,0,0,0,2,0,0,2,4,0,0,1,0,0,0,0,0,0,0,1,0,0,0,0,0,0,0,0,0,0,0,0,0,0,0,0,0,0,0,0,0,0,0,0,0,0,0,0,0,3,0,0,0,0,0,0,0,0,0,0,0,0,0,3,2,0,0,0,3,0,0,1,0,0,0,0,0,0,0,0,3,0,0,0,2,0,0,2,1,0,0,0,0,0,0,0,0,0,0,0,0,3,0,0,0,0,0,0,0,0,0,0,0,0,0,7.727,FN(F)c1c(cc(cc1N(=O)=O)N(=O)=O)N(=O)=O
0,0,0,1,0,0,0,0,0,0,0,0,0,0,0,0,0,0,1,0,0,0,0,0,0,0,0,0,0,0,0,0,0,2,0,0,0,0,0,0,0,0,0,0,0,0,0,0,0,0,0,0,0,0,0,0,0,0,0,0,0,0,0,0,0,0,0,0,0,0,2,0,1,0,0,0,0,0,0,0,0,0,0,0,0,0,0,0,0,0,0,0,2,0,0,4,0,0,0,0,0,0,0,0,0,0,0,0,0,4,0,0,0,0,4,0,0,0,0,0,0,0,0,0,0,0,4,0,0,0,0,0,0,0,0,0,0,0,2,0,3,0,0,0,0,0,2,4,0,0,0,0,0,0,0,0,0,2,0,0,0,8.68,O=N(=O)N1CN(CC(C1)(N(=O)=O)N(=O)=O)N(=O)=O
0,0,0,0,0,0,0,0,0,0,0,0,0,0,0,0,0,0,0,0,0,0,0,0,0,4,0,0,0,0,0,0,0,0,0,0,0,0,0,0,0,0,0,0,0,0,0,0,0,0,0,0,0,0,0,0,0,0,0,0,0,0,0,0,0,0,0,0,0,0,4,4,2,0,0,0,0,0,0,0,0,0,0,0,0,0,0,0,0,0,0,0,0,0,0,4,0,0,0,0,0,0,0,0,0,0,0,0,0,4,0,0,0,0,4,0,0,0,0,0,0,0,0,0,0,0,4,0,0,0,0,0,0,0,0,0,0,0,0,0,2,0,0,0,0,0,4,4,0,0,0,0,0,0,0,0,0,0,0,0,4,8.544,O=N(=O)N1CN(C2C1C1C2N(CN1N(=O)=O)N(=O)=O)N(=O)=O
0,0,0,0,0,0,0,0,0,0,0,0,0,0,0,0,0,0,0,0,0,2,0,0,0,0,0,0,0,0,0,0,0,0,0,0,0,0,0,0,0,0,0,0,0,0,0,0,0,0,0,0,0,0,2,0,0,0,4,0,0,0,0,0,0,0,0,0,2,0,2,0,0,0,0,0,0,0,0,0,0,0,0,0,0,0,0,0,0,0,0,0,0,0,0,2,0,0,0,0,0,0,0,0,0,0,0,0,0,2,0,0,0,0,2,0,0,0,0,0,0,0,0,0,0,0,2,0,0,0,2,0,0,0,0,0,0,0,0,0,0,0,0,0,2,4,2,2,0,2,0,0,0,0,0,2,0,0,0,0,0,8.797,O=N(=O)N1C=NC(=N1)N=NC1=NN(C=N1)N(=O)=O
0,0,0,0,0,0,0,0,0,0,0,0,0,0,1,0,0,0,0,0,0,0,0,0,0,0,0,2,0,0,0,0,0,0,0,0,0,1,0,0,0,0,0,0,0,0,0,0,0,0,0,0,0,1,3,0,0,0,1,0,0,0,0,0,0,0,0,0,0,0,0,0,0,1,0,0,0,0,0,0,0,0,0,0,0,0,0,0,0,0,0,0,0,0,0,2,0,0,0,0,0,0,0,0,0,0,0,0,0,3,1,0,0,0,2,0,0,0,0,0,0,1,0,0,0,0,2,0,0,0,1,0,0,1,0,0,0,0,0,0,0,0,0,0,0,0,0,2,0,0,0,0,0,0,0,0,0,0,0,0,0,8.574,[H]Oc1nn(=O)c(N(=O)=O)c([H])c1N(=O)=O
0,0,0,0,0,0,0,0,0,0,1,0,0,0,0,0,0,0,0,0,0,0,0,0,0,0,0,0,0,0,0,0,0,0,0,0,0,0,0,0,0,0,0,0,0,0,0,0,1,0,0,0,0,0,1,0,0,0,0,0,0,0,0,0,0,0,0,0,0,0,2,0,0,0,0,0,0,0,0,0,0,0,2,0,0,0,0,0,0,0,0,0,0,0,0,4,0,0,0,0,0,0,0,0,0,1,0,0,0,3,0,0,0,0,3,0,0,0,0,0,0,1,0,0,0,0,3,0,0,0,0,0,0,0,0,0,0,0,0,0,2,0,0,1,0,0,2,3,0,0,0,0,0,0,0,0,0,0,0,0,1,8.739,O=C1N(CC(CN1N(=O)=O)ON(=O)=O)N(=O)=O
0,1,0,0,0,0,0,0,0,3,0,0,0,0,0,1,0,0,0,0,0,0,0,0,0,0,0,0,0,0,0,0,0,0,0,0,0,0,0,0,0,0,0,0,0,0,0,0,0,0,0,0,0,0,0,0,0,0,0,0,0,0,0,0,0,0,0,0,0,0,0,0,0,0,0,0,1,0,0,0,0,0,0,0,0,0,0,0,0,0,0,0,0,0,0,1,0,0,0,0,0,0,0,0,0,0,0,0,0,1,0,0,0,0,2,1,0,0,0,0,0,1,0,0,0,0,1,0,0,0,1,0,0,0,1,0,0,0,0,0,0,0,0,0,0,0,0,1,0,0,0,0,0,0,0,0,0,0,0,0,2,8.816,[H]N1NC([N-][N+]#N)c(N(=O)=O)N1
0,0,0,0,0,0,0,0,0,0,0,0,4,0,0,2,0,0,0,0,0,0,0,0,0,0,0,0,0,1,0,0,0,0,0,0,0,0,0,0,0,0,0,0,0,0,0,0,1,0,0,0,0,0,1,0,0,0,0,0,0,0,0,0,0,0,0,0,2,0,0,0,0,0,0,0,0,0,0,0,0,0,0,0,0,0,0,0,0,0,0,0,0,0,0,5,0,2,0,0,0,0,0,0,0,0,0,0,0,4,0,0,0,0,4,0,0,0,0,0,0,0,0,0,0,0,4,0,0,0,0,0,0,0,0,0,0,0,0,0,0,0,0,0,0,0,0,4,0,0,0,0,0,0,0,0,0,0,0,0,2,7.858,FC(C1OC(=O)OC1C(F)(N(=O)=O)N(=O)=O)(N(=O)=O)N(=O)=O
0,0,0,0,0,0,0,0,0,0,0,0,6,0,0,2,0,0,0,0,0,0,0,0,0,0,0,0,0,0,0,0,0,0,0,0,0,0,0,0,0,0,0,0,0,0,0,0,0,0,0,0,0,0,2,0,0,0,0,0,0,0,0,0,0,0,0,0,0,0,0,0,0,0,0,0,0,0,0,0,0,0,0,0,0,0,0,0,0,0,0,0,0,0,0,6,0,0,0,0,0,0,0,0,0,0,0,0,0,6,0,0,0,4,6,0,0,0,0,0,0,0,0,0,0,0,6,0,0,0,4,0,0,0,0,0,0,0,0,0,0,0,0,0,0,0,0,6,0,0,0,0,0,0,0,0,0,0,0,0,0,8.279,O=N(=O)C(c1ccc(C(N(=O)=O)(N(=O)=O)N(=O)=O)cc1)(N(=O)=O)N(=O)=O
0,0,0,0,0,0,0,0,0,0,0,0,0,0,0,0,0,0,0,0,0,0,0,0,0,0,0,0,0,0,0,0,0,0,0,0,0,0,0,0,0,0,0,0,0,0,0,0,0,0,0,0,0,0,0,0,0,0,0,0,0,2,0,0,0,0,0,0,0,0,2,0,0,0,0,0,0,0,0,0,0,0,0,0,0,0,0,0,2,0,0,0,0,0,0,2,0,4,0,0,0,0,0,0,0,0,0,0,0,2,0,0,0,0,2,0,0,0,0,0,0,0,0,0,0,0,2,0,0,0,0,0,0,0,0,0,0,0,0,0,0,0,0,0,0,0,2,2,0,0,0,0,0,0,0,0,0,0,0,0,6,8.672,O=N(=O)N1C2OC3OC2N(C2OC3OC12)N(=O)=O
0,0,0,0,0,0,0,0,0,1,0,0,0,0,0,0,0,0,1,0,0,0,0,0,0,0,0,0,0,0,0,0,0,0,0,0,0,0,0,0,0,0,0,0,0,0,0,0,0,0,0,0,0,0,1,0,0,0,0,0,0,0,0,0,0,0,0,0,0,0,1,0,0,0,0,0,0,0,0,0,0,0,1,0,0,0,0,0,0,0,0,0,0,0,0,3,0,0,0,0,0,0,0,0,0,0,0,0,0,3,0,0,0,0,3,0,0,0,0,0,0,1,0,0,0,0,3,0,0,1,0,0,0,0,0,0,0,0,0,0,2,0,0,0,0,0,1,3,0,0,0,0,0,0,0,0,0,0,0,0,0,8.37,[H]N1CCN(N(=O)=O)C1=C(N(=O)=O)N(=O)=O
2,0,0,0,0,0,0,2,0,0,0,0,4,0,0,2,0,2,0,0,4,0,0,0,0,0,0,0,0,0,0,0,0,0,0,0,0,0,0,0,0,0,0,0,0,0,0,0,0,0,0,0,0,0,2,0,0,0,4,0,0,0,0,2,0,0,0,0,0,0,0,0,0,0,0,0,0,0,0,0,0,0,0,0,0,0,0,0,0,0,0,0,0,0,0,4,0,0,0,0,0,0,0,0,0,0,0,0,0,4,0,0,0,0,4,0,0,0,0,0,0,0,0,0,0,0,4,0,0,0,0,0,0,0,0,0,0,0,0,0,0,0,0,0,0,0,0,4,0,0,0,0,0,0,0,0,0,0,0,0,0,8.061,O=N(=O)C(F)(CNc1nnc(NCC(F)(N(=O)=O)N(=O)=O)nn1)N(=O)=O
0,0,0,0,0,0,0,0,0,0,0,0,0,0,0,0,0,0,0,0,0,0,0,0,0,0,0,2,0,0,0,0,0,0,0,0,0,0,0,0,0,2,0,0,0,2,0,0,0,0,0,0,0,0,4,0,0,0,4,0,0,0,0,0,0,0,0,0,0,0,0,0,0,0,0,0,0,0,0,0,0,0,0,0,0,0,0,0,0,0,0,0,0,0,0,2,0,0,0,0,0,0,0,0,0,0,0,2,0,2,0,0,0,0,2,0,0,0,0,0,0,0,0,2,0,2,2,0,0,0,0,0,0,0,0,0,0,2,0,0,0,0,0,0,0,2,2,2,0,0,0,0,0,0,0,0,0,0,0,0,0,8.024,O=N(=O)c2nc(c1nc(N(=O)=O)nn1F)n(F)n2
0,0,0,0,0,0,0,4,0,0,0,0,0,0,0,1,0,0,0,0,0,0,0,0,0,0,0,0,0,0,0,0,0,0,0,0,0,0,0,0,0,0,0,0,0,0,0,0,0,0,0,0,0,0,0,0,0,0,0,0,0,0,0,0,0,0,0,0,0,0,0,0,0,0,0,0,4,0,0,0,0,0,0,0,0,0,0,0,0,0,0,0,0,0,0,4,0,0,0,0,0,0,0,4,0,4,0,0,0,4,0,0,0,0,4,0,0,0,1,0,0,4,0,0,0,0,4,0,0,0,0,0,0,0,0,0,0,0,0,0,0,0,0,0,4,0,0,4,0,0,0,0,0,0,0,0,0,0,0,0,0,8.555,[H]C([H])(ON(=O)=O)C(C([H])([H])ON(=O)=O)(C([H])([H])ON(=O)=O)C([H])([H])ON(=O)=O
0,0,0,0,0,0,0,0,0,0,0,0,0,0,0,0,0,0,0,0,0,0,0,0,0,0,0,0,0,0,0,0,0,0,0,0,6,0,0,0,0,0,0,0,0,0,0,0,0,0,0,0,0,0,0,0,0,0,0,0,0,4,0,0,0,0,0,0,0,0,4,0,0,0,0,0,0,0,0,0,0,0,0,0,0,0,0,0,4,0,0,0,0,0,0,6,0,0,0,0,0,0,0,0,2,0,0,0,0,4,0,0,0,0,4,0,0,0,0,0,0,0,0,0,0,0,4,0,0,0,0,0,0,0,0,0,0,0,0,0,0,0,0,0,0,0,6,4,0,0,0,0,0,0,0,0,0,0,2,0,6,8.535,O=CN1C2C3N(C=O)C4C1N(C(C(N2N(=O)=O)N3N(=O)=O)N4N(=O)=O)N(=O)=O
0,0,0,2,0,0,0,2,0,0,0,0,3,0,0,2,0,0,0,0,0,0,0,0,0,0,0,0,0,0,0,0,0,0,0,0,0,0,0,0,0,0,0,0,0,0,0,0,0,0,0,0,0,0,0,0,0,0,0,0,0,0,0,0,0,0,0,0,0,0,0,0,0,0,0,0,0,0,0,0,0,0,0,0,0,0,0,0,0,0,0,0,0,0,0,6,0,0,0,0,0,0,0,0,0,0,0,0,0,5,0,0,0,0,5,2,2,0,0,0,0,0,1,0,2,0,5,0,0,0,0,0,0,0,2,0,0,0,0,0,0,0,0,0,0,0,0,5,0,0,0,0,0,0,0,0,0,0,0,0,6,8.001,O=NC(F)(CN(N(=O)=O)C12C3C4C1C5C2C3C45N(CC(F)(N(=O)=O)N(=O)=O)N(=O)=O)N(=O)=O
0,0,0,0,0,0,0,0,0,0,0,0,0,0,0,0,0,0,0,0,0,0,0,0,2,0,0,2,0,0,0,0,0,0,0,0,0,0,0,0,0,2,0,0,0,2,0,0,0,0,0,0,0,0,4,0,0,0,4,0,0,0,0,0,0,0,0,0,0,0,0,0,0,0,0,0,0,0,0,0,0,0,0,0,0,0,0,0,0,0,0,0,0,0,0,2,0,0,0,0,0,0,0,0,0,0,0,2,0,2,0,0,0,0,2,0,0,0,0,0,0,0,0,2,0,2,2,0,0,2,0,0,0,0,0,0,0,2,0,0,0,0,0,0,0,2,2,2,0,0,0,0,0,0,0,0,0,0,0,0,0,8.674,[H]N([H])n1nc(N(=O)=O)nc1c2nc(N(=O)=O)nn2N([H])[H]
0,0,0,0,0,0,0,0,0,2,0,0,0,0,0,0,0,0,0,0,0,0,0,0,0,0,0,1,0,0,0,0,0,1,0,0,0,0,0,0,1,0,0,0,0,0,0,0,1,0,0,0,0,0,2,0,0,0,1,0,0,0,0,0,0,0,0,0,0,0,0,0,0,0,0,0,0,0,0,0,0,0,0,0,0,0,0,0,0,0,0,0,0,0,0,3,0,0,0,0,0,0,0,0,0,0,0,0,0,1,0,0,0,0,1,0,0,0,0,0,0,0,0,0,0,0,1,0,0,0,0,0,0,0,0,0,0,0,0,0,0,0,0,1,0,0,0,1,0,0,0,0,0,0,0,0,2,0,0,0,0,8.728,O=C1NN=C(N1)N(=O)=O
0,0,0,0,0,0,0,0,0,1,0,0,0,0,0,0,0,0,0,0,1,0,0,0,1,0,0,2,0,0,0,0,0,0,0,0,0,0,0,0,0,0,0,0,0,0,0,0,0,0,0,0,0,0,2,0,0,0,2,0,0,0,0,0,0,0,0,0,0,1,0,0,0,0,0,0,0,0,0,0,0,0,0,0,0,0,0,0,0,0,0,0,0,0,0,1,0,0,0,0,0,0,0,0,0,0,0,0,1,1,0,0,0,0,1,0,0,0,0,0,0,0,0,0,0,0,1,0,0,0,0,0,0,0,0,0,0,0,0,0,0,0,0,0,0,0,0,1,0,0,0,0,1,0,0,0,0,0,0,0,0,8.792,[H]N([H])c1c(N(=O)=O)nnn1[H]
0,0,0,0,0,0,0,2,0,0,0,0,0,0,0,0,0,0,0,0,0,0,2,0,0,0,0,0,0,0,0,0,0,0,0,0,6,2,0,0,0,0,0,0,2,0,0,0,0,0,0,0,0,0,0,0,0,0,0,0,0,4,0,0,0,0,0,0,0,0,4,0,0,0,0,0,2,0,0,0,0,0,0,0,0,0,0,0,4,0,0,0,0,0,0,6,0,0,0,0,0,0,0,0,0,0,0,0,0,4,0,0,0,0,4,0,0,0,0,0,0,2,0,0,0,0,4,0,0,0,0,0,0,0,0,0,2,0,0,0,0,0,0,0,0,0,6,4,0,0,0,0,0,0,0,0,0,0,0,0,6,8.603,O=C(CN=[N+]=[N-])N1C2C3N(C4C1N(C(C(N2N(=O)=O)N3N(=O)=O)N4N(=O)=O)N(=O)=O)C(=O)CN=[N+]=[N-]
0,0,0,0,0,0,0,0,1,0,0,0,0,0,0,1,0,0,0,0,0,0,0,0,1,0,0,3,0,0,0,0,0,0,0,0,0,0,0,0,1,0,0,0,0,0,0,0,0,0,0,0,0,2,5,0,0,0,0,0,0,0,0,0,0,0,0,0,0,1,0,0,0,0,0,0,0,0,0,0,0,0,0,0,0,0,0,0,0,1,0,0,0,1,0,3,0,0,0,0,0,0,0,0,0,0,0,0,0,3,2,0,0,0,3,0,0,0,0,0,0,0,0,0,0,0,3,0,0,0,1,0,0,1,0,0,0,0,0,0,1,0,0,0,0,0,0,3,0,0,0,0,0,0,0,0,1,0,0,1,0,7.109,[H]N([H])c1c(N(=O)=O)cc(N(=O)=O)c(C(F)(F)F)c1N(=O)=O
0,0,0,2,0,0,0,0,0,0,1,0,0,0,0,0,0,0,0,0,0,0,0,0,0,0,0,0,0,0,0,0,0,0,0,0,0,0,0,0,0,0,0,0,2,0,0,0,1,0,0,0,0,0,1,0,0,0,0,0,0,0,0,0,0,0,0,0,0,0,2,0,0,0,0,0,0,0,0,0,0,0,0,0,0,0,0,0,0,0,0,0,0,0,0,3,0,0,0,0,0,0,0,0,0,0,0,0,0,2,0,0,0,0,2,0,0,0,0,0,0,2,0,0,0,0,2,0,0,0,0,0,0,0,0,0,0,0,0,0,0,0,0,0,0,0,2,2,0,0,0,0,0,0,0,0,0,0,0,0,6,7.168,O=C6N(N(=O)=O)C25C1C4C3C1C2(C3C45)N6N(=O)=O
0,0,0,0,0,0,0,0,0,1,0,0,0,0,0,0,0,0,0,0,0,0,0,0,0,0,0,2,0,0,0,0,0,0,0,0,0,0,0,0,0,0,0,0,0,0,0,0,0,0,0,0,0,1,3,0,0,0,1,0,0,0,0,0,0,0,0,0,0,0,0,0,0,0,0,0,0,0,0,0,0,0,0,0,0,0,0,0,0,0,0,0,0,0,0,2,0,0,0,0,0,0,0,0,0,1,0,0,1,2,1,0,0,0,2,0,0,0,0,0,0,0,0,0,0,0,2,0,0,0,1,0,0,0,0,0,0,0,0,0,0,0,0,0,0,0,0,2,0,0,0,0,1,0,0,0,1,0,0,0,0,8.248,[H]c1c(N(=O)=O)c(N(=O)=O)nn1[H]
0,0,0,2,0,0,0,0,0,0,0,0,0,0,0,0,0,0,0,0,0,0,0,0,0,0,0,0,0,0,0,0,0,0,0,0,0,0,0,0,0,0,0,0,0,0,0,0,0,0,0,0,0,0,0,0,0,0,0,0,0,0,0,0,0,0,0,0,0,0,2,0,0,0,0,0,0,0,0,0,0,0,0,0,0,0,0,2,0,0,0,0,4,0,0,4,0,0,0,0,0,0,0,0,0,0,0,0,0,4,0,0,0,0,4,0,0,0,0,0,0,0,0,0,0,0,4,0,0,0,0,0,0,0,0,0,0,0,2,0,4,0,0,0,0,0,2,4,0,0,0,0,0,0,0,0,0,2,0,0,0,8.269,O=N(=O)N2CC1(N(=O)=O)CN(N(=O)=O)CC1(N(=O)=O)C2
0,0,1,0,0,0,0,0,0,0,0,0,4,0,0,2,0,0,0,0,0,0,0,0,0,0,0,0,0,0,0,0,0,0,0,0,0,0,0,0,0,0,0,0,0,0,0,0,0,0,0,0,0,0,0,0,0,0,0,0,0,0,0,0,0,0,0,0,0,0,0,0,0,0,0,0,0,0,0,0,0,0,0,0,0,0,0,0,0,0,2,0,0,0,0,4,0,2,0,0,0,0,0,0,0,1,0,0,0,4,0,0,0,0,4,0,0,0,0,0,0,0,0,0,0,0,4,0,1,0,0,0,0,0,0,0,0,0,0,0,0,0,0,0,0,0,0,4,0,0,0,0,0,0,0,0,0,0,0,0,3,7.955,COC1OC(C(O1)C(F)(N(=O)=O)N(=O)=O)C(F)(N(=O)=O)N(=O)=O
0,0,0,3,0,0,0,0,0,0,0,0,0,0,0,0,0,0,0,0,0,0,0,1,0,0,0,0,0,0,0,0,0,0,0,0,0,0,0,0,0,0,0,0,0,0,0,0,0,0,0,0,0,0,0,0,0,0,0,0,0,0,0,0,0,0,0,0,0,0,0,0,0,0,0,0,0,0,0,0,0,0,0,0,0,0,0,0,0,0,0,0,0,0,0,3,0,0,0,0,0,0,0,0,0,0,0,0,0,3,0,0,0,0,3,0,0,0,0,0,0,0,0,0,0,0,3,0,0,0,0,0,0,0,0,0,0,0,0,0,0,0,0,0,0,0,0,3,0,0,0,0,0,0,0,0,0,3,0,0,5,7.33,O=N(=O)C12C3C4C1C1(C4C3(C21)N(=O)=O)N(=O)=O
0,0,0,0,0,0,0,0,0,0,0,0,0,0,0,0,0,0,0,0,0,0,0,0,0,0,0,0,0,0,0,0,0,0,0,0,0,0,0,0,0,0,0,0,0,0,0,0,0,0,0,0,0,0,0,0,0,0,0,0,0,0,1,0,0,0,0,0,0,0,1,0,0,0,0,0,0,0,0,0,0,0,0,0,0,0,0,0,0,0,0,0,0,0,0,2,0,0,0,0,0,0,0,0,0,1,0,0,0,2,0,0,0,0,2,0,0,0,0,0,0,1,0,0,0,0,2,0,0,0,0,0,0,0,0,0,0,0,1,0,2,0,0,1,0,0,1,2,0,0,0,0,0,0,0,0,0,0,0,0,1,7.924,O=N(=O)OC1CN(N(=O)=O)C1
0,0,0,0,0,0,0,0,3,0,0,0,0,0,0,0,0,0,0,0,0,0,0,0,2,0,0,3,0,0,0,0,0,0,0,0,0,0,0,0,2,0,0,0,0,0,0,0,0,0,0,0,0,0,6,0,0,0,0,0,0,0,0,0,0,0,0,0,0,2,0,0,0,0,0,0,0,0,0,0,0,0,0,0,0,0,0,0,0,0,0,0,0,0,0,3,0,0,0,0,0,0,0,0,0,0,0,0,0,3,0,0,0,0,3,0,0,0,0,0,0,0,0,0,0,0,3,0,0,0,0,0,0,0,0,0,0,0,0,0,0,0,0,0,0,0,0,3,0,0,0,0,0,0,0,0,0,0,0,3,0,7.94,Nc1c(c(N)c(c(F)c1N(=O)=O)N(=O)=O)N(=O)=O
0,0,0,4,0,0,0,0,0,0,0,0,0,0,0,0,0,0,0,0,0,0,0,0,0,0,0,0,0,0,0,0,0,0,0,0,0,0,0,0,0,0,0,0,0,0,0,0,0,0,0,0,0,0,0,0,0,0,0,0,0,0,0,0,0,0,0,0,0,0,0,0,0,0,0,0,0,0,0,0,0,0,0,0,0,0,0,0,0,0,0,0,0,0,0,4,0,0,0,0,0,0,0,0,0,0,0,0,0,4,0,0,0,0,4,0,0,0,0,0,0,0,0,0,0,0,4,0,0,0,0,0,0,0,0,0,0,0,0,0,0,0,0,0,0,0,0,4,0,0,0,0,0,0,0,0,0,4,0,0,4,7.975,O=N(=O)C12C3C4(C1C1(C2C3(C41)N(=O)=O)N(=O)=O)N(=O)=O
0,0,0,2,0,0,0,0,0,0,0,0,0,0,0,0,0,0,0,0,0,0,0,0,0,0,0,0,0,0,0,0,0,0,0,0,0,0,0,0,0,0,0,0,0,0,0,0,0,0,0,0,0,0,0,0,0,0,0,0,0,0,0,0,0,0,0,0,0,0,0,0,0,0,0,0,0,0,0,0,0,0,0,0,0,0,0,0,0,0,0,0,0,0,0,2,0,0,0,0,0,0,0,0,0,0,0,0,0,2,0,0,0,0,2,0,0,0,0,0,0,0,0,0,0,0,2,0,0,0,0,0,0,0,0,0,0,0,0,0,0,0,0,0,0,0,0,2,0,0,0,0,0,0,0,0,0,2,0,0,6,7.318,O=N(=O)C12C3C4C1C1C2C3C41N(=O)=O
0,0,0,0,0,0,0,0,0,1,0,0,0,0,0,0,0,0,0,0,1,0,0,0,1,0,0,1,0,0,0,0,0,0,0,0,0,0,0,0,0,0,0,0,0,0,0,0,0,0,0,0,0,0,1,0,0,0,1,0,0,0,0,0,0,0,0,0,0,0,0,0,0,0,0,0,0,0,0,0,0,0,0,0,0,0,0,0,0,0,0,0,0,0,0,3,0,0,0,0,0,0,0,0,0,0,0,0,0,2,0,0,0,0,2,0,0,0,0,0,0,1,0,0,0,0,2,0,0,0,0,0,0,0,0,0,1,0,0,0,0,0,0,0,0,0,0,2,0,0,0,0,0,0,0,0,0,0,0,0,2,8.039,[H]N([H])C(=O)C1C(N(=O)=O)C(N(=O)=O)=NN1[H]
0,0,0,2,0,0,0,0,0,0,0,0,0,0,0,0,0,0,0,0,0,0,0,0,0,0,0,0,0,0,0,0,0,0,0,0,0,0,0,0,0,0,0,0,0,0,0,0,2,0,0,0,0,0,0,0,0,0,0,0,0,0,0,0,0,0,0,0,0,0,2,0,0,0,0,0,0,0,0,0,0,0,0,0,0,0,0,2,0,0,0,0,4,0,0,4,0,0,0,0,0,0,0,0,0,0,0,0,0,4,0,0,0,0,4,0,0,0,0,0,0,0,0,0,0,0,4,0,0,0,0,0,0,0,0,0,0,0,2,0,5,0,0,0,0,0,2,4,0,0,0,0,0,0,0,0,0,2,0,0,0,7.715,O=N(=O)N1CC2(CN(CC(C1)(C2)N(=O)=O)N(=O)=O)N(=O)=O
0,0,0,0,0,0,0,0,6,0,0,0,0,0,0,0,0,0,0,0,0,0,0,0,4,0,0,6,0,0,0,0,0,0,0,0,0,0,0,0,4,0,0,0,0,0,0,0,0,0,0,0,0,0,12,0,0,0,0,0,0,0,0,0,0,0,0,0,0,4,0,0,0,0,0,0,0,0,0,0,2,0,0,0,0,0,0,0,0,0,0,0,0,0,0,6,0,0,0,0,0,0,0,0,0,0,0,0,0,6,0,0,2,0,6,0,0,0,0,0,0,0,0,0,0,0,6,0,0,0,0,0,0,0,0,0,0,0,0,0,0,0,0,0,0,0,0,6,0,0,0,0,0,0,0,0,0,0,0,6,0,7.74,Nc1c(c(N)c(c(c2c(c(N)c(c(N)c2N(=O)=O)N(=O)=O)N(=O)=O)c1N(=O)=O)N(=O)=O)N(=O)=O
0,0,1,0,0,0,0,0,1,0,0,0,0,0,0,0,0,0,0,0,0,0,0,0,1,0,0,3,0,0,0,0,0,0,0,0,0,0,0,0,1,0,0,0,0,0,0,0,0,0,0,0,0,2,5,0,0,0,0,0,0,0,0,0,0,0,1,0,0,1,0,0,0,0,0,0,0,0,0,0,1,0,0,0,0,0,0,0,1,1,0,0,0,1,0,3,0,0,0,0,0,0,0,0,0,1,0,0,0,3,2,0,0,0,3,0,0,0,0,0,0,0,0,0,0,0,3,0,1,0,1,0,0,1,0,0,0,0,0,0,0,0,0,0,0,0,0,3,0,0,0,0,0,0,0,0,1,0,0,1,0,7.526,COc1c(cc(c(N)c1N(=O)=O)N(=O)=O)N(=O)=O
0,0,0,0,0,0,0,0,0,0,0,0,0,0,0,0,0,0,0,0,0,0,0,0,0,0,0,0,0,0,0,0,0,0,0,0,0,0,0,0,0,0,0,0,0,0,0,0,0,0,0,0,0,0,0,0,0,0,0,0,0,0,0,0,0,0,0,0,0,0,2,0,5,0,0,0,0,0,0,0,0,0,0,0,0,0,2,0,0,0,0,0,0,0,0,2,0,0,0,0,0,0,0,0,0,0,0,0,0,2,0,0,0,0,2,0,0,0,0,0,0,0,0,0,0,0,2,0,0,0,0,0,0,0,0,0,0,0,2,0,5,0,0,0,0,0,4,2,0,0,0,0,0,0,0,0,0,0,0,0,0,7.97,O=N(=O)N1CN2CN(C1)CN(C2)N(=O)=O
0,0,3,0,0,0,0,0,3,0,0,0,0,0,0,0,0,0,0,0,0,0,0,0,0,0,0,3,0,0,0,0,0,0,0,0,0,0,0,0,0,0,0,0,0,0,0,0,0,0,0,0,0,0,6,0,0,0,0,0,0,0,0,0,0,0,0,0,0,0,0,0,0,0,0,0,0,0,0,0,3,0,0,0,0,0,0,0,3,0,0,0,0,0,0,3,0,0,0,0,0,0,0,0,0,3,0,0,0,3,0,0,0,0,3,0,0,0,0,0,0,0,0,0,0,0,3,0,3,0,0,0,0,0,0,0,0,0,0,0,0,0,0,0,0,0,0,3,0,0,0,0,0,0,0,0,0,0,0,3,0,7.001,COc1c(c(OC)c(c(OC)c1N(=O)=O)N(=O)=O)N(=O)=O
0,0,2,0,0,0,0,0,0,0,0,0,0,0,0,0,0,0,0,0,0,0,0,0,0,0,0,2,0,0,0,0,0,0,0,0,0,0,0,0,0,0,0,0,0,0,0,0,0,0,0,0,0,2,4,0,0,0,0,0,0,0,0,0,0,0,0,0,0,0,0,0,0,0,0,0,2,0,0,0,2,0,0,0,0,0,0,0,0,0,0,0,0,0,0,2,0,0,0,0,0,0,0,0,0,2,0,0,0,2,2,0,0,0,2,0,0,0,0,0,0,0,0,0,0,0,2,0,2,0,2,0,0,2,0,0,0,0,0,0,0,0,0,0,0,0,0,2,0,0,0,0,0,0,0,0,1,0,0,0,0,7.046,COc1cc(OC)c(cc1N(=O)=O)N(=O)=O
0,0,1,0,0,0,0,0,0,0,0,0,0,0,0,0,0,0,0,0,0,0,0,0,0,0,0,2,0,0,0,0,1,0,0,0,0,0,0,1,0,0,0,0,0,0,0,0,0,0,0,0,0,1,3,0,0,0,0,0,0,0,0,0,0,0,0,0,0,0,0,0,0,0,0,0,0,0,0,0,1,0,0,0,0,0,0,0,0,0,0,0,0,0,0,2,0,0,0,0,0,0,0,0,0,1,0,0,0,2,1,0,0,2,2,0,0,1,0,0,0,0,0,0,0,0,2,0,1,0,3,0,0,1,0,0,0,0,0,1,0,0,0,0,0,0,0,2,0,0,0,0,0,0,0,0,0,0,0,0,0,6.541,COc1ccc(cc1N(=O)=O)N(=O)=O
0,0,0,1,0,0,0,0,0,0,0,0,0,0,0,0,0,0,0,0,0,0,0,0,0,0,0,0,0,0,0,0,0,0,0,0,0,0,0,0,0,0,0,0,0,0,0,0,0,0,0,0,0,0,0,0,0,0,0,0,0,0,0,0,0,0,0,0,0,0,0,0,0,0,0,0,0,0,0,0,0,0,0,0,0,0,0,0,0,0,0,0,0,0,0,1,0,0,0,0,0,0,0,0,0,0,0,0,0,1,0,0,0,0,1,0,0,0,0,0,0,0,0,0,0,0,1,0,0,0,0,0,0,0,0,0,0,0,0,0,0,0,0,0,0,0,0,1,0,0,0,0,0,0,0,0,0,1,0,0,7,6.686,O=N(=O)C12C3C4C5C3C1C5C24
0,0,3,0,0,0,0,0,0,0,0,0,0,0,0,0,0,0,0,0,0,0,0,0,0,0,0,2,0,0,0,0,0,0,0,0,0,0,0,0,0,0,0,0,0,0,0,0,0,0,0,0,0,2,5,0,0,0,0,0,0,0,0,0,0,0,2,0,0,0,0,0,0,0,0,0,0,0,0,0,3,0,0,0,0,0,0,0,3,0,0,0,0,0,0,2,0,0,0,0,0,0,0,0,0,3,0,0,0,2,2,0,0,0,2,0,0,0,0,0,1,0,0,0,0,0,2,0,3,0,1,0,0,1,0,0,0,0,0,0,0,0,0,0,0,0,0,2,0,0,0,0,0,0,0,0,1,0,0,0,0,6.464,COc1c(OC)c(cc(c1OC)N(=O)=O)N(=O)=O
0,0,0,0,0,0,0,0,0,0,0,0,0,0,0,0,0,0,0,0,0,0,0,0,0,0,0,0,0,0,0,0,0,0,0,0,0,0,0,0,0,0,0,0,0,0,0,0,0,0,0,0,0,0,0,0,0,0,0,0,0,0,0,0,0,0,0,0,0,0,0,0,0,0,0,0,0,0,0,0,0,0,0,0,0,0,0,0,0,0,0,0,0,0,0,0,0,0,0,0,0,0,0,0,0,0,0,0,0,0,0,0,0,0,0,0,0,0,0,0,0,0,0,0,0,0,0,0,0,0,0,0,0,0,0,0,0,0,0,0,0,0,0,0,0,0,0,0,0,0,0,0,0,0,0,0,0,0,0,0,8,6.7,C12C3C4C1C1C2C3C41
0,0,0,0,0,0,0,0,0,0,0,0,0,0,1,0,0,1,0,0,0,0,0,0,1,0,0,0,0,0,0,0,0,0,0,0,0,0,0,0,0,0,0,0,0,0,0,0,0,0,0,0,0,0,1,0,0,0,3,0,0,0,0,0,0,0,0,0,0,1,0,0,0,0,0,0,0,0,0,0,0,0,0,0,0,0,0,0,0,0,0,0,0,0,0,0,0,0,0,0,0,0,0,0,0,0,0,0,0,0,0,0,0,0,0,0,0,0,0,0,0,1,0,0,0,0,0,0,0,0,0,0,0,0,0,0,0,0,0,0,0,0,1,0,0,0,0,0,0,0,0,0,0,0,0,0,0,0,0,0,1,9.384,[H]ON([H])C1N=NC(N([H])[H])=N1
0,0,0,2,0,0,0,0,0,2,0,0,0,0,0,0,0,0,0,0,0,0,0,0,0,0,0,0,0,0,0,0,0,0,2,0,0,0,0,0,0,0,0,0,0,0,0,0,0,0,0,0,0,0,4,0,0,0,4,0,0,0,0,0,0,0,0,0,0,0,0,0,0,0,0,0,0,0,0,0,0,4,0,0,0,0,0,0,0,0,0,0,0,0,0,0,0,2,0,0,0,0,0,0,0,0,0,0,0,0,0,0,0,0,0,0,0,0,0,0,0,0,0,0,0,0,0,0,0,0,0,0,2,0,0,0,0,0,0,0,0,0,0,0,0,0,0,0,0,0,0,0,0,0,0,0,0,0,0,0,0,8.808,n=2onc3[nH]c1nonc1[nH]c23
0,0,0,2,0,0,0,0,0,2,0,0,0,0,0,0,0,0,0,0,0,0,0,0,0,0,0,0,0,0,0,0,0,0,2,0,0,0,0,0,0,0,0,0,0,0,0,0,0,0,0,0,0,0,4,0,0,0,4,0,0,0,0,0,0,0,0,0,0,0,0,0,0,0,0,0,0,0,0,0,0,4,0,0,0,0,0,0,0,0,0,0,0,0,0,0,0,2,0,0,0,0,0,0,0,0,0,0,0,0,0,0,0,0,0,0,0,0,0,0,0,0,0,0,0,0,0,0,0,0,0,0,2,0,0,0,0,0,0,0,0,0,0,0,0,0,0,0,0,0,0,0,0,0,0,0,0,0,0,0,0,8.428,n2on=c3[nH]c1nonc1[nH]c23
0,0,0,0,0,0,0,0,0,0,0,0,0,0,0,0,0,0,0,0,4,0,0,0,0,0,0,0,0,0,0,0,0,0,0,0,0,0,0,0,0,0,0,0,0,0,0,0,0,0,0,0,0,0,2,0,0,0,4,0,0,0,0,0,0,0,0,0,0,0,0,0,0,0,0,0,2,0,2,0,0,0,0,0,0,0,0,0,0,0,0,0,0,0,0,0,0,0,0,0,0,2,0,0,0,0,0,0,0,0,0,0,0,0,0,0,0,0,0,0,0,2,0,0,0,0,0,0,0,0,0,0,0,0,0,0,0,0,0,0,0,0,0,0,0,0,0,0,0,0,0,0,0,0,0,0,0,0,0,0,0,8.664,N#[N+][N-]c1nnc([N-][N+]#N)nn1
0,0,1,0,0,0,0,0,0,0,0,0,0,0,0,0,0,0,0,0,0,0,0,0,0,0,0,3,0,0,0,0,2,0,0,0,0,0,0,1,0,0,0,0,0,0,0,0,0,0,0,0,0,2,4,0,0,1,0,0,0,0,0,0,0,0,0,2,0,0,0,0,0,0,0,0,0,0,0,0,0,0,0,0,0,0,0,0,0,0,0,0,0,0,0,3,0,0,0,0,0,0,0,0,0,0,0,1,0,3,2,0,0,0,3,0,0,1,0,0,0,0,0,0,0,0,3,0,0,0,2,0,0,2,0,0,0,0,0,0,0,0,0,0,0,0,0,3,0,0,0,0,0,0,0,0,0,0,0,0,0,7.179,Cc1c(cc(cc1N(=O)=O)N(=O)=O)N(=O)=O
0,0,0,0,0,0,0,0,0,0,0,0,0,0,0,0,0,0,0,0,0,0,0,0,0,2,0,0,0,1,0,0,0,0,0,0,0,0,0,0,0,0,0,0,0,0,0,0,1,0,0,0,0,0,1,0,0,0,0,0,0,0,0,0,0,0,0,0,0,0,2,2,1,0,0,0,0,0,0,0,0,0,0,0,0,0,0,0,0,0,0,0,0,0,0,3,0,2,0,0,0,0,0,0,0,0,0,0,0,2,0,0,0,0,2,0,0,0,0,0,0,0,0,0,0,0,2,0,0,0,0,0,0,0,0,0,0,0,0,0,1,0,0,0,0,0,2,2,0,0,0,0,0,0,0,0,0,0,2,0,2,8.65,[H]C2([H])N(N(=O)=O)C1([H])OC(=O)OC1([H])N2N(=O)=O
0,0,0,0,0,0,0,0,0,0,0,0,0,0,0,0,0,1,0,0,0,0,0,0,1,0,0,0,0,0,0,1,0,0,0,0,0,0,0,0,0,0,0,0,0,0,0,0,0,0,0,0,0,0,1,0,0,0,2,0,0,0,0,0,0,1,1,0,1,1,0,0,0,0,0,0,0,0,0,0,0,0,0,0,0,0,0,0,0,0,0,0,0,0,1,0,0,0,0,0,0,0,0,0,0,0,0,0,0,0,0,0,0,0,0,0,0,0,0,0,0,1,0,0,0,0,0,0,0,0,2,0,0,0,0,0,0,0,0,0,0,0,0,0,0,2,1,0,0,0,0,0,0,0,0,0,0,0,0,0,0,9.384,[H]ON([H])n1cnc(N([H])[H])n1
0,0,1,0,0,0,0,1,0,0,0,0,0,0,0,0,0,0,0,0,0,0,0,0,0,2,0,0,0,0,0,0,0,0,0,0,1,0,0,0,0,0,0,0,0,0,0,0,0,0,1,0,0,0,0,0,0,0,0,0,0,1,0,0,0,0,0,0,0,0,3,2,0,0,0,0,0,0,0,0,0,0,0,0,0,0,0,0,1,0,0,0,0,0,0,4,0,0,0,0,0,1,0,0,0,2,0,0,0,4,0,0,0,0,4,0,0,0,0,0,0,0,0,0,0,0,4,0,1,0,0,0,0,0,0,1,0,0,0,0,2,0,0,0,0,1,3,4,0,0,0,0,0,0,0,0,0,0,0,0,4,8.074,[H]C([H])([H])[O]COC2C(N(=O)=O)C1C(N(N(=O)=O)CCN1N(=O)=O)N2N(=O)=O
0,0,0,0,0,0,0,0,1,0,0,0,0,0,0,0,0,0,0,0,0,0,0,0,1,0,0,1,0,0,0,0,0,0,0,0,0,2,0,0,1,0,0,0,0,0,0,0,0,1,0,0,0,0,6,0,0,0,2,0,0,0,0,0,0,0,0,0,0,1,0,0,0,2,0,1,0,0,0,0,0,2,0,0,0,0,0,0,0,0,0,0,0,0,0,1,0,2,0,0,0,0,0,0,0,0,0,0,0,3,0,0,0,0,1,0,0,0,0,0,0,0,0,0,0,0,1,0,0,0,0,0,0,0,0,0,0,0,0,0,0,0,0,0,0,0,0,1,0,0,0,0,0,0,0,0,0,0,0,1,0,8.553,o1[n+]([O-])c2c(n1)c1[n+](onc1c(N(=O)=O)c2N)[O-]
