ecfp_feature_1,ecfp_feature_2,ecfp_feature_3,ecfp_feature_10,ecfp_feature_12,ecfp_feature_16,ecfp_feature_19,ecfp_feature_22,ecfp_feature_27,ecfp_feature_29,ecfp_feature_30,ecfp_feature_33,ecfp_feature_34,ecfp_feature_36,ecfp_feature_38,ecfp_feature_39,ecfp_feature_45,ecfp_feature_54,ecfp_feature_55,ecfp_feature_58,ecfp_feature_73,ecfp_feature_78,ecfp_feature_80,ecfp_feature_81,ecfp_feature_86,ecfp_feature_90,ecfp_feature_94,ecfp_feature_99,ecfp_feature_100,ecfp_feature_104,ecfp_feature_105,ecfp_feature_108,ecfp_feature_110,ecfp_feature_111,ecfp_feature_121,ecfp_feature_122,ecfp_feature_123,ecfp_feature_125,smiles
0,0,0,0,1,2,1,0,0,0,0,1,0,0,0,1,0,0,1,0,1,0,1,3,1,1,1,0,1,0,1,0,1,0,0,1,0,0,COCc1ccoc1
1,0,0,0,1,1,1,0,0,0,3,1,0,1,0,3,0,0,0,0,0,1,0,1,2,0,0,0,0,0,1,0,0,1,0,1,2,0,CC12CC1CC(O)C2
0,1,0,1,0,0,2,0,0,1,2,0,1,1,0,1,1,0,0,1,0,1,0,2,0,1,0,1,0,1,0,0,0,0,0,0,1,0,OC1(CCC=C1)C#C
0,0,0,2,1,0,0,0,1,1,1,1,0,0,0,1,1,1,0,0,1,0,0,1,0,0,1,1,0,0,0,1,0,0,1,1,1,0,CC1CN(C=O)C=N1
0,0,0,2,0,1,1,0,1,1,1,1,0,1,1,0,0,0,0,1,0,0,0,0,1,1,0,0,1,0,0,0,1,1,0,1,1,0,CC12NCC1OC2=O
0,0,0,1,0,1,0,0,1,1,2,1,0,1,0,3,0,1,0,0,1,0,0,1,0,0,0,1,0,0,0,1,1,0,0,1,1,0,CC12CC1CN2C=O
0,0,1,1,1,0,1,0,0,1,1,1,1,0,0,1,0,0,0,0,0,1,1,1,0,1,0,0,0,0,0,0,0,0,1,1,2,1,CC(=O)C1CC1C#C
1,0,1,0,0,2,1,0,0,0,2,1,1,2,1,1,0,0,1,0,0,1,1,1,0,0,0,0,0,0,0,0,0,0,1,0,1,0,C#CCC12CC1CO2
1,0,0,1,0,1,1,0,0,0,3,1,1,1,1,1,1,0,1,0,0,0,1,0,1,0,0,1,0,0,0,1,0,0,0,0,1,1,CCOC12CC1CC2
1,0,1,3,2,1,1,0,2,0,2,0,1,0,0,2,0,0,0,0,0,1,1,0,0,0,0,0,0,0,1,0,0,0,0,0,3,0,C#CC1CC2OC2C1
1,0,0,1,1,1,1,0,2,0,3,0,1,0,0,2,2,0,0,1,0,1,0,0,0,0,0,0,0,0,2,0,0,0,0,0,3,0,OC1CCC2OC2C1
0,0,2,0,1,1,1,0,1,0,2,0,2,0,0,0,0,0,1,0,0,1,1,1,0,0,0,0,0,0,0,0,1,0,1,1,3,0,C#CC1COC2CC12
0,0,1,0,1,1,0,0,0,0,2,0,1,1,0,1,0,0,0,0,1,0,1,0,0,0,1,1,1,1,0,1,1,0,0,0,3,0,OCC1OCC2CC12
1,0,1,0,2,0,1,0,0,0,1,0,1,1,0,1,0,0,0,0,0,1,0,1,1,0,0,0,1,0,1,0,2,0,0,0,4,0,OC1CC2C(C#C)C12
1,0,1,1,1,1,3,0,2,0,2,0,1,0,0,0,2,0,0,0,0,1,0,0,0,0,0,0,1,0,0,0,0,0,0,0,3,2,C#CC1C2CCC1O2
1,0,0,1,0,2,2,1,2,0,2,0,1,0,0,0,2,0,0,0,0,0,0,0,0,0,0,0,1,2,0,0,0,0,0,0,3,2,N#CC1C2CCC1O2
1,0,0,1,0,2,2,0,2,0,3,1,0,0,0,0,2,1,1,0,1,0,0,0,0,0,0,0,0,2,0,0,0,0,0,0,3,0,COC1C2CCC1O2
1,0,1,1,1,2,0,0,3,0,2,0,1,0,0,0,0,0,0,1,0,0,0,1,0,0,1,1,0,0,0,0,1,0,0,0,4,0,C1C2OC3COC3C12
0,1,0,1,0,0,1,1,0,1,0,0,2,0,1,0,1,0,0,0,1,2,0,1,1,1,0,0,2,1,0,0,0,0,0,1,0,0,C#Cc1c(nc[nH]1)C#N
1,0,0,0,0,1,1,1,0,0,1,1,1,0,0,0,0,0,0,0,1,1,1,4,1,1,0,0,1,1,0,0,0,0,1,0,0,0,c1cc(oc1)NCC#N
0,0,0,1,1,1,1,1,0,1,0,0,1,0,0,1,0,0,0,0,0,0,2,3,1,1,1,0,1,1,0,0,1,0,0,0,0,0,c1cocc1CCC#N
0,0,1,0,0,1,0,1,0,0,1,0,1,0,1,0,0,0,0,0,1,0,1,2,0,1,1,1,1,0,1,0,0,1,0,1,1,0,C(C1CO1)C1=CN=CN1
0,0,0,0,1,1,1,0,0,1,2,0,0,0,0,1,2,0,0,0,0,0,1,3,1,1,2,0,1,1,0,0,1,0,0,0,1,0,c1cocc1CC2CC2
0,0,0,1,1,1,1,0,0,0,1,0,0,0,0,1,0,0,0,0,0,0,2,3,2,2,2,1,1,0,0,0,1,0,0,0,1,0,C(C1CN1)C1=COC=C1
0,0,1,0,1,2,1,0,0,0,1,0,1,0,0,1,0,0,0,0,0,0,1,3,1,1,2,0,1,0,1,0,2,1,0,0,1,0,C(C1CO1)C1=COC=C1
0,0,0,0,2,0,0,0,0,0,3,0,1,0,1,0,0,0,0,0,1,0,2,2,0,1,0,0,2,0,1,0,0,1,1,1,2,0,C1C2CC1C1=C2NC=N1
0,0,1,0,1,1,0,0,1,0,1,0,1,0,1,0,0,1,1,0,2,0,0,2,1,1,0,0,2,0,0,0,1,0,0,0,2,0,C1C2OC3=C(C=CN3)C12
0,0,1,0,1,2,1,0,1,0,1,0,1,0,1,1,0,0,1,0,1,0,0,3,1,0,0,0,2,0,0,0,1,0,0,0,2,0,C1C2OC3=C(C=CO3)C12
0,0,0,0,1,1,0,0,1,0,1,0,1,0,1,0,0,1,1,0,2,0,0,1,0,1,0,0,2,0,1,0,1,0,0,1,2,0,C1C2OC3=C(N=CN3)C12
0,1,0,0,1,1,0,0,1,0,1,0,0,0,1,0,0,0,1,0,1,0,1,3,1,1,0,0,2,0,0,0,1,0,0,1,2,0,C1C2OC3=C(NC=C3)C12
0,0,0,0,1,1,0,0,1,0,1,0,0,0,1,0,2,0,1,0,2,0,1,2,0,1,0,0,2,0,0,0,1,0,1,1,2,0,C1C2OC3=C(NC=N3)C12
0,0,1,0,1,2,1,0,1,0,1,0,1,0,1,0,0,0,1,0,1,0,0,3,1,0,0,0,2,0,0,1,1,0,0,0,2,0,C1C2OC3=C(OC=C3)C12
1,0,2,0,1,2,0,0,1,0,1,0,1,0,0,0,1,0,1,0,1,0,0,2,0,0,0,0,3,0,0,0,1,0,0,1,2,0,C1C2OC3=C(OC=N3)C12
0,0,0,0,1,1,1,1,1,0,1,0,1,0,0,1,0,0,0,0,0,0,0,3,1,0,0,0,2,1,1,0,1,1,0,0,0,1,N=C1C=COC=C1C#N
0,0,0,1,1,2,1,2,0,0,1,0,1,0,0,1,0,0,0,1,0,0,0,3,1,0,0,0,2,1,1,0,1,0,0,0,0,0,c1cocc(c1=O)C#N
0,0,0,1,0,3,1,0,1,0,0,0,0,0,1,0,0,0,1,0,0,0,0,4,1,1,0,1,4,0,0,0,0,2,0,0,1,0,N=C1NC2=C(O1)C=CO2
0,0,1,0,0,1,1,0,1,0,2,0,1,0,2,0,0,0,0,0,0,1,1,2,0,1,0,1,3,0,0,0,0,1,0,0,1,0,N=C1NC=C(CC#C)O1
1,0,0,1,1,1,0,1,0,0,0,1,1,0,0,0,0,0,0,1,0,1,0,3,0,1,0,0,2,1,0,0,0,1,0,1,1,0,c1c(ncoc1=O)C#N
0,0,1,2,1,1,1,1,0,0,0,0,0,0,0,2,0,1,0,0,0,0,0,3,1,0,0,0,1,0,1,1,1,0,0,0,1,1,c1cocc1C(=O)C=O
0,1,0,2,0,1,1,0,0,0,0,0,0,0,2,2,0,3,1,0,0,0,1,3,1,0,0,0,2,0,0,2,0,0,0,0,0,0,c1coc(c1C=O)C=O
0,0,0,1,0,1,2,1,0,0,0,0,1,1,2,1,0,2,1,0,0,0,0,3,1,0,0,0,2,1,1,1,0,0,0,0,0,0,c1coc(c1C#N)C=O
0,1,0,2,0,1,1,1,0,0,0,0,1,0,2,1,0,1,0,0,0,0,0,3,1,0,0,0,3,1,1,1,0,0,0,0,0,0,c1coc(c1C=O)C#N
1,0,0,2,0,1,0,0,1,0,0,0,0,0,0,1,0,1,0,1,1,0,0,4,0,0,0,0,2,0,0,1,1,1,0,1,1,0,c1c(ncoc1=O)C=O
0,1,0,1,0,1,1,0,1,0,0,0,0,0,0,1,1,1,0,0,0,0,0,2,1,0,0,0,2,0,1,1,0,2,0,1,1,0,N=C1OC(C=O)=CC=N1
0,0,0,0,1,2,1,0,0,1,0,0,0,0,0,1,0,1,1,0,0,0,1,3,1,1,1,0,1,0,1,0,1,1,0,0,0,0,N=COCC1=COC=C1
0,0,0,1,1,2,1,0,0,1,0,0,0,0,0,1,0,1,1,0,0,0,1,3,1,1,1,0,1,0,1,1,1,0,0,0,0,0,c1cocc1COC=O
1,0,0,0,0,0,1,1,0,1,0,0,2,0,1,1,1,0,1,0,1,1,0,2,0,1,0,1,1,0,0,0,0,0,0,1,0,1,OC(C#C)C1=CN=CN1
1,0,0,0,1,1,1,1,1,0,0,1,1,0,0,1,0,0,0,0,0,1,0,3,1,0,0,0,1,1,1,0,1,0,0,0,0,1,CC(C#N)C1=COC=C1
1,0,0,1,0,1,1,0,1,0,0,2,0,0,1,1,0,0,0,1,0,0,0,3,1,0,1,1,2,0,1,0,0,1,0,0,0,0,CC(O)C1=C(C)C=CO1
1,0,0,1,0,2,0,0,3,0,0,2,0,0,0,0,1,0,1,0,0,0,0,3,1,1,0,0,2,0,0,1,0,1,0,0,1,0,CC(C)C1=COC(=N)N1
1,1,0,0,0,1,1,0,2,0,0,2,1,0,0,0,0,0,1,1,0,0,1,4,2,1,0,0,1,0,0,0,1,0,0,0,0,0,CC(C)Cc1ccco1
1,1,0,0,0,1,1,0,1,1,0,1,0,0,0,1,0,0,0,1,0,0,1,4,1,1,0,1,1,0,0,0,1,0,0,0,0,0,CC(O)CC1=CC=CO1
1,0,0,0,1,1,1,0,2,0,0,2,0,0,0,2,0,0,1,0,0,0,1,3,2,1,1,0,1,0,0,0,1,0,0,0,0,0,CC(C)Cc1ccoc1
0,0,1,1,1,1,1,0,0,0,1,1,0,1,1,1,0,0,0,0,0,0,0,4,1,1,0,1,1,0,0,0,1,0,0,1,0,0,CC1(CN1)C1=COC=C1
0,1,0,0,0,0,0,0,0,0,2,0,1,0,1,1,2,0,1,0,1,0,1,1,0,1,0,0,2,0,1,0,0,0,0,1,2,1,c1[nH]c(c(n1)C2CC2)O
2,0,0,0,0,1,1,0,0,0,0,1,1,0,1,0,0,0,0,1,0,1,1,3,0,0,0,0,3,0,1,1,0,1,0,1,0,0,Cc1c(nco1)CC#C
0,0,0,1,0,1,0,0,1,0,0,2,0,0,0,1,1,2,1,1,0,0,0,1,0,1,0,0,4,0,0,1,0,1,0,0,1,0,CC1=C(OC(=N)N1)C=O
0,0,0,1,0,1,1,0,0,0,0,1,0,1,1,0,0,2,0,1,0,0,2,3,1,0,0,0,2,1,0,1,0,1,0,0,0,0,Cc1c(cco1)CC=O
0,0,1,1,0,1,1,0,0,0,0,1,0,0,1,0,0,1,0,1,0,0,1,3,1,0,0,0,2,1,0,1,0,3,0,0,0,0,Cc1ccoc1CC=O
0,1,0,0,0,0,0,0,0,0,1,1,0,0,1,0,0,0,0,1,0,0,0,3,2,2,0,1,2,0,1,1,0,1,0,1,1,0,CC1=C(NC=C1)C1CN1
0,0,1,0,0,1,0,1,0,0,1,1,1,0,1,0,0,0,0,1,0,0,0,3,1,1,0,0,2,0,1,0,0,1,0,1,1,0,CC1=C(NC=C1)C1CO1
0,1,0,1,0,0,0,0,0,0,1,1,0,0,1,0,0,0,1,1,1,0,0,2,1,2,0,1,2,0,0,0,0,0,1,1,1,0,CC1=C(NC=N1)C1CN1
0,1,1,0,0,1,1,0,0,1,1,1,0,0,1,0,0,0,0,1,0,0,0,3,2,1,0,1,2,0,0,0,0,1,0,0,1,0,CC1=C(OC=C1)C1CN1
0,0,0,1,0,1,1,0,1,0,0,0,0,0,0,1,0,0,0,2,0,1,0,3,0,1,0,0,3,0,0,1,1,1,0,0,1,1,NC1=COC(=N)NC1=O
0,2,0,0,0,1,1,1,0,0,0,1,1,0,2,0,0,1,0,1,0,0,0,4,1,1,0,0,3,0,0,0,0,1,0,0,0,0,Cc1c[nH]c2c1occ2
0,0,0,0,0,1,0,0,0,0,2,1,1,1,1,0,1,1,0,1,1,0,0,1,0,1,1,0,3,0,1,0,0,1,0,0,0,0,Cc1c[nH]c2c1CCO2
0,0,0,0,0,0,1,0,0,0,0,1,1,1,1,0,0,0,0,1,1,1,1,3,0,1,1,0,3,0,0,0,0,1,1,0,0,1,Cc1c[nH]cc1CC#C
0,0,0,2,0,0,0,0,0,0,0,1,0,1,0,0,0,2,0,1,1,0,1,2,0,1,0,0,2,1,0,1,0,2,1,0,0,1,Cc1c[nH]cc1CC=O
1,1,0,1,0,1,1,0,1,0,0,1,1,0,0,2,0,1,0,0,0,0,1,1,0,0,0,0,2,0,0,1,0,1,1,0,1,0,CN1C=C(OC1=N)C=O
1,1,0,2,0,1,0,0,0,0,0,1,0,0,0,2,0,1,1,1,0,0,1,1,0,0,0,0,2,1,0,1,0,0,1,0,1,0,Cn1cc(oc1=O)C=O
0,0,0,0,0,0,0,1,1,0,0,2,0,1,0,2,0,2,0,2,0,0,1,2,1,0,0,0,2,0,0,0,1,2,1,1,0,0,CN1C=NC(=N)C(C)=C1
1,0,0,1,0,0,0,0,1,0,0,1,0,0,0,1,0,0,0,1,1,0,1,5,1,1,0,0,2,0,0,0,0,1,1,1,0,0,CN1C=CC(=O)NC1=N
0,0,1,0,0,1,0,0,0,0,1,1,2,1,0,1,0,1,0,0,0,0,1,2,1,0,0,0,1,0,0,0,0,1,1,2,1,0,CN1C=NC(=C1)C1CO1
0,0,0,0,0,0,1,0,0,0,0,1,1,1,1,1,0,1,0,0,0,1,2,3,1,0,1,0,2,0,0,0,1,1,1,1,0,0,Cn1cc(nc1)CC#C
0,0,0,0,0,0,0,1,0,0,0,1,1,1,0,1,0,1,1,0,0,0,2,2,1,0,0,0,2,1,0,0,1,1,1,1,0,0,Cn1cc(nc1)CC#N
2,0,0,0,0,1,0,0,0,0,0,1,0,1,0,1,1,0,2,0,1,0,0,5,1,0,0,1,2,0,0,0,0,0,1,1,0,0,Cn1ccc2c1ocn2
1,0,0,0,0,1,1,0,1,0,0,1,0,1,1,1,0,0,2,0,1,0,0,4,1,0,0,0,2,2,0,0,0,0,1,1,0,0,Cn1cnc2c1occ2
0,0,0,0,1,1,1,0,0,1,1,2,0,0,0,2,0,0,1,0,0,0,0,3,1,0,1,1,1,0,1,0,1,0,0,1,1,0,CC1CN1C1=COC=C1
0,0,1,0,0,0,0,0,0,1,2,1,1,1,1,0,1,1,0,0,1,0,0,1,0,1,0,0,2,0,1,0,1,0,0,2,1,0,CC1CCC2=C1N=CN2
0,0,0,0,0,1,0,0,0,1,1,1,2,1,1,0,0,1,0,0,1,0,0,1,0,1,0,0,2,0,2,0,0,1,0,1,1,0,CC1OCC2=C1N=CN2
0,1,0,1,1,1,1,0,0,1,0,1,0,0,1,2,0,0,0,0,0,0,1,3,1,0,0,0,1,0,1,0,1,0,0,0,0,1,CCC(=O)c1ccoc1
1,0,0,0,1,1,1,0,0,1,0,0,0,0,0,3,0,0,0,0,0,1,1,3,1,0,1,1,1,0,0,1,1,0,0,0,0,1,OCC(O)C1=COC=C1
0,1,0,0,0,0,0,2,0,1,0,2,1,0,1,1,0,0,0,1,0,0,0,1,0,2,0,0,3,0,1,1,0,1,0,0,0,1,Cc1c[nH]c(c1NC)O
0,1,1,2,0,1,1,0,0,0,0,1,0,0,2,1,0,1,0,0,0,0,1,3,1,0,0,0,2,0,0,1,0,1,0,0,0,0,CCc1c(cco1)C=O
0,1,1,1,0,1,1,0,0,0,0,0,0,0,1,2,0,1,0,0,0,0,1,3,1,0,1,0,2,0,0,1,0,2,0,0,0,0,c1coc(c1C=O)CO
0,0,1,1,0,1,3,0,0,0,1,1,1,0,3,0,0,0,0,0,0,1,1,3,1,0,0,0,2,0,0,0,0,1,0,0,0,0,CCc1c(cco1)C#C
0,0,1,1,0,1,2,1,0,0,0,1,1,0,3,0,0,0,0,0,0,0,1,3,1,0,0,0,2,1,1,0,0,1,0,0,0,0,CCc1c(cco1)C#N
0,0,1,0,0,1,2,1,0,0,0,0,1,0,1,1,0,0,0,0,0,0,1,3,1,0,1,0,2,1,1,0,0,2,0,0,0,0,c1coc(c1C#N)CO
1,0,1,1,0,1,0,0,0,0,0,1,0,0,1,1,0,0,0,0,1,1,2,2,0,0,1,0,2,0,1,1,0,1,0,1,0,0,CCc1c(nco1)CO
1,0,1,1,0,1,0,0,0,1,0,1,0,0,0,1,0,0,1,0,2,0,1,2,0,0,1,0,2,0,1,1,0,0,0,1,0,0,COc1c(nco1)CO
0,1,0,1,0,0,1,0,0,1,1,1,2,0,2,0,0,0,0,0,1,1,1,1,0,1,0,0,2,0,1,0,0,0,0,1,0,0,CCc1c([nH]cn1)C#C
0,0,0,1,0,0,0,1,0,1,1,1,2,0,2,0,0,0,0,1,1,0,2,1,0,1,0,0,2,1,1,0,0,0,0,1,0,0,CCc1c([nH]cn1)C#N
0,1,0,0,0,0,1,0,0,1,0,0,2,0,1,1,0,0,0,0,2,1,1,1,0,1,1,0,2,1,1,0,0,0,0,1,0,0,C#Cc1c(nc[nH]1)CO
0,0,0,0,0,0,0,1,0,1,0,0,2,0,1,1,0,0,0,1,2,0,2,1,0,1,1,0,2,2,1,0,0,0,0,1,0,0,c1[nH]c(c(n1)CO)C#N
1,0,0,2,0,1,0,0,0,0,1,1,0,0,1,1,0,2,1,0,0,0,1,2,0,0,0,0,2,0,1,2,0,0,0,1,0,0,CCc1c(ocn1)C=O
0,0,0,1,0,1,1,0,0,0,0,1,0,0,2,1,0,2,2,0,1,0,0,3,1,0,0,0,2,0,0,1,0,0,1,0,1,0,COc1ccoc1C=O
1,0,0,2,0,1,0,0,0,0,1,0,0,0,0,2,0,2,1,0,1,0,1,2,0,0,1,0,2,0,1,2,0,0,0,1,0,0,c1nc(c(o1)C=O)CO
1,0,0,0,0,1,1,0,1,0,0,0,0,0,1,1,0,0,0,1,0,0,1,4,1,1,2,0,2,0,0,0,0,1,0,0,1,0,OCC1=CC(=N)OC=C1
2,0,0,1,0,1,0,0,0,0,0,2,1,0,0,1,0,0,2,1,1,0,1,2,0,0,0,0,2,1,1,0,0,0,1,0,0,0,Cn1cc(oc1=O)OC
1,0,0,0,0,0,1,0,0,0,1,1,0,0,0,2,0,1,0,1,1,0,2,2,0,1,1,0,2,0,1,0,0,1,1,0,0,0,Cn1cc(cc1N)CO
1,1,0,0,0,1,0,1,0,0,0,1,1,0,0,2,0,0,0,0,0,0,1,2,3,1,1,0,2,0,0,0,1,0,0,1,0,0,CNc1ccc(o1)CO
0,0,0,1,0,1,0,0,0,0,0,1,0,0,1,0,0,1,0,1,1,0,1,4,2,1,0,0,2,0,0,0,1,2,1,0,0,0,CCc1ccc(=O)oc1
0,0,0,1,0,1,0,0,0,0,0,0,0,0,0,1,0,1,0,2,1,0,1,4,2,1,1,0,2,0,0,0,1,2,0,0,0,0,c1cc(=O)occ1CO
0,0,0,1,0,0,0,0,0,0,0,2,1,2,1,2,1,2,0,0,0,1,1,2,0,1,0,0,1,0,0,1,0,0,0,1,0,0,CCn1cncc1C=O
0,0,1,0,0,1,1,0,0,0,0,1,0,0,1,1,1,0,0,1,0,0,2,3,1,0,1,1,2,0,0,0,0,2,0,0,0,0,Cc1ccoc1CCO
0,0,1,0,0,1,1,0,0,0,0,2,0,0,1,0,0,0,1,1,1,0,1,3,1,0,0,0,2,0,1,0,0,2,0,1,0,0,Cc1ccoc1COC
0,0,0,0,1,2,1,0,0,0,0,1,0,0,1,1,0,0,2,0,0,0,2,3,2,1,1,0,1,1,1,0,1,0,0,0,0,0,CCOCc1ccoc1
0,0,0,0,2,1,0,1,0,0,3,0,1,1,0,1,0,1,0,0,1,0,0,1,0,0,1,0,0,1,0,0,0,1,0,1,3,0,N#CC12CC1CC1CC21
0,0,1,0,1,2,1,1,1,0,2,0,1,1,0,1,1,0,0,1,0,0,0,2,0,0,0,2,0,1,0,0,0,0,1,0,1,0,N#CC12CC(CO1)C=C2
0,0,1,1,0,1,1,0,1,1,4,0,1,1,1,1,1,0,0,0,0,1,0,0,0,0,0,0,0,0,0,0,1,0,1,0,1,0,C#CC12CCC(CO1)C2
0,0,1,1,0,1,0,1,1,1,4,0,1,1,1,1,1,0,0,0,0,0,0,0,0,0,0,0,0,1,0,0,1,0,1,0,1,0,N#CC12CCC(CO1)C2
0,0,0,1,0,2,0,1,0,0,3,2,2,1,0,0,1,0,0,1,0,0,0,1,0,1,0,0,0,1,0,0,0,0,1,1,1,0,N#CC12CCC1N=CN2
0,1,0,1,1,0,1,1,0,0,1,0,2,0,0,1,1,1,0,0,0,1,0,1,0,1,0,0,1,1,0,0,0,0,0,0,3,0,C#CC1=CC2C3CC1N23
0,1,1,0,1,1,1,2,0,0,2,0,2,1,0,0,1,1,0,1,0,1,1,1,0,0,0,0,1,0,0,0,0,0,1,0,2,0,C#CC1=CC2CC1CO2
1,1,1,0,0,2,1,1,0,0,1,0,2,0,0,0,0,1,0,2,0,1,0,1,0,0,0,0,1,1,0,0,0,0,0,0,2,1,C#CC1=CC2COC1O2
0,1,1,0,1,1,0,3,0,0,2,0,2,1,0,0,1,0,0,1,0,0,1,1,0,0,0,0,1,1,0,0,0,0,1,0,2,0,N#CC1=CC2CC1CO2
0,1,1,0,0,1,1,1,1,0,2,0,2,0,0,0,0,1,0,1,0,1,1,1,0,0,0,0,1,0,0,1,0,0,0,0,2,0,C#CC1=CC2COC2C1
0,1,0,0,0,0,1,0,0,0,3,0,1,0,0,1,1,1,0,1,0,1,1,3,0,0,1,1,1,1,0,0,0,0,0,0,1,0,C#CC1=CC=CCCC1
0,1,1,0,2,0,1,0,0,0,3,0,1,0,1,0,0,1,0,0,0,1,1,1,2,0,1,0,1,0,0,0,0,0,0,0,2,0,C#CC1=CCC2CC1C2
0,1,0,0,1,1,1,0,2,0,2,1,2,0,0,0,0,1,0,1,1,1,0,1,0,0,0,0,1,0,0,0,0,0,0,0,3,0,C#CC1=CCOC2CC12
0,0,1,2,1,0,1,0,0,0,2,0,1,0,0,0,2,0,0,0,0,3,0,0,2,0,0,0,1,0,0,0,2,0,0,0,5,0,C#CC1C2C1C1CCC21
0,0,1,0,3,0,1,0,0,0,2,0,1,0,0,0,0,0,0,0,1,1,0,0,1,0,0,2,1,2,0,0,2,0,0,0,5,0,C#CC1C2C3CC1CC23
1,0,1,0,2,2,1,0,1,0,1,1,1,0,0,0,0,0,0,0,0,1,0,1,1,0,0,1,1,0,0,0,1,0,0,0,5,0,C#CC1C2C3CC1OC23
1,0,0,0,1,2,0,1,1,0,1,1,1,0,0,0,0,0,0,0,0,0,0,1,1,0,0,1,1,1,0,0,1,0,0,0,5,0,N#CC1C2C3CC1OC23
0,0,1,2,2,0,1,0,0,0,2,0,1,1,0,0,2,0,0,0,0,1,0,0,2,0,0,0,1,0,0,0,2,0,0,0,5,0,C#CC1C2C3CCC1C23
0,0,2,0,1,1,1,0,0,1,1,0,2,1,0,0,0,0,0,0,0,1,0,0,3,0,0,0,2,0,0,0,1,0,0,0,5,0,C#CC1C2C3OCC1C23
0,0,0,2,1,1,0,1,0,0,2,0,1,0,0,0,2,0,0,0,0,0,0,0,2,0,0,0,1,1,0,0,2,1,0,0,5,0,N#CC1C2C3CCC1C23
0,0,1,2,3,0,1,0,0,0,2,0,1,0,0,0,2,0,0,0,0,1,0,0,2,0,0,0,1,0,0,0,2,0,0,0,5,0,C#CC1C2C3CCC2C13
1,0,2,0,2,0,2,0,0,0,1,0,2,1,0,0,0,0,0,0,0,2,1,0,1,0,0,0,1,0,0,0,1,0,0,1,4,0,C#CC1C2CC(C#C)C12
1,0,1,0,2,0,1,1,0,0,1,0,2,1,0,0,0,0,0,0,0,1,0,0,1,0,0,0,1,1,0,0,1,0,0,1,4,0,C#CC1C2CC(C#N)C12
1,0,1,0,1,1,1,1,0,0,1,0,2,0,0,0,0,0,0,0,0,1,1,0,1,0,0,0,1,1,0,0,1,1,0,1,4,0,C#CC1CC2C(C#N)C12
0,0,1,0,2,0,1,0,0,1,2,0,1,0,0,0,0,0,0,0,1,1,1,2,1,0,0,0,1,3,0,0,0,0,0,0,3,0,C#CC1C2CC1C=CC2
1,0,1,0,1,1,1,1,1,0,1,0,1,0,0,0,0,0,0,0,0,1,0,3,1,0,0,0,1,2,0,0,0,0,0,0,3,0,C#CC1C2CC=CC1O2
1,0,1,1,1,1,1,0,2,0,3,0,1,0,0,1,2,0,0,0,0,1,0,0,0,0,0,0,1,0,0,0,0,0,0,0,3,2,C#CC1C2CCCC1O2
3,0,3,1,1,2,1,0,2,0,2,0,1,0,0,0,0,0,0,0,0,1,0,0,0,0,0,1,1,0,0,0,0,0,0,0,3,0,C#CC1C2COCC1O2
1,0,0,1,0,2,0,1,2,0,3,0,1,0,0,1,2,0,0,0,0,0,0,0,0,0,0,0,1,2,0,0,0,0,0,0,3,2,N#CC1C2CCCC1O2
2,0,1,0,3,0,1,0,0,0,2,0,1,0,0,0,0,0,0,0,1,1,0,0,1,0,0,2,1,0,0,0,2,0,0,0,5,0,C#CC1C2CC3CC1C23
2,0,1,0,2,1,1,0,1,0,1,0,1,0,0,0,0,0,0,1,0,1,0,1,1,0,0,0,1,0,0,0,2,0,0,0,5,0,C#CC1C2CC3OC1C23
2,0,0,0,2,1,0,1,0,0,2,0,1,0,0,0,0,0,0,0,1,0,0,0,1,0,0,2,1,1,0,0,2,0,0,0,5,0,N#CC1C2CC3CC1C23
2,0,0,0,1,2,0,1,1,0,1,0,1,0,0,0,0,0,0,1,0,0,0,1,1,0,0,0,1,1,0,0,2,0,0,0,5,0,N#CC1C2CC3OC1C23
0,0,1,0,3,0,1,0,0,0,2,0,1,1,0,0,0,0,0,0,1,1,0,0,1,0,0,2,1,1,0,0,2,0,0,0,5,0,C#CC1C2CC3CC2C13
0,0,1,0,3,0,1,1,0,0,2,0,1,0,0,1,0,0,0,1,1,1,0,0,0,0,0,1,1,0,0,1,0,1,0,0,4,0,C#CC1C2CC3CN2C13
1,0,1,0,2,1,1,0,1,0,1,0,1,1,0,0,0,0,0,1,0,1,0,1,1,0,0,0,1,0,0,0,1,0,0,0,5,0,C#CC1C2CC3OC2C13
1,0,1,0,2,1,1,0,1,0,1,1,1,0,0,1,0,0,0,1,0,1,0,1,1,0,0,0,1,0,0,0,1,0,0,0,5,0,C#CC1C2OC3CC2C13
0,0,0,0,2,1,0,1,0,0,2,0,1,0,0,0,0,0,0,0,1,0,0,0,1,0,0,2,1,2,0,0,2,1,0,0,5,0,N#CC1C2CC3CC2C13
1,0,0,0,1,2,0,1,1,0,1,0,1,0,0,0,0,0,0,1,0,0,0,1,1,0,0,0,1,1,0,0,1,1,0,0,5,0,N#CC1C2CC3OC2C13
1,0,0,0,1,2,0,1,1,0,1,1,1,0,0,0,0,0,0,1,0,0,0,1,1,0,0,0,1,1,0,0,1,0,0,0,5,0,N#CC1C2OC3CC2C13
1,0,1,0,3,0,1,0,0,0,2,0,1,1,0,0,1,1,0,0,1,1,0,0,1,0,0,2,1,0,0,0,2,0,0,0,5,0,C#CC1C2CC3CC3C12
2,0,1,0,2,1,1,0,1,0,1,0,1,1,0,0,0,0,0,0,0,1,0,1,1,0,0,1,1,0,0,0,1,0,0,0,5,0,C#CC1C2CC3OC3C12
1,0,1,0,2,1,1,0,1,0,1,0,1,0,0,1,0,0,0,0,0,1,0,1,1,0,0,1,1,0,0,0,1,0,0,0,5,0,C#CC1C2OC3CC3C12
1,0,0,0,2,1,0,1,0,0,2,0,1,0,0,0,1,1,0,0,1,0,0,0,1,0,0,2,1,1,0,0,2,1,0,0,5,0,N#CC1C2CC3CC3C12
2,0,0,0,1,2,0,1,1,0,1,0,1,0,0,0,0,0,0,0,0,0,0,1,1,0,0,1,1,1,0,0,1,1,0,0,5,0,N#CC1C2CC3OC3C12
0,0,1,0,1,0,3,0,0,0,2,0,1,0,0,0,2,0,0,0,0,1,0,2,2,0,0,0,1,2,0,0,4,0,0,0,3,0,C#CC1C2CC=CCC12
0,0,0,0,0,1,2,1,0,0,2,0,1,0,0,0,2,0,0,0,0,0,0,2,2,0,0,0,1,3,0,0,4,0,0,0,3,0,N#CC1C2CC=CCC12
0,0,1,0,3,0,1,0,0,0,2,0,1,0,0,0,1,0,0,0,1,1,0,2,0,0,0,0,1,1,0,0,1,0,0,0,4,1,C#CC1C2CCC=CC12
0,0,2,0,2,1,1,0,0,0,1,0,2,0,0,0,0,0,0,0,1,1,0,1,1,1,0,0,1,0,0,1,1,0,1,1,3,0,C#CC1C2COC=NC12
1,0,1,0,1,2,0,1,0,0,1,0,2,0,0,0,0,0,0,0,1,0,0,1,1,0,0,0,1,1,0,1,1,0,1,1,3,0,N#CC1C2COC=NC12
0,0,1,1,0,0,1,0,1,0,2,0,1,1,0,0,2,0,0,0,0,1,1,2,0,0,0,0,0,0,0,0,1,0,1,1,3,0,C#CC1C=CC2CCC12
0,0,1,2,0,1,1,1,0,0,3,0,1,2,0,1,0,0,0,0,0,2,0,1,0,0,0,0,0,0,0,0,0,0,1,1,1,1,C#CC1N=COC11CC1
0,0,2,0,2,1,1,0,1,0,3,0,2,0,1,0,0,0,0,0,1,1,1,0,0,0,0,0,0,0,1,0,0,1,0,0,3,1,C#CC1CC(C1)C1CO1
0,0,3,1,0,0,2,0,0,1,3,0,1,1,0,1,1,1,0,0,0,1,0,2,0,0,0,0,0,1,0,0,0,0,0,0,2,0,C#CC1CC11CCC=C1
0,0,1,1,0,0,2,0,0,0,2,0,1,1,0,0,1,0,1,0,0,1,0,2,0,1,1,0,0,2,0,0,0,0,0,0,2,1,C#CC1NC11CCC=C1
0,1,1,1,1,1,1,0,0,0,4,0,1,1,0,1,0,1,0,1,0,3,0,0,0,0,0,0,0,0,0,0,0,0,1,0,1,0,C#CC1CC11CCCO1
0,0,1,0,2,1,1,0,0,0,3,0,1,0,0,0,0,0,0,0,0,1,1,0,1,0,0,0,0,1,0,0,3,0,0,1,5,0,C#CC1CC2C3CC2C13
0,0,1,0,2,1,1,0,0,0,3,0,1,0,0,0,0,0,0,0,0,1,1,0,1,0,0,0,0,2,0,0,3,0,0,1,5,0,C#CC1CC2C3CC3C12
1,1,1,0,1,1,1,0,1,0,2,0,2,0,0,0,0,0,0,0,0,1,1,2,0,0,0,0,0,0,0,0,1,1,0,0,3,0,C#CC1OC2CC2C=C1
1,0,1,0,1,1,1,0,1,0,1,0,1,0,0,1,0,0,1,1,0,1,1,0,2,0,0,0,0,0,0,0,0,0,0,1,5,0,C#CC1CC2OC3C2C13
0,0,1,0,0,0,1,0,0,2,2,0,1,0,0,1,1,0,0,1,0,1,2,2,0,0,0,1,0,1,0,0,0,0,0,1,2,0,C#CC1CN2CC=CC12
1,0,1,0,1,1,3,0,1,0,3,0,1,0,0,0,2,0,0,0,0,1,1,0,0,0,0,0,0,1,0,0,0,0,0,1,3,0,C#CC1CC2CCC1O2
1,0,2,0,1,3,1,0,1,0,2,0,2,0,0,0,0,0,0,1,0,1,1,0,0,0,0,0,0,0,0,0,0,1,0,1,3,0,C#CC1CC2OCC1O2
1,0,1,0,0,1,1,1,0,0,3,0,1,0,0,0,1,0,0,0,1,1,1,1,0,0,0,0,1,0,0,1,0,1,0,0,2,0,C#CC1OC2CCC2=C1
0,0,2,1,2,1,1,0,1,0,3,0,3,0,0,0,0,0,0,0,1,1,1,0,0,0,0,0,0,0,1,0,0,1,0,0,3,0,C#CC1CC2COC2C1
2,0,1,0,0,2,3,0,2,0,2,0,1,0,0,0,2,0,0,2,0,1,0,1,0,0,0,0,0,0,1,0,0,0,0,0,3,0,C#CC1OC2CCC2O1
0,0,3,0,1,1,1,0,0,0,3,0,1,0,0,1,0,0,0,0,1,1,1,0,0,0,0,1,0,0,0,1,1,0,0,1,3,0,C#CC1CC2COCC12
0,0,1,0,1,1,1,0,1,0,3,0,2,0,0,1,1,1,0,0,0,1,1,0,0,0,0,0,0,0,0,0,1,0,1,1,3,0,C#CC1CC2OCCC12
1,0,1,0,0,1,1,0,0,0,1,0,1,0,0,0,0,0,0,0,0,1,1,3,1,0,0,1,0,2,0,0,1,0,0,1,3,0,C#CC1CC=CC2OC12
0,0,1,0,1,0,1,1,0,0,2,0,2,0,0,0,0,0,1,0,1,1,1,0,1,1,0,1,0,1,0,0,0,1,0,0,2,0,C#CC1CNC(C1)C#N
0,0,2,0,1,1,1,1,0,0,2,0,3,0,0,0,0,0,0,1,1,1,1,0,1,0,0,1,0,1,0,0,0,1,0,0,2,0,C#CC1COC(C1)C#N
0,0,0,0,0,1,0,2,0,0,3,1,1,1,0,1,0,0,0,0,1,0,0,1,0,1,0,2,0,1,0,0,0,0,1,2,1,0,N#CC1CC2(CO2)CN1
0,1,1,0,2,0,1,0,0,0,4,0,1,0,1,0,2,0,0,0,1,1,1,0,1,1,0,0,0,0,0,0,0,0,0,1,3,0,C#CC1CCC2CC1C2
1,0,1,0,1,1,2,0,1,0,3,0,1,0,0,0,2,0,0,0,0,1,1,0,0,0,0,0,0,1,0,0,0,0,0,2,3,0,C#CC1CCC2CC1O2
0,0,2,1,2,1,1,0,0,0,3,0,2,0,0,0,0,0,1,0,1,1,1,0,0,1,1,0,0,0,0,0,0,0,0,1,3,0,C#CC1COC2CC1C2
1,0,2,1,1,2,1,0,2,0,2,0,2,0,0,1,0,0,0,2,0,1,0,1,0,0,0,0,0,0,0,0,0,0,0,0,4,0,C#CC1CC2OC2CO1
1,0,1,2,1,1,2,0,2,0,3,0,1,0,0,1,2,0,0,1,0,1,1,0,0,0,0,0,0,0,0,0,0,0,0,0,3,0,C#CC1CCC2OC2C1
1,0,0,1,1,1,0,1,2,0,2,0,1,0,0,1,0,0,1,0,1,0,0,0,1,1,0,1,0,1,0,0,0,0,0,0,3,0,N#CC1CC2OC2CN1
1,0,1,1,1,2,0,1,2,0,2,0,2,0,0,1,0,0,0,2,0,0,0,1,1,0,0,0,0,1,0,0,0,1,0,0,3,0,N#CC1CC2OC2CO1
1,0,0,2,1,1,1,1,2,0,3,0,1,0,0,1,2,0,0,1,0,0,0,0,0,0,0,0,0,1,0,0,0,0,0,0,3,0,N#CC1CCC2OC2C1
0,0,0,0,0,0,0,2,0,0,3,0,2,0,1,1,0,0,1,0,1,0,1,0,1,1,0,3,0,1,0,0,0,0,0,0,2,1,N#CC1CN2CC2CN1
0,0,2,1,0,1,2,0,1,0,3,0,2,0,0,0,2,0,1,0,0,1,1,0,0,0,0,0,0,0,0,0,1,0,0,1,3,0,C#CC1COC2CCC12
0,1,1,0,0,0,1,1,1,0,2,0,2,0,0,0,1,1,0,0,0,1,2,1,0,0,0,0,1,1,0,0,0,0,0,0,3,0,C#CC1=CCCC1C#N
0,1,0,0,0,0,1,1,1,0,1,0,2,0,1,1,0,1,0,0,0,1,0,1,1,1,0,1,1,1,0,1,0,0,0,0,1,0,C#CC1=CCNC1C#N
0,1,1,0,0,0,1,1,1,0,1,0,2,0,1,0,0,0,0,0,0,1,0,1,1,1,0,1,1,1,0,1,0,0,0,0,1,0,C#CC1NCC=C1C#N
0,0,1,0,1,1,1,0,1,0,3,0,2,0,0,0,1,1,0,0,0,1,1,1,0,0,0,0,0,0,0,0,1,0,1,1,3,0,C#CC1CCOC2CC12
0,0,3,0,1,1,1,0,0,0,3,0,1,0,0,1,0,0,0,0,1,1,1,0,0,0,0,2,0,0,0,0,1,0,0,1,3,0,C#CC1COCC2CC12
0,0,0,0,1,1,0,1,1,0,3,0,2,0,0,0,1,1,0,0,0,0,0,1,0,1,0,0,0,1,0,0,1,0,1,1,3,0,N#CC1CCOC2CC12
0,0,1,0,0,1,1,0,0,0,4,0,2,1,0,1,0,1,0,0,0,1,0,2,0,0,0,0,0,1,1,0,0,1,0,0,2,2,C#CC1OCCCC=C1
0,0,3,0,0,2,1,0,2,0,4,0,1,0,2,0,0,2,0,0,0,1,1,0,0,0,0,0,0,0,0,1,0,2,0,0,1,0,C#CC1COCCOC1
0,0,0,1,0,0,1,1,0,0,1,1,2,3,1,1,0,0,0,0,1,1,2,0,0,1,0,0,0,2,0,0,0,0,0,0,0,1,C#CCC1(CC#N)CN1
0,0,0,1,0,0,1,0,0,0,4,1,1,2,2,2,1,0,0,0,0,1,1,1,0,0,1,0,0,1,0,0,0,0,0,0,1,0,C#CCC12CC(C1)CC2
0,0,0,0,0,1,1,0,0,0,1,1,3,2,1,1,0,0,1,0,0,1,1,1,0,0,0,0,0,0,0,0,0,0,1,1,1,1,C#CCC12CC1N=CO2
0,0,0,0,1,0,2,0,0,0,2,1,1,2,1,0,0,0,0,0,0,1,1,2,1,1,0,0,0,1,0,0,0,1,1,0,1,0,C#CCC12NC1CC=C2
0,0,0,0,0,2,1,0,0,0,3,1,1,2,1,1,1,1,1,0,0,1,1,0,0,0,0,0,0,0,0,0,0,0,1,1,1,0,C#CCC12CC1CCO2
0,1,0,0,0,0,1,0,0,0,2,1,1,2,1,2,0,0,0,0,1,1,1,0,0,0,0,1,0,0,0,1,0,0,1,0,3,0,C#CCC12CC3CN1C23
1,0,0,0,0,1,1,0,1,0,1,1,1,2,1,1,0,0,1,0,0,1,1,0,0,0,0,0,0,0,0,0,0,0,1,1,3,0,C#CCC12CC3OC1C23
1,0,1,1,0,2,1,0,0,0,3,1,1,2,1,0,1,0,1,0,0,1,1,1,0,0,0,0,0,0,0,0,0,0,1,0,1,0,C#CCC12CCC1CO2
0,0,1,0,0,2,1,0,0,0,2,1,2,3,1,0,0,0,1,0,0,1,1,1,0,0,0,0,0,1,0,0,0,0,1,0,1,0,C#CCC12COC1CO2
1,0,1,1,0,2,0,1,1,0,3,0,1,2,0,0,1,0,0,0,0,0,1,1,0,0,0,0,0,2,0,0,0,0,1,0,1,0,N#CCC12CCC1CO2
1,0,0,0,0,1,2,1,1,0,1,0,1,0,1,0,0,0,0,0,0,1,1,3,1,0,0,0,2,0,0,0,0,0,1,0,3,0,C#CCC1=CC2OC2C1
0,0,1,0,2,1,1,0,1,0,1,0,1,1,1,0,0,0,0,0,0,1,1,1,0,0,0,0,2,0,0,0,2,0,0,1,2,1,C#CCC1=NC2CC2O1
1,0,0,1,4,1,1,0,2,1,2,0,1,0,1,2,0,0,0,0,0,1,2,0,0,0,0,0,0,0,0,0,0,0,0,0,3,0,C#CCC1CC2OC2C1
0,1,1,0,1,2,1,0,0,0,2,0,2,1,1,0,0,0,0,0,1,1,1,0,0,0,0,1,0,0,0,0,1,0,0,0,3,0,C#CCC1OCC2CC12
0,0,0,0,1,1,1,0,1,0,1,0,2,0,1,0,0,1,1,0,1,1,1,0,0,0,1,0,1,0,0,0,2,0,0,0,2,0,C#CCN=C1OC2CC12
2,0,1,0,0,2,1,0,1,1,2,0,1,1,1,1,0,0,0,0,0,1,2,1,0,0,0,0,0,0,0,0,0,0,1,0,1,0,C#CCCC12CC1CO2
1,0,0,1,0,1,2,0,0,0,3,0,2,1,1,1,1,0,1,0,0,1,1,0,0,0,0,1,0,0,0,1,0,0,0,0,1,0,C#CCOC12CC1CC2
1,0,0,1,0,1,1,1,0,0,3,0,2,1,0,1,1,0,1,0,0,0,1,0,0,0,0,1,0,1,0,1,0,0,0,0,1,0,N#CCOC12CC1CC2
1,0,0,0,1,1,0,1,2,0,1,2,1,0,1,0,0,0,1,0,1,1,1,0,0,0,0,0,0,2,0,0,0,0,0,0,3,0,N#CCNC1C2CC1O2
0,0,0,2,0,0,0,1,0,1,2,2,1,0,0,0,2,0,1,0,1,1,1,0,1,0,0,0,0,2,0,0,2,0,0,0,3,0,N#CCNC1C2CCC12
0,0,0,0,2,0,0,1,0,0,2,2,2,0,0,0,0,1,1,0,2,0,1,0,0,0,1,1,0,1,0,0,1,0,0,0,4,0,N#CCNC1CC2CC12
0,0,0,0,0,0,0,1,0,1,3,1,1,0,0,2,2,0,1,0,1,0,2,0,0,1,0,0,1,1,0,1,0,0,0,0,1,0,C1CC(C1)CNCC#N
1,0,1,1,0,2,0,0,0,1,4,0,0,2,0,1,2,0,0,1,0,0,1,1,0,0,0,0,0,0,0,0,0,0,1,0,2,1,C(C1CC1)C12CC1CO2
0,0,1,0,0,1,2,0,0,1,3,0,1,0,0,0,1,0,0,0,0,1,1,2,2,0,0,0,0,2,1,0,0,1,0,0,2,0,C(C1CO1)C1CC=CC1
0,0,0,2,0,1,1,0,1,0,4,0,1,3,0,0,0,0,0,0,0,0,0,2,0,1,0,0,1,1,0,1,1,0,0,1,0,0,C1CC23CC=CC2(C1)O3
0,0,0,0,3,0,0,0,0,0,4,0,0,0,0,0,0,1,0,0,1,0,0,0,1,0,0,2,0,3,0,0,4,1,0,0,6,0,C1C2C1C1CC3C(C1)C23
0,2,0,1,1,0,0,0,0,0,3,0,0,0,0,0,2,0,0,0,1,1,0,0,3,0,0,1,0,1,0,0,2,0,0,0,6,0,C1C2C3C4C3C1CCC24
0,2,1,0,1,1,0,0,2,0,2,0,1,1,0,0,0,0,0,0,0,0,0,1,3,0,0,0,0,1,0,0,2,0,0,0,6,0,C1C2C3C4C3C1OCC24
1,0,0,1,0,1,0,0,0,0,4,0,0,2,0,2,0,1,0,0,0,0,0,0,0,1,0,0,1,0,0,1,1,1,1,1,1,0,C1C2N3CC22OCCC132
0,0,0,0,3,0,0,0,0,0,4,0,0,0,0,0,1,1,0,0,1,0,0,0,1,0,0,2,0,2,0,0,4,0,0,0,6,0,C1C2C3CC4CC3C2C14
1,0,0,0,1,0,2,0,0,0,3,0,0,0,0,0,0,0,0,0,1,0,0,2,3,0,0,1,0,3,0,0,3,0,0,0,4,0,C1C2C3CC=CCC1C23
0,0,0,0,1,1,0,0,2,0,4,0,1,0,0,0,1,1,0,0,0,1,0,1,1,0,0,0,0,1,1,0,2,0,0,0,4,0,C1C2C3CCCOC1C23
0,0,1,0,1,1,0,0,0,0,4,0,0,0,1,2,1,1,0,0,1,1,0,0,1,0,0,1,0,1,0,0,2,0,0,0,4,0,C1C2C3CCOCC1C23
0,0,1,0,1,1,0,0,0,0,4,0,0,1,1,0,1,1,0,0,1,0,0,0,1,0,0,1,0,1,0,0,2,0,0,0,4,0,C1C2C3COCCC1C23
0,0,0,0,0,0,1,0,0,0,3,0,1,1,0,1,0,0,0,0,1,0,0,3,1,1,0,1,0,1,0,0,0,1,2,1,1,0,C1N2C=NC3CC=CC123
1,0,1,0,0,3,0,1,0,0,3,0,0,1,0,1,0,0,0,0,0,1,0,2,1,0,0,0,0,2,0,0,0,1,2,0,2,0,C1C2C=CCC3COC123
0,0,2,0,2,1,0,0,0,0,4,0,0,0,0,1,0,1,0,0,2,0,0,0,0,0,0,3,0,0,0,0,2,2,0,0,4,0,C1C2CC(C12)C1COC1
0,0,1,0,1,1,2,1,0,0,4,0,0,2,1,2,0,0,1,0,0,0,0,2,1,0,0,0,0,1,0,0,0,0,0,0,2,0,C1C2CC11C=CCC1C2
0,0,0,0,1,2,1,1,1,0,3,0,0,1,0,1,0,0,0,1,0,0,1,2,1,0,0,0,0,1,0,0,0,1,1,0,2,0,C1C2CC3CC=CC13O2
0,1,0,2,0,0,0,0,0,0,4,0,0,1,0,2,1,0,0,0,1,0,0,1,1,1,0,0,0,0,0,0,1,1,1,0,5,0,C1C2CC11CCC3C2C13
2,0,0,1,1,2,2,0,4,0,3,0,0,0,0,2,2,0,0,2,0,0,0,0,0,0,0,0,0,0,0,0,0,0,0,0,4,0,C1C2OC1C1CCC2O1
0,0,0,1,0,1,0,1,1,0,5,0,0,1,1,3,0,1,0,0,0,0,1,0,0,1,0,2,0,0,0,0,0,0,1,0,1,0,C1C2CC3(CCO3)CN12
0,0,1,1,0,0,1,0,0,0,4,0,0,1,0,1,1,2,0,0,0,0,0,2,0,1,1,1,0,1,0,0,1,0,0,0,2,0,C1C2N1CC21CCC=C1
0,1,0,0,1,1,0,0,1,1,1,0,0,0,0,1,0,1,0,1,0,0,0,1,1,0,0,0,1,0,0,0,2,0,0,1,5,0,C1C2C3N=C4OC1C4C23
1,0,0,1,2,1,0,0,2,0,2,0,0,0,0,0,0,0,0,2,0,0,0,2,2,0,0,0,0,2,0,0,2,0,0,0,6,0,C1C2C3CC4OC1C4C23
0,0,0,0,1,1,0,0,0,0,4,0,1,1,0,1,0,0,0,1,0,0,0,0,1,1,0,1,0,0,1,0,1,1,0,1,4,0,C1N2CC3C4OCC12C34
0,0,0,0,2,0,0,0,0,0,3,0,0,0,0,0,0,1,0,0,1,0,1,2,1,0,0,1,0,2,0,0,3,1,0,1,4,0,C1C2CC3C=CCC3C12
0,0,1,0,2,1,2,0,0,0,4,0,0,2,1,2,0,0,1,0,0,0,1,2,1,1,0,0,0,1,0,0,0,0,0,0,2,0,C1C2CC3CC12C=CC3
0,0,0,2,1,1,0,1,0,0,4,0,0,1,0,2,0,0,0,0,0,1,0,2,0,0,0,1,0,1,0,1,1,0,0,0,2,1,C1C2CC3CC12CC=C3
0,0,1,1,3,1,0,0,1,0,4,0,1,0,1,0,0,1,0,0,1,0,0,0,1,0,0,0,0,0,0,0,1,0,1,0,4,0,C1C2CC3CC2C1OC3
1,1,0,1,2,1,1,0,2,0,4,0,0,0,1,0,2,0,0,0,0,0,0,0,1,0,0,0,0,0,0,0,1,0,0,0,4,0,C1C2OC3CCC1CC23
1,0,0,1,2,1,2,0,1,0,4,0,0,0,0,0,2,1,0,0,1,0,0,0,0,0,0,1,0,1,0,0,1,0,0,0,4,0,C1C2CC3CCC(O3)C12
0,0,1,1,3,1,0,0,1,0,4,0,1,0,1,0,0,1,0,0,1,0,0,0,0,0,0,1,0,0,0,0,1,0,1,0,4,0,C1C2CC3COC(C3)C12
1,0,1,0,2,2,0,0,1,0,3,0,1,0,0,0,0,1,0,1,1,0,0,0,0,0,0,1,0,0,0,0,1,1,0,0,4,0,C1C2CC3OCC(O3)C12
1,0,0,2,2,1,1,0,1,0,4,0,0,0,0,0,2,1,0,0,1,0,0,0,0,0,0,0,0,1,0,0,1,0,0,0,4,0,C1C2CC3CCC2C1O3
1,0,1,1,2,2,0,0,3,0,3,0,1,0,0,1,0,0,0,1,1,0,0,0,0,0,0,0,0,0,0,0,0,0,0,0,4,1,C1C2CC3OCC2OC13
2,0,0,2,1,2,2,0,4,0,3,0,0,0,0,2,2,0,0,2,0,0,0,0,0,0,0,0,0,0,0,0,0,0,0,0,4,0,C1C2OC3CCC2OC13
2,0,2,1,2,2,0,0,2,0,3,0,0,0,0,2,0,0,0,1,1,0,0,0,1,0,0,1,0,0,0,0,0,0,0,0,4,0,C1C2COCC3OC1C23
1,0,0,1,1,2,0,0,4,0,3,0,1,0,0,0,1,1,0,3,0,0,0,0,1,0,0,0,0,0,0,0,0,0,0,0,4,0,C1C2OC3CCOC1C23
0,0,2,0,2,1,0,0,0,0,4,1,0,0,0,1,0,1,0,0,2,0,0,0,0,0,0,2,0,0,0,0,2,1,0,0,4,0,C1C2CC3COCC2C13
1,0,0,1,1,2,0,0,3,0,3,0,1,0,0,0,1,1,0,1,0,0,0,1,0,0,0,1,0,0,0,0,1,0,0,0,4,0,C1C2OC3CCOC2C13
0,0,0,0,2,1,0,0,1,0,4,0,1,0,0,0,1,2,0,0,1,0,0,0,0,0,0,1,0,0,0,0,2,1,1,0,4,0,C1C2CC3OCCC3C12
1,0,0,1,1,2,0,0,3,0,3,0,1,0,0,0,1,1,0,1,0,0,0,1,0,0,1,1,0,0,0,0,1,0,0,0,4,0,C1C2OC3CCOC3C12
1,0,0,0,1,4,0,0,0,0,4,0,1,1,0,1,0,2,0,0,0,0,0,1,0,0,0,0,0,0,0,0,1,1,2,0,2,0,C1C2CC3OCCOC123
0,2,0,0,1,1,1,0,0,0,4,0,0,1,0,1,0,1,0,0,1,0,0,3,1,0,1,0,1,1,2,0,0,0,0,0,1,0,C1C2CC=C3CC=CC123
0,0,1,1,0,1,0,1,0,0,4,0,0,1,0,3,0,0,0,0,0,1,0,2,1,0,0,1,0,2,0,0,1,0,0,0,2,0,C1C2CC=CC3CC12C3
0,0,0,0,0,2,0,0,2,0,2,0,1,2,0,1,0,0,0,0,0,1,0,1,0,0,0,0,1,0,1,0,1,0,1,1,2,1,C1C2OCC11OC=NC21
0,0,1,1,3,1,0,0,1,0,4,0,1,0,1,0,0,1,0,0,1,0,0,1,0,0,0,0,0,0,0,0,1,0,1,0,4,0,C1C2OCC3CC(C3)C12
1,0,0,1,0,1,1,0,2,0,4,0,1,0,1,1,2,0,0,1,0,0,0,0,0,0,0,2,0,0,0,0,0,0,0,0,3,1,C1C2CCC3OC3CN12
1,0,1,1,0,2,2,0,3,0,3,0,1,0,0,0,2,0,0,2,0,0,0,0,1,0,0,0,0,0,0,0,0,0,0,0,4,0,C1CC2OCC3OC1C23
0,0,1,1,1,1,0,0,1,0,4,0,1,0,0,0,2,0,0,0,1,0,0,1,0,0,0,0,0,0,0,0,2,1,1,0,4,0,C1C2OCC3CCC2C13
0,0,1,1,1,1,1,0,1,0,4,0,1,0,0,0,2,0,0,0,1,0,0,0,0,0,0,1,0,0,0,0,2,1,0,0,4,0,C1C2COC3CCC3C12
0,1,0,0,1,1,0,2,1,0,2,0,2,0,0,0,0,0,0,1,0,0,1,4,0,0,2,0,0,2,0,0,0,0,0,0,2,0,C1C2OCC=CC=CC12
0,0,0,0,2,1,0,0,1,0,4,0,1,0,0,0,1,1,0,0,1,0,0,1,0,0,0,1,0,0,0,0,2,1,1,0,4,0,C1C2CCOC3CC2C13
2,0,2,0,1,2,0,0,1,0,3,0,0,0,0,1,0,0,0,0,1,0,0,0,0,1,1,2,0,0,0,0,1,0,0,0,4,0,C1C2COCC3OC3C12
1,0,0,0,1,2,0,0,3,0,3,0,1,0,0,0,1,1,0,1,0,0,0,1,0,0,1,0,0,0,0,0,1,0,1,0,4,0,C1C2OCCC3OC3C12
1,0,0,1,0,1,1,0,2,0,4,0,0,0,0,1,1,0,0,1,0,0,0,2,1,0,1,0,0,2,0,0,0,0,0,0,3,0,C1CC=CCC2OC2C1
0,1,0,0,1,1,0,1,1,0,4,0,2,0,0,1,0,1,0,0,0,0,1,2,0,0,0,0,0,1,1,0,0,0,0,0,3,1,C1C2OCCCC=CC12
0,0,2,0,1,2,0,0,0,0,5,0,2,0,2,2,0,2,0,0,2,0,0,0,0,0,0,0,0,0,0,0,0,2,0,0,2,0,C1C2COCCOCC12
0,0,0,1,1,2,0,0,0,0,4,0,1,1,0,1,1,1,0,0,0,1,0,1,0,1,0,0,0,1,0,0,0,1,0,0,2,0,C1NC11C2CC1OCC2
0,0,1,2,1,3,0,1,0,0,4,0,1,1,0,1,0,1,0,0,0,1,0,0,0,0,0,0,1,0,0,0,1,1,0,0,2,0,C1CC11OC2CC1CO2
0,0,0,2,1,2,0,0,1,0,5,0,0,1,0,1,2,1,0,0,0,1,0,0,0,0,0,0,0,1,0,0,0,0,1,0,2,1,C1CC11OC2CCC1C2
0,0,0,2,0,1,1,0,1,0,5,1,0,1,0,1,2,0,0,0,1,0,0,1,0,0,1,1,0,0,0,0,0,0,0,0,2,0,C1CC11CC2CCC2O1
0,0,0,1,0,1,0,1,0,0,5,0,0,1,1,1,1,0,0,0,0,0,1,0,0,1,1,2,0,0,0,0,0,0,1,1,1,0,C1OC11CCC2CN2C1
1,0,0,2,0,2,0,0,2,0,4,0,0,1,0,1,1,1,0,1,0,0,0,0,0,0,0,1,0,0,0,0,0,0,1,1,2,0,C1OC11CCC2OC2C1
0,0,2,2,0,2,1,0,1,0,4,1,1,1,0,1,0,0,0,0,0,1,0,0,0,0,0,0,0,1,0,0,1,0,1,0,2,0,C1CC11OCC2OCC12
1,0,1,1,2,2,0,0,3,0,3,0,1,0,1,2,0,0,0,0,1,0,0,0,0,0,0,0,0,0,0,0,0,0,0,0,4,1,C1OC1C1CC2OC2C1
1,0,1,1,0,3,0,0,1,0,4,0,1,0,1,0,0,2,0,0,0,0,0,0,1,1,0,1,0,0,0,0,0,1,0,0,2,0,C1NC1C1COCCO1
0,0,1,1,0,2,0,0,1,0,4,1,1,1,0,1,0,1,0,0,0,1,0,0,1,0,0,0,0,1,0,0,1,0,1,0,2,0,C1CC2(CC3OCC23)O1
0,0,0,2,0,1,0,1,1,1,5,0,0,1,0,0,1,1,0,0,0,0,0,2,0,0,0,1,0,2,0,0,0,1,1,0,1,0,C1CC2(CCC=CC2)O1
0,0,1,1,1,2,1,1,0,0,4,0,0,1,0,0,1,0,0,0,0,0,0,2,1,0,0,0,1,2,0,0,0,0,0,0,2,0,C1CC23C=CCC2CC13
1,0,1,1,0,1,1,0,0,0,3,0,1,1,0,0,1,0,0,0,0,0,0,3,1,1,0,0,0,2,0,1,0,0,0,0,2,0,C1CC23C=CCC2OC13
1,0,1,0,1,3,1,1,0,0,3,0,0,1,0,0,0,0,0,0,0,1,0,2,1,0,0,0,1,1,0,0,0,0,2,0,2,0,C1OC23C=CCC2CC13
0,0,1,1,0,2,0,0,1,0,4,0,1,1,0,1,0,1,0,0,0,1,0,0,1,0,0,0,0,1,0,0,1,0,1,0,2,0,C1OC23CC(OCC2)C13
0,0,1,1,1,2,1,0,1,0,5,0,0,1,1,1,1,0,0,1,0,1,0,0,0,0,0,0,0,0,0,0,0,0,1,0,2,0,C1CC23CC(CO2)CC13
1,0,1,1,1,2,1,0,0,0,5,0,0,1,1,1,1,0,0,0,0,1,0,0,0,0,0,0,1,0,0,0,0,0,1,0,2,0,C1OC23CCC(CC12)C3
1,0,1,1,1,3,0,0,0,0,4,0,2,1,0,0,0,1,0,0,0,0,0,1,0,0,0,0,0,0,0,0,1,1,1,0,2,0,C1OC23CCOC2CC13
0,0,1,0,0,1,1,1,0,1,3,0,0,0,0,0,0,0,0,0,0,1,1,2,2,0,1,0,1,2,0,0,0,0,0,1,1,0,C1OC2=NCC=CCC12
1,0,1,1,0,2,2,0,2,0,3,0,1,0,0,0,2,0,0,0,0,0,0,0,0,0,1,1,0,0,0,0,1,0,0,0,4,0,C1OC2C1C1CCC2O1
1,0,1,2,0,2,1,0,2,0,3,0,1,0,0,0,2,0,0,1,0,0,0,0,0,0,1,1,0,0,0,0,1,0,0,0,4,0,C1CC2C1OC1COC21
1,0,0,1,0,0,0,0,0,0,3,0,0,0,0,0,2,0,0,0,0,1,1,2,2,0,0,0,0,2,0,0,3,0,1,0,4,0,C1CC2C=CCC3C1C23
0,0,1,1,0,2,1,0,1,0,3,0,1,0,0,0,2,0,0,0,1,0,0,1,1,0,0,0,0,0,0,0,0,1,1,1,2,0,C1CC2N=COCOC12
0,0,1,1,0,1,0,0,0,0,4,0,1,0,0,1,1,0,0,0,1,0,0,3,0,0,1,0,1,1,0,0,0,0,0,0,3,1,C1OC2C=CCCCC12
0,0,1,0,0,1,0,0,1,1,4,0,1,0,0,1,1,0,0,1,0,0,1,2,0,0,1,0,0,1,0,0,0,0,0,0,3,1,C1OC2CCCC=CC12
0,0,1,1,2,1,2,0,0,0,4,1,1,0,1,0,0,0,1,0,0,0,0,2,2,0,0,0,0,2,0,0,0,0,0,0,2,0,C1OC2CC1CC=CC2
0,0,1,1,1,2,0,0,0,0,6,0,2,0,1,0,2,1,0,0,0,0,0,0,0,0,0,0,0,0,1,0,0,1,1,0,2,0,C1OC2CC1CCCO2
0,0,2,2,0,1,2,0,0,0,4,0,0,0,0,2,0,0,0,0,2,0,0,2,2,0,0,1,0,2,0,0,0,0,0,0,2,0,C1OCC2CC=CCC12
1,0,2,1,0,2,0,0,1,0,4,0,0,0,0,2,0,1,0,0,1,0,0,1,0,0,0,1,0,0,0,0,1,0,0,1,2,0,C1OCC2OC=NCC12
0,0,1,0,0,1,1,1,1,0,4,0,1,0,0,0,1,0,0,0,1,0,0,2,1,0,1,0,0,2,0,0,0,0,0,0,3,0,C1OC2CC=CCCC12
0,2,0,0,1,0,0,0,0,0,5,0,0,1,1,0,4,0,0,0,0,0,0,2,1,0,0,1,0,2,0,0,1,0,0,0,2,0,C1CC2CCC1CC=C2
0,1,1,1,1,1,0,0,0,0,4,0,1,1,1,0,2,0,0,0,0,0,0,2,1,0,0,0,0,2,0,0,0,0,0,0,2,0,C1CC2OCC1CC=C2
0,1,2,1,1,1,0,0,0,0,6,0,2,0,1,1,4,0,0,0,0,0,0,0,0,0,0,0,0,1,0,0,0,0,1,0,2,0,C1CC2CCCC1CO2
0,0,2,1,0,1,0,0,0,0,4,0,0,1,0,1,2,0,0,0,1,1,0,0,1,0,0,1,0,0,0,0,2,0,0,0,4,0,C1CC2COCC3C1C23
0,0,1,0,0,2,0,1,1,0,5,0,1,0,1,1,2,2,0,1,1,0,0,0,1,0,0,0,0,0,0,0,0,0,0,0,2,0,C1CC2COCCC2O1
1,0,2,0,0,2,0,1,1,0,5,0,1,0,1,1,1,1,0,0,1,0,0,0,0,0,0,1,0,0,1,0,0,0,0,0,2,0,C1OCC2OCCCC12
0,0,1,0,0,3,1,1,1,0,5,0,1,0,1,1,2,2,0,0,1,0,0,0,1,0,0,0,0,0,0,0,0,1,0,0,2,0,C1CC2OCCOCC12
1,0,2,0,0,4,0,0,2,0,4,0,4,0,1,0,0,2,0,1,0,0,0,0,0,0,0,0,0,0,0,0,0,1,0,0,2,0,C1OC2COCCOC12
0,0,0,1,0,0,1,0,0,0,1,1,2,0,1,1,0,0,0,0,0,1,3,0,1,1,0,1,0,1,0,1,0,0,0,0,1,1,O=C(CC#C)CC1CN1
0,1,0,1,0,0,1,0,0,0,2,1,2,0,1,1,2,0,1,1,0,1,1,0,1,0,0,0,0,0,0,0,0,0,0,0,1,1,C#CCC(=O)OC1CC1
0,1,0,1,0,0,0,0,0,0,3,0,0,0,0,1,2,0,0,0,0,1,2,0,1,1,0,1,0,1,0,1,1,0,0,0,2,1,O=C(CC1CN1)C1CC1
0,1,3,1,1,0,1,1,1,0,1,0,2,0,0,0,1,0,0,1,0,1,0,0,0,0,0,1,1,1,0,0,0,0,0,0,2,0,O=C1C(CC1C#N)C#C
0,1,2,1,1,0,0,2,2,0,1,0,2,0,0,0,2,0,0,1,0,0,0,0,0,0,0,1,1,2,0,0,0,0,0,0,2,0,O=C1C(CC1C#N)C#N
0,0,1,1,2,0,1,1,0,0,2,0,1,0,1,0,0,0,0,1,1,1,1,0,0,0,0,1,1,0,0,0,0,0,1,0,3,0,O=C1C2CC(C2)C1C#C
0,0,0,2,0,0,0,1,0,1,2,0,1,1,0,1,0,0,0,2,0,1,1,1,1,1,0,0,1,1,0,0,0,0,0,0,1,0,O=C1C2CC1(NC2)C#N
1,0,1,1,1,2,1,0,0,0,4,0,0,1,0,1,0,0,0,1,0,0,1,0,0,0,0,0,1,0,0,0,0,0,1,0,2,1,O=C1C2CC11OCC1C2
0,1,0,1,0,0,1,2,0,1,1,0,1,0,0,0,0,1,0,1,0,2,0,1,0,1,0,1,2,0,0,0,0,1,0,1,2,0,O=C1C2NC1C(=C2)C#C
0,0,1,2,1,0,1,0,0,0,1,0,1,0,0,1,0,0,0,1,0,1,1,1,0,1,0,1,1,0,0,0,0,0,0,1,3,0,O=C1C2CC(C#C)C1N2
0,0,2,1,2,0,1,0,1,0,2,0,1,0,0,1,0,0,0,1,0,1,2,0,0,0,0,1,2,0,0,0,0,0,0,1,3,0,O=C1C2CC1C(C2)C#C
0,1,1,2,1,1,0,0,0,0,2,0,0,0,0,0,0,0,0,1,1,1,1,1,0,0,0,1,1,0,0,0,0,0,1,1,2,0,O=C1C2CC1N=COC2
0,0,0,3,1,0,2,0,0,0,3,0,0,0,0,0,0,0,0,1,0,0,2,2,4,0,0,1,1,2,0,0,0,0,0,0,2,0,O=C1C2CC1CC=CC2
1,0,0,1,0,0,1,0,1,0,1,0,1,1,1,1,1,0,0,1,0,1,1,0,0,0,1,2,1,0,0,0,0,0,1,0,2,0,O=C1C2CN2C1CC#C
0,0,0,1,0,0,0,1,1,0,1,1,1,1,0,1,1,0,0,1,0,0,1,0,0,0,1,2,1,1,0,0,0,0,1,0,2,0,O=C1C2CN2C1CC#N
0,0,1,1,2,0,0,1,1,0,2,0,1,1,0,0,1,0,0,1,1,0,0,0,0,0,0,1,1,1,0,0,1,0,0,0,3,0,O=C1C2CC2CC1C#N
1,0,0,1,1,1,0,1,1,0,1,0,1,0,0,0,0,0,0,2,1,1,0,0,1,0,0,1,1,1,0,0,0,0,0,0,3,0,O=C1C2CC2OC1C#N
1,0,1,1,1,1,0,1,2,0,1,0,1,0,0,0,1,0,0,1,0,0,0,0,0,0,0,1,1,1,0,0,0,0,0,1,3,0,O=C1C2OC2CC1C#N
0,0,1,1,1,1,0,0,1,0,2,0,1,1,0,2,0,0,0,1,1,0,0,0,1,0,0,1,1,0,0,0,0,0,0,0,4,0,O=C1C2CC3COC1C23
0,0,1,1,1,1,0,0,2,0,2,0,1,0,0,1,0,0,0,1,1,0,0,2,1,0,0,1,1,0,0,0,0,0,0,0,4,0,O=C1C2CC3OCC1C23
1,0,0,1,0,1,1,0,1,0,2,0,1,1,1,0,2,0,0,1,0,0,0,0,1,0,0,1,1,0,0,0,0,0,0,0,4,0,O=C1C2CCC3OC1C23
0,0,1,2,1,0,1,0,0,0,2,0,1,2,0,0,2,0,0,1,0,1,0,1,0,0,0,1,2,0,0,0,0,0,0,0,3,0,C#CC1C2CCC1C2=O
0,0,2,1,1,1,1,0,0,0,1,0,2,1,0,0,0,0,0,1,0,1,0,1,0,0,0,1,2,0,0,1,1,0,0,0,3,0,O=C1C2COC1C2C#C
0,0,1,1,0,2,0,1,0,0,1,0,2,1,0,0,0,0,0,1,0,0,0,1,0,0,0,1,2,1,0,1,1,0,0,0,3,0,O=C1C2COC1C2C#N
0,0,1,1,0,1,0,1,0,0,2,1,1,0,0,0,0,0,0,2,0,0,1,2,2,0,0,1,1,2,0,0,0,0,0,0,3,1,O=C1C2COC1C=CC2
0,1,2,1,0,2,0,0,0,0,3,0,0,0,0,0,0,0,0,1,0,1,1,0,1,1,0,3,1,0,1,0,0,0,0,0,2,0,O=C1C2CNC1COC2
0,0,0,1,1,0,0,0,0,0,2,0,0,1,0,1,0,0,0,1,1,0,0,3,0,0,0,0,1,0,1,1,1,1,0,1,1,1,O=C1C=CC2CN=CN12
0,0,1,1,0,0,1,0,1,0,1,0,1,0,1,0,0,0,0,1,0,1,0,2,0,1,0,1,1,1,0,1,0,0,0,0,1,1,O=C1C=CCNC1C#C
0,0,1,1,1,1,1,0,0,0,1,0,1,0,0,0,1,0,0,1,1,1,0,0,0,0,0,0,1,0,0,0,3,1,0,0,4,0,O=C1OC(C#C)C2CC12
0,0,1,1,0,0,1,0,0,0,1,0,2,0,0,0,1,0,0,1,1,1,1,3,1,1,0,0,1,1,0,0,0,0,0,0,1,0,O=C1NC(CC=C1)C#C
0,0,1,1,0,1,1,0,0,0,1,0,1,0,1,0,0,0,0,1,0,1,1,2,1,0,0,0,1,1,0,1,1,0,0,0,1,0,O=C1OC(CC=C1)C#C
1,1,0,2,0,1,1,0,0,0,3,0,0,1,1,0,1,0,1,1,0,0,0,2,0,0,0,0,1,1,0,0,0,1,0,0,1,0,O=C1CC2(CCC=C2)O1
0,1,0,0,0,1,1,0,1,0,2,1,2,2,1,1,0,0,1,0,0,1,1,0,0,0,0,0,1,0,0,0,0,1,0,0,1,0,N=C1OC2(CC#C)CC12
0,0,0,1,0,0,1,0,0,0,3,2,1,2,1,2,0,0,0,1,0,1,1,1,1,1,1,0,1,0,0,0,0,0,0,0,0,0,O=C1CC2(CC#C)CN12
0,0,0,1,0,0,0,1,0,0,3,1,1,2,0,2,0,0,0,1,0,0,1,1,1,1,1,0,1,2,0,0,0,0,0,0,0,0,O=C1CC2(CC#N)CN12
0,0,0,2,0,0,1,0,0,0,2,1,1,2,1,1,0,1,0,1,0,1,1,0,0,1,0,0,1,0,0,0,0,0,0,0,1,1,O=C1NC2(CC#C)CC12
0,1,0,1,0,1,1,0,0,0,2,1,1,2,1,1,1,0,1,1,0,1,1,0,0,0,0,0,1,0,0,0,0,0,0,0,1,0,O=C1OC2(CC#C)CC12
0,1,0,1,0,1,1,0,0,0,3,0,0,1,0,1,0,0,0,1,0,1,0,0,0,1,0,1,1,0,0,1,1,1,1,0,1,0,O=C1CC2(CN3CC23)O1
0,1,0,1,0,1,1,0,1,1,3,1,2,1,1,0,1,0,0,0,0,1,0,0,0,0,0,0,1,0,0,0,0,1,1,0,1,0,N=C1OC2(CCC12)C#C
0,1,0,0,0,1,0,0,1,0,4,0,1,1,1,1,1,0,0,0,0,1,0,0,0,2,0,1,1,0,0,0,0,1,0,0,1,1,N=C1OC23CN(C2)CC13
0,1,0,1,0,2,0,0,0,0,4,0,0,1,1,1,2,0,0,1,0,1,0,0,0,2,0,1,1,0,0,0,0,0,0,1,1,1,O=C1OC23CN(C2)CC13
1,2,0,0,0,2,0,0,2,1,2,0,1,1,0,1,0,0,0,0,0,1,0,0,0,0,0,0,2,0,1,0,1,1,0,0,2,0,N=C1OC23CC(OC2)C13
0,1,0,2,0,1,0,0,1,2,2,0,1,1,0,1,1,0,0,1,0,0,0,0,1,1,0,0,3,1,0,0,0,0,0,0,2,0,O=C1NC23CC(OC2)C13
0,2,0,1,0,3,0,0,1,1,2,0,1,1,0,1,1,0,1,1,0,1,0,0,0,0,0,0,2,0,0,0,1,0,0,0,2,0,O=C1OC23CC(OC2)C13
0,1,0,1,0,2,0,0,0,0,2,0,1,1,0,1,1,0,0,1,1,2,0,0,0,1,0,1,1,0,1,0,0,0,0,0,2,0,O=C1OC23CNC2C1C3
1,0,1,1,0,1,0,0,1,1,2,0,1,1,0,0,2,0,0,0,1,0,0,0,1,1,0,0,1,0,0,0,0,2,0,0,2,0,N=C1NC23CCC2OC13
1,1,1,1,1,2,0,0,1,0,2,0,2,1,0,0,1,0,0,0,0,0,0,0,0,0,0,0,1,0,0,0,0,2,0,1,2,0,N=C1OC23CCC2OC13
0,0,1,2,0,1,0,0,0,0,5,1,0,1,0,1,1,0,0,2,0,0,0,1,1,0,0,1,1,0,0,0,0,0,0,1,1,0,O=C1CC23CCC2CN13
1,0,1,3,0,1,0,0,0,1,2,0,2,1,0,0,1,0,0,1,1,0,0,0,0,1,0,0,1,0,0,0,0,1,0,0,2,0,O=C1NC23CCC2OC13
0,0,0,2,1,1,0,0,0,0,3,0,1,2,0,0,0,0,0,1,0,1,0,0,1,1,0,0,1,0,0,0,1,1,0,0,2,1,O=C1NC23COC2CC13
0,0,1,2,1,0,1,0,0,0,1,1,1,0,0,0,1,0,0,1,0,1,1,0,0,2,0,0,1,0,0,1,0,0,0,1,3,0,O=C1NC2C(CC12)C#C
0,0,1,1,1,1,1,0,0,0,3,0,1,0,0,0,1,0,1,1,0,1,1,0,0,0,0,0,1,0,0,1,1,1,0,1,3,0,O=C1OC2C(CC12)C#C
0,0,0,1,1,1,0,1,0,0,3,0,1,0,0,0,1,0,1,1,0,0,0,0,0,0,0,0,1,1,0,1,1,1,0,1,3,0,O=C1OC2C(CC12)C#N
0,0,1,3,1,1,0,0,0,1,3,0,0,1,0,0,1,0,0,1,0,0,1,0,0,0,0,0,1,0,0,1,1,0,0,1,2,0,O=C1OC2C1C21CCC1
0,0,0,2,1,2,0,0,0,1,2,0,0,1,0,0,1,1,0,1,0,0,0,0,0,0,1,0,1,0,0,0,1,1,1,1,2,0,O=C1OC2C1C21CCO1
0,0,0,2,0,1,1,0,0,0,2,1,0,2,1,1,1,0,0,1,1,1,0,0,0,1,0,0,1,0,0,0,0,0,1,0,2,0,O=C1NC2C1CC21CO1
0,0,0,1,1,1,0,0,1,1,1,0,0,0,0,0,1,0,0,1,0,0,0,1,2,1,0,0,1,1,0,0,2,0,0,0,4,0,O=C1NC2C3CC(O1)C23
0,0,0,2,0,1,0,0,0,0,2,2,0,1,0,1,0,0,0,1,1,0,0,0,1,1,0,0,2,0,0,0,1,1,0,1,2,0,O=C1OC2C3CC12NC3
0,0,0,1,2,1,0,0,0,0,3,0,0,0,0,0,1,1,1,1,1,0,0,0,0,1,0,1,1,0,0,1,2,1,0,0,4,0,O=C1OC2C3CC3CC12
0,0,1,0,1,1,2,1,2,0,1,0,1,0,0,1,0,0,0,1,0,1,1,0,0,0,0,0,1,0,0,0,1,1,1,1,3,0,N=C1OC2CC(C#C)C12
0,0,1,2,1,0,2,0,1,0,1,0,1,0,0,0,1,0,0,1,0,2,1,0,0,1,0,0,1,0,0,0,0,0,0,1,3,0,O=C1NC2CC(C#C)C12
0,0,1,1,1,1,2,0,1,0,1,0,1,0,0,1,1,0,0,2,0,1,1,0,0,0,0,0,1,1,0,0,1,0,0,1,3,0,O=C1OC2CC(C#C)C12
0,0,0,0,0,1,1,0,1,0,1,1,1,2,1,1,0,0,0,0,0,1,1,1,0,0,1,0,1,0,0,0,1,1,0,0,1,0,N=C1OC2CC12CC#C
0,0,0,1,0,2,1,0,0,0,2,1,1,2,1,1,1,0,0,1,0,1,1,0,1,0,0,0,1,0,0,0,0,0,0,0,1,0,O=C1CC2CC12CC#C
0,0,0,1,1,0,1,0,0,0,1,1,1,2,1,1,2,0,0,1,1,1,1,0,0,2,0,0,1,0,0,0,0,0,0,0,1,0,O=C1NC2CC12CC#C
0,0,0,1,0,1,1,0,0,0,1,1,1,2,1,1,0,0,0,1,0,1,1,0,0,0,1,0,1,0,0,0,1,1,0,0,1,0,O=C1OC2CC12CC#C
0,1,0,2,1,2,0,0,0,0,3,0,0,1,0,0,1,0,0,1,0,0,0,1,0,1,0,0,1,0,0,0,0,1,1,0,2,1,O=C1NC2CC1C21CO1
0,0,1,1,2,1,1,0,1,0,1,0,1,0,0,0,1,0,0,1,1,1,0,0,0,0,0,0,2,0,0,0,1,1,0,0,3,0,O=C1OC2CC1C2C#C
0,0,0,1,1,2,0,1,1,0,1,0,1,0,0,0,1,0,0,1,1,0,1,0,0,0,0,0,2,1,0,0,1,1,0,0,3,0,O=C1OC2CC1C2C#N
1,1,0,1,0,2,0,1,0,0,1,0,0,0,0,0,1,0,0,2,0,0,1,2,1,0,0,0,1,2,0,0,1,0,0,0,2,0,O=C1OC2CC=CC1O2
0,0,0,1,1,1,0,0,0,0,2,0,0,0,0,0,1,0,0,1,0,0,1,2,2,0,0,0,1,2,0,1,1,0,1,0,2,0,O=C1OC2CC1CC=C2
0,1,0,1,0,2,1,0,0,0,1,1,1,1,1,1,0,0,0,1,0,2,0,0,0,0,1,0,1,0,0,0,2,0,0,0,1,0,O=C1OC2CC2(O1)C#C
0,0,0,2,1,1,0,0,2,0,1,1,0,2,0,0,0,0,1,1,1,0,0,0,0,1,0,0,2,0,0,0,1,1,0,0,2,0,N=C1NC(=O)C2CC2O1
0,0,0,1,1,1,0,0,2,0,1,0,0,1,0,0,0,0,1,1,1,0,1,0,0,1,0,0,2,1,0,0,1,1,0,0,2,0,N=C1NC(=O)OC2CC12
0,0,0,3,1,1,0,0,1,0,1,1,0,1,0,0,0,0,1,2,1,0,0,0,0,1,0,0,2,1,0,0,1,0,0,0,2,0,O=C1NC(=O)C2CC2O1
1,0,1,0,1,1,1,1,2,0,1,0,1,0,1,0,0,0,0,0,0,1,0,1,0,0,0,0,1,0,0,0,2,1,0,0,3,0,N=C1OC2CC2C1C#C
0,0,1,1,1,1,1,0,1,0,1,0,1,0,1,0,1,0,0,1,0,1,0,1,0,0,0,0,1,0,0,0,2,0,0,0,3,0,O=C1OC2CC2C1C#C
0,0,0,1,1,1,0,0,1,0,2,0,0,0,1,0,0,0,0,1,1,0,1,2,1,0,0,0,1,1,0,1,1,0,1,0,2,0,O=C1OC2CC2CC=C1
0,0,0,1,0,1,0,1,2,1,2,1,0,1,0,1,0,0,0,0,0,0,0,0,0,1,0,1,1,1,0,0,1,1,0,0,2,0,N=C1OC2CC3(CN3)C12
0,0,0,2,1,1,0,0,1,1,2,1,0,1,0,1,1,0,0,1,0,0,0,0,0,1,0,0,1,1,0,0,1,0,0,0,2,0,O=C1OC2CC3(CN3)C12
0,0,0,1,1,2,0,0,1,1,2,0,0,1,0,1,1,0,1,1,0,1,0,0,0,0,0,0,1,0,0,0,2,0,1,0,2,0,O=C1OC2CC3(CO3)C12
0,0,0,1,2,1,0,1,1,0,2,0,0,0,0,0,1,0,0,1,1,0,0,0,0,0,0,2,1,1,0,0,2,0,0,0,4,0,O=C1OC2CC3CC2C13
0,0,0,1,2,1,0,0,1,0,2,0,0,1,0,0,1,1,0,2,1,0,0,0,0,0,0,1,1,1,0,0,2,0,0,0,4,0,O=C1OC2CC3CC3C12
0,0,0,2,0,0,2,0,0,0,2,1,0,1,0,0,1,0,0,1,0,0,1,2,2,1,0,0,1,2,0,0,0,0,0,0,2,0,O=C1NC2CC=CCC12
0,0,1,0,0,1,1,0,1,0,1,0,1,1,0,0,1,0,0,0,0,2,0,0,0,1,1,0,1,0,0,0,0,1,1,1,1,1,N=C1NC2COC12C#C
0,0,1,0,0,1,0,1,1,0,1,0,1,1,0,0,1,0,0,0,0,1,0,0,0,1,1,0,1,1,0,0,1,1,1,1,1,1,N=C1NC2COC12C#N
0,0,1,1,0,1,1,0,0,0,1,0,1,1,0,0,1,0,0,1,1,2,0,0,0,1,1,0,1,0,0,0,0,0,1,0,1,1,O=C1NC2COC12C#C
0,1,1,1,0,3,0,0,1,0,2,0,1,0,0,0,1,0,0,0,0,0,0,0,1,1,0,1,1,0,0,0,1,2,0,0,2,0,N=C1OC2CNC1CO2
0,1,1,1,0,2,0,0,0,0,2,0,1,0,0,0,1,0,0,1,0,0,1,0,1,1,0,1,1,0,0,0,1,1,0,0,2,0,O=C1OC2CNC1CO2
0,0,0,1,0,1,0,0,1,0,2,0,0,1,0,0,1,0,0,1,0,0,1,1,1,1,0,0,1,0,1,0,1,0,1,1,2,0,O=C1OC2CNC=NC12
0,0,1,1,0,2,0,0,1,0,3,0,1,0,0,0,3,1,0,1,1,0,0,0,0,0,1,0,1,0,1,0,1,0,0,0,2,0,O=C1OC2CCCOC12
0,0,0,1,0,0,1,0,0,0,1,0,1,1,1,1,1,0,0,1,0,1,1,1,0,1,0,0,3,2,0,0,0,0,0,1,0,0,C#CCC1=NCC(=O)N1
0,1,1,2,0,1,0,0,1,0,2,0,1,0,0,0,0,0,0,1,0,0,1,1,1,2,0,0,1,0,0,0,0,0,1,1,2,0,O=C1NC=NC1C1CO1
0,0,0,1,0,0,0,0,1,0,2,0,0,1,0,1,1,1,0,1,0,0,0,1,0,2,0,1,2,0,0,0,1,2,1,1,0,0,N=C1NC=NCC(=O)N1
0,0,1,1,0,1,0,0,1,0,3,0,1,0,1,1,0,0,0,1,1,0,1,0,1,1,0,1,1,0,1,0,0,0,0,0,2,0,O=C1CC(CN1)C1CO1
0,0,1,1,0,1,1,0,0,1,2,1,2,0,0,1,0,0,0,1,0,1,0,0,1,2,0,1,1,0,0,0,0,0,0,0,1,0,O=C1COC(CN1)C#C
0,0,0,2,0,1,2,0,1,0,3,0,0,1,0,0,1,0,1,1,0,0,0,2,0,0,0,0,1,1,0,0,0,0,1,0,1,1,O=C1COC11CCC=C1
0,0,0,1,0,2,0,0,1,1,2,0,0,1,1,1,1,0,1,2,0,1,0,0,0,0,0,0,1,0,0,0,2,0,0,0,2,0,O=C1OCC23CC(O2)C13
0,0,1,0,0,1,0,0,1,0,2,0,1,0,0,0,0,0,0,1,0,0,1,1,1,1,1,0,1,0,1,0,0,1,1,1,2,0,N=C1OCC2N=CNC12
0,0,0,1,0,1,1,1,1,0,3,0,1,1,0,1,0,0,0,1,1,0,0,0,1,1,0,0,1,1,0,0,0,0,0,0,2,0,O=C1NCC2CC12C#N
0,0,1,0,0,1,0,0,1,0,1,0,1,1,0,0,0,0,0,1,0,0,1,2,0,1,0,0,1,0,1,1,0,2,1,0,2,0,N=C1OCC2NC1C=C2
1,0,0,2,0,1,0,0,2,0,3,0,0,0,0,1,2,0,0,2,0,0,0,1,1,1,0,1,1,0,0,0,0,0,0,0,2,0,O=C1CCC2OC2CN1
0,0,0,1,0,0,0,0,0,0,3,0,0,0,0,2,1,0,1,1,1,0,0,1,1,1,0,1,1,0,0,0,1,1,0,1,1,1,O=C1NCC2CN=CN12
0,0,2,1,1,2,0,0,1,0,3,0,1,0,1,0,0,0,0,0,1,0,1,0,0,0,0,0,1,1,0,0,0,1,0,1,2,0,N=C1OCC2COC1C2
0,0,1,1,0,1,0,0,1,0,3,0,1,0,1,1,0,0,0,1,1,0,0,0,1,1,0,1,1,0,1,0,0,0,0,0,2,0,O=C1CC2COC2CN1
0,0,1,1,0,1,0,0,1,0,3,0,1,0,0,1,2,0,0,1,1,1,0,1,0,1,0,0,2,0,0,0,0,0,0,0,2,0,O=C1CCC2OCC2N1
0,0,0,1,0,1,1,0,1,1,3,0,1,0,0,1,3,0,0,1,0,1,0,0,0,2,0,0,1,0,0,0,0,0,0,1,2,0,O=C1COC2CCC2N1
0,1,1,2,0,0,1,0,0,0,1,1,2,0,0,0,0,0,1,1,0,1,0,2,0,1,0,0,1,1,0,1,0,0,0,0,1,1,O=C1NCC=CC1C#C
0,0,0,1,0,0,0,0,0,1,3,1,0,0,0,2,0,0,0,1,0,0,1,4,0,1,2,0,1,1,1,0,0,0,0,0,1,0,C1CC(=O)NC=CC=C1
0,0,0,2,0,0,0,0,0,0,2,0,0,1,0,1,1,0,0,2,1,0,0,2,1,1,0,0,2,1,0,0,0,1,1,0,1,0,C1CC(=O)C(=O)NC=C1
0,0,1,1,0,0,1,0,0,1,2,1,1,0,0,0,2,2,0,1,1,1,0,0,0,2,0,1,1,0,0,0,0,0,0,0,1,0,O=C1NCCC(N1)C#C
0,0,2,0,0,1,1,0,1,1,3,0,1,0,0,0,1,1,1,0,0,1,0,0,0,0,0,0,1,0,1,0,1,1,0,0,1,0,N=C1OCCCC1C#C
0,1,0,3,0,0,1,0,0,1,2,0,0,0,0,2,2,1,0,0,0,1,1,0,0,0,0,0,1,0,0,1,0,0,0,0,2,2,C1CC1C(=O)C(=O)C=O
0,0,1,2,1,0,1,0,0,0,1,0,1,0,0,1,0,1,0,0,0,1,1,1,0,1,0,0,0,0,0,1,0,0,0,1,3,1,O=CC(=O)C1CC1C#C
1,0,0,1,0,1,0,0,0,0,3,1,0,0,0,0,2,1,0,1,0,0,0,0,1,1,0,1,1,1,0,1,1,0,0,0,2,0,O=CC(C1CC1)C1CN1
1,0,1,1,0,2,0,0,0,0,2,1,0,0,0,0,0,1,0,0,0,0,0,0,2,2,0,2,1,2,0,1,2,0,0,0,2,0,O=CC(C1CN1)C1CN1
1,0,1,1,0,2,0,0,0,0,2,1,1,0,0,0,0,1,0,0,0,0,0,0,1,1,0,1,1,1,0,1,1,0,0,0,2,0,O=CC(C1CN1)C1CO1
1,0,1,1,0,1,1,0,1,0,1,0,2,0,0,0,1,2,0,0,1,1,1,0,0,0,0,0,0,0,0,1,0,1,1,0,1,0,O=CC(CC1CO1)C#C
1,0,1,2,0,1,0,1,0,0,1,0,2,0,0,0,1,2,0,0,0,0,1,0,0,0,0,0,0,1,0,1,0,1,1,0,1,1,O=CC(CC1CO1)C#N
1,0,0,1,0,0,1,1,0,1,0,0,2,0,1,0,1,1,0,0,0,1,3,0,0,0,0,1,0,1,1,1,0,0,0,0,0,1,O=CC(CCC#C)C#N
0,1,0,2,0,1,0,0,0,0,2,0,0,1,0,2,1,1,0,1,0,0,1,1,1,0,0,0,1,0,0,1,0,0,0,0,1,1,O=CC12CC(C1)C(=O)O2
0,1,0,1,0,0,0,1,0,0,3,0,0,1,1,3,0,1,0,0,1,0,0,1,0,0,0,1,0,1,0,2,0,0,0,0,2,1,O=CC12CC(C1)C1CN21
1,0,1,1,0,0,1,0,0,0,2,1,1,1,0,1,0,1,0,0,1,1,1,0,0,2,0,0,1,0,0,1,0,0,0,0,1,0,O=CC12CN(C1)C2C#C
1,0,0,1,0,0,0,1,0,0,2,1,1,1,0,1,0,1,0,0,1,1,1,0,0,2,0,0,1,1,0,1,0,0,0,0,1,0,O=CC12CN(C1)C2C#N
0,0,1,2,1,1,0,0,0,0,2,0,0,1,1,1,1,1,0,1,0,0,1,0,0,0,0,0,1,0,0,1,0,1,1,0,1,0,O=CC12CC(CO1)C2=O
0,0,2,1,0,0,1,0,1,0,2,1,1,1,0,2,0,1,0,0,0,1,1,0,0,0,0,0,1,0,0,1,0,0,0,1,2,0,O=CC12CC1C(C2)C#C
0,0,1,1,0,0,0,1,1,0,2,1,1,1,0,2,0,1,0,0,0,0,1,0,0,0,0,0,1,1,0,1,0,0,0,1,2,0,O=CC12CC1C(C2)C#N
0,0,0,1,0,1,0,1,1,0,3,1,0,2,1,1,0,1,0,0,0,1,0,0,0,0,1,0,1,0,0,2,0,0,1,0,1,0,O=CC12CC1C1(CO1)C2
0,0,0,1,1,0,0,0,1,0,3,1,1,1,0,2,0,1,0,0,1,0,0,0,0,0,0,1,1,0,0,3,1,0,0,0,3,0,O=CC12CC1C1CC1C2
0,1,0,1,1,0,0,0,0,0,4,1,0,1,1,2,0,1,0,0,1,0,0,0,0,1,0,0,0,0,0,2,0,1,0,0,2,1,O=CC12CN1C1CC1C2
0,0,1,2,0,1,0,0,0,0,3,1,0,1,0,1,1,1,0,0,0,0,0,2,0,0,0,0,1,2,0,1,0,0,0,0,2,1,O=CC12CC1C=CCC2
0,1,0,1,0,1,1,0,0,0,2,1,1,1,0,2,0,1,0,0,1,0,0,1,0,0,0,0,1,0,0,1,0,0,1,1,1,0,O=CC12CC1N=COC2
1,0,0,1,0,1,1,1,0,0,3,1,0,1,0,1,0,1,0,0,0,0,0,2,1,0,0,0,1,2,0,1,0,1,0,0,1,0,O=CC12CC1CC=CC2
0,0,1,1,0,2,0,0,1,0,2,0,1,1,1,1,0,1,0,0,0,0,0,0,1,0,1,0,1,0,0,2,0,1,0,0,1,0,N=C1OCC2CC12C=O
0,0,0,2,0,1,0,0,0,0,2,0,1,1,1,1,0,1,0,1,1,0,0,0,1,1,1,0,1,1,0,1,0,0,0,0,1,0,O=CC12CC1CNC2=O
0,1,1,2,0,2,0,0,0,0,2,0,1,1,1,1,0,1,0,1,0,0,0,0,1,0,1,0,1,0,0,1,0,1,0,0,1,0,O=CC12CC1COC2=O
0,0,1,1,0,1,1,0,1,0,1,0,0,1,0,0,1,1,1,0,0,0,0,0,0,1,1,1,1,0,0,2,0,2,1,1,1,0,N=C1NC2COC12C=O
1,0,0,2,0,1,1,0,1,0,2,0,2,1,0,0,1,1,0,0,0,0,0,0,0,0,1,0,1,0,0,1,1,1,0,0,1,0,N=C1OC2CCC12C=O
0,1,0,3,0,1,2,0,0,0,1,0,1,1,0,0,0,1,0,1,0,0,0,0,1,1,0,0,1,0,0,1,1,1,0,0,1,0,O=CC12NCC1OC2=O
0,0,1,2,0,1,1,0,0,1,1,0,0,1,0,0,1,1,0,1,1,0,0,0,0,1,1,0,1,0,0,2,0,1,1,0,1,0,O=CC12OCC1NC2=O
0,0,0,2,0,1,1,1,0,1,3,0,0,1,0,0,1,1,0,0,0,0,0,2,1,0,0,2,0,1,1,1,0,0,0,0,1,0,O=CC12CCC1CC=C2
1,0,1,2,0,3,1,1,0,0,2,0,0,2,0,0,0,1,0,0,0,0,0,2,1,0,0,0,0,1,0,1,0,1,1,0,1,0,O=CC12OCC1CC=C2
0,0,0,2,0,0,0,1,0,0,1,0,0,0,0,2,0,1,0,1,1,1,0,1,0,0,1,1,2,1,0,1,0,1,0,0,1,0,O=CC1=CC2CN2C1=O
0,0,1,1,1,2,0,2,0,0,2,0,1,1,0,1,0,1,0,0,0,0,1,1,0,0,0,0,1,0,0,1,0,0,1,0,2,0,O=CC1=CC2CC1CO2
0,0,0,2,0,1,1,0,1,0,2,0,1,0,0,1,2,1,0,0,1,0,0,0,0,0,0,0,1,0,0,1,2,0,0,1,2,0,O=CC1=NC2CCC2O1
0,0,2,1,0,0,1,0,0,0,2,0,1,0,0,1,1,1,0,0,0,1,1,2,1,0,0,0,1,0,0,1,0,0,0,0,3,0,O=CC1=CCCC1C#C
0,0,1,1,0,0,0,1,1,0,2,0,1,0,0,1,1,1,0,0,0,0,1,2,1,0,0,0,1,1,0,1,0,0,0,0,3,0,O=CC1=CCCC1C#N
0,0,0,1,0,0,0,1,1,0,1,0,1,0,1,1,1,1,0,0,0,0,0,1,1,1,0,1,1,1,0,2,0,0,0,0,1,0,O=CC1=CCNC1C#N
0,1,0,4,0,2,1,0,0,0,2,0,0,1,0,1,1,1,0,1,0,1,0,2,0,0,0,0,1,0,0,1,0,0,0,0,1,0,O=CC1C(=O)OC11CC1
0,0,0,1,2,0,0,1,0,0,2,0,0,1,0,0,0,1,0,0,1,0,0,0,1,0,0,2,0,2,0,1,2,0,0,0,5,0,O=CC1C2C3CC1CC23
0,0,1,1,1,0,1,0,2,0,1,0,1,0,0,1,0,1,0,1,0,1,1,0,0,0,0,1,0,0,0,1,0,0,0,1,3,0,O=CN1C2CC(C#C)C12
0,0,2,1,1,0,1,0,0,0,1,0,1,0,0,0,0,2,0,0,0,1,1,2,1,0,0,0,0,2,0,1,0,0,0,1,2,0,O=CC1C=CCC1C#C
0,0,1,1,0,0,1,0,0,0,1,0,1,0,0,0,0,1,0,1,0,1,0,1,0,1,0,0,1,1,0,2,0,0,1,1,3,0,O=CC1N=CNC1C#C
0,0,0,2,1,0,0,0,1,0,1,0,0,0,0,1,0,2,0,0,1,0,0,1,0,0,2,1,0,0,0,2,0,0,1,1,3,1,O=CC1CN(C=O)C=N1
0,0,1,1,1,0,1,0,1,0,1,0,1,0,0,1,0,1,0,0,1,1,0,1,0,0,1,1,1,0,0,1,0,0,1,1,1,0,O=CN1CC(N=C1)C#C
0,0,0,1,1,0,0,1,1,0,1,0,1,0,0,1,0,1,0,0,1,0,0,1,0,0,1,1,1,1,0,1,0,0,1,1,1,0,O=CN1CC(N=C1)C#N
0,1,0,2,0,1,1,0,1,0,2,0,0,1,0,1,1,1,0,2,0,2,0,0,0,0,0,0,1,0,0,1,0,1,0,0,1,0,O=CC1CC11CC(=O)O1
0,2,0,2,0,0,1,0,1,1,3,0,0,1,0,1,1,1,0,0,0,0,0,2,0,1,0,1,0,1,0,1,0,0,0,0,1,0,O=CN1CC11CCC=C1
0,0,1,3,0,0,1,0,0,0,1,0,1,0,0,2,0,1,0,0,0,1,1,0,0,0,0,1,1,0,1,1,0,1,0,0,1,1,O=CC1CN1C(=O)C#C
0,1,1,2,0,0,0,1,0,0,1,0,1,0,0,2,0,1,0,0,0,0,1,0,0,0,0,1,1,1,1,1,0,1,0,0,1,1,O=CC1CN1C(=O)C#N
1,0,1,1,0,2,0,0,1,0,2,1,1,0,0,1,1,1,0,0,0,0,1,0,0,0,0,1,0,0,0,1,0,1,0,0,2,0,O=CN1CC1CC1CO1
0,0,0,1,0,0,1,0,0,1,1,0,1,1,1,1,0,1,0,0,0,1,3,0,0,0,0,1,1,1,0,1,0,0,1,0,1,0,O=CC1CN1CCC#C
1,0,0,1,0,1,1,0,1,1,1,0,1,0,1,1,0,1,0,0,0,1,2,0,0,0,1,1,0,0,0,1,0,0,0,0,1,0,O=CN1CC1CCC#C
0,0,0,1,1,1,1,0,1,0,2,0,0,1,0,1,2,1,1,0,0,0,0,2,0,1,0,0,0,0,0,1,0,0,1,0,1,1,O=CN1CC2(CO2)C=C1
1,0,1,1,2,0,1,0,0,0,1,0,1,1,0,0,0,1,0,0,0,1,0,0,1,0,0,0,1,0,0,1,1,0,0,0,4,1,O=CC1CC2C(C#C)C12
1,0,0,1,1,1,0,1,0,0,1,0,1,0,0,0,0,1,0,0,0,0,0,0,1,0,0,0,1,1,0,1,1,1,0,0,4,1,O=CC1CC2C(C#N)C12
0,0,0,1,0,2,1,0,2,1,2,0,1,1,0,2,0,1,0,0,0,1,0,1,0,0,0,1,0,0,0,2,0,0,0,0,1,0,O=CN1CC2CC12C#C
0,0,0,1,0,1,0,1,2,1,2,0,1,1,0,2,0,1,0,0,0,0,0,1,0,0,1,1,0,1,0,1,0,0,0,0,1,1,O=CN1CC2CC12C#N
0,0,0,2,0,1,0,0,0,0,1,0,1,1,0,0,1,1,0,1,0,0,1,3,1,1,0,0,1,1,0,1,0,0,0,0,1,0,O=CC1CC=CC(=O)N1
0,1,2,1,1,1,1,0,0,0,2,0,2,0,0,0,0,1,0,0,1,1,1,0,1,0,0,0,0,0,0,1,0,1,0,0,2,0,O=CC1CC(CO1)C#C
0,0,1,1,0,0,2,0,1,0,3,0,1,0,0,1,1,1,0,0,0,1,1,0,0,0,0,1,0,0,1,1,1,0,0,0,1,0,O=CN1CCC(C1)C#C
1,1,1,2,1,2,0,0,2,0,2,0,1,0,0,1,0,1,0,1,0,0,0,0,1,0,0,0,0,0,0,1,0,1,0,0,3,0,O=CC1CC2OC2CO1
1,0,0,2,1,1,1,0,2,0,3,0,0,0,0,1,2,1,1,1,0,0,0,0,0,0,0,0,0,0,0,2,0,0,0,0,3,0,O=CC1CCC2OC2C1
1,0,0,2,0,1,1,0,3,0,3,0,0,0,0,1,1,1,0,1,0,0,0,0,0,0,0,1,0,1,1,1,0,0,0,0,2,1,O=CN1CCC2OC2C1
1,0,0,1,0,1,1,0,0,0,1,0,1,0,0,0,0,1,0,0,0,1,1,0,1,1,0,1,0,2,0,1,0,1,0,0,1,1,O=CCC(C#C)C1CN1
1,0,0,1,0,1,0,1,0,1,1,0,1,0,0,0,0,1,0,0,0,0,1,1,1,1,0,1,0,3,0,1,0,1,0,0,1,1,O=CCC(C#N)C1CN1
1,0,1,1,0,1,1,0,0,0,1,0,1,1,0,0,0,1,0,0,0,1,0,0,1,1,0,1,0,2,1,2,0,0,0,0,1,0,O=CNC(C#C)C1CN1
0,0,0,1,0,1,0,0,0,0,1,0,0,1,1,1,1,1,1,1,0,0,0,1,0,0,0,1,1,0,1,0,1,2,0,0,1,0,N=COC12CC1OC2=O
0,0,0,2,0,1,0,0,0,0,1,0,0,1,1,1,1,1,1,1,0,0,0,1,0,0,0,1,1,0,1,1,1,1,0,0,1,0,O=COC12CC1OC2=O
0,0,0,0,0,1,1,1,0,0,2,0,0,1,0,1,0,1,1,1,1,0,0,3,1,0,0,0,0,1,0,1,0,1,1,0,1,0,N=COC12CC1CC=C2
0,0,0,1,0,1,1,1,0,0,2,0,0,1,0,1,0,1,1,1,1,0,0,3,1,0,0,0,0,1,0,2,0,0,1,0,1,0,O=COC12CC1CC=C2
1,0,0,1,0,1,1,1,1,0,1,0,0,0,0,0,0,1,0,0,0,0,1,2,1,0,0,0,1,1,0,1,0,1,0,0,3,0,O=CCC1=CC2OC2C1
0,0,1,1,2,1,0,0,1,0,1,0,0,0,0,0,0,1,0,0,0,0,1,0,0,0,0,0,1,1,0,1,2,1,0,1,2,1,O=CCC1=NC2CC2O1
1,0,1,2,0,1,2,0,2,0,3,0,0,0,0,0,2,1,1,0,0,0,0,0,0,0,0,0,0,2,0,1,0,0,1,0,3,0,O=COC1C2CCC1O2
1,0,1,1,1,1,1,0,0,0,1,0,1,0,0,0,0,1,0,0,0,1,1,0,0,1,0,0,0,1,0,1,1,1,0,0,2,0,O=CCC1CC(O1)C#C
1,0,0,1,2,1,1,0,2,0,3,0,0,1,0,0,0,1,1,0,0,0,0,0,0,0,0,1,0,0,0,2,0,0,1,0,3,0,O=COC1CC2CC1O2
1,0,0,1,2,1,0,0,1,0,2,0,0,0,0,0,0,1,0,0,1,0,1,0,0,0,0,0,0,1,1,1,1,1,0,0,3,1,O=CCC1CC2CC2O1
1,0,0,2,4,1,0,0,2,1,2,0,0,0,0,2,0,1,0,0,0,0,1,0,0,0,0,0,0,1,0,1,0,0,0,0,3,1,O=CCC1CC2OC2C1
1,0,0,2,2,1,0,0,2,0,2,0,0,0,0,2,2,1,1,0,0,0,0,0,0,0,0,0,0,0,0,1,0,0,2,0,3,0,O=COC1CC2OC2C1
0,0,1,1,1,1,0,0,1,0,3,0,1,0,0,0,0,1,1,0,0,0,0,0,0,0,0,1,0,1,0,1,1,0,2,1,3,0,O=COC1CC2OCC12
0,0,0,1,1,1,1,0,1,0,2,0,0,0,0,0,1,1,1,0,0,1,0,0,0,0,0,1,1,0,0,1,1,1,1,0,1,0,N=C1CCC(OC=O)O1
0,0,0,1,1,0,0,1,0,0,1,0,1,0,0,0,0,1,1,0,0,0,1,0,1,1,1,1,0,2,0,1,0,0,1,1,2,0,O=CCC1NCC1C#N
0,0,2,1,0,1,1,0,0,0,1,0,2,1,0,0,0,1,1,0,0,1,2,0,0,0,0,0,0,1,0,1,0,0,1,1,2,0,O=CCC1OCC1C#C
0,0,1,1,0,0,1,0,0,0,3,0,1,0,0,0,2,1,1,1,0,1,1,0,0,0,0,1,0,0,0,1,0,0,1,1,2,0,O=COC1CCC1C#C
0,0,1,1,1,1,0,0,1,0,3,0,1,0,0,0,0,1,1,0,0,0,0,1,0,0,0,1,0,0,0,1,1,0,2,0,3,0,O=COC1COC2CC12
1,0,0,2,0,1,1,0,0,0,3,0,1,1,0,1,1,1,1,0,0,0,1,0,0,0,0,1,0,1,0,3,0,0,0,0,1,0,O=CCOC12CC1CC2
0,0,0,1,1,1,0,0,0,1,1,1,2,0,0,1,0,0,0,0,0,0,2,0,1,1,1,1,0,1,0,1,0,0,0,0,1,1,CC#CC(=O)CC1CN1
1,0,0,2,0,0,0,1,0,0,1,1,0,0,0,2,0,0,0,0,0,0,3,0,1,1,0,1,0,1,0,1,0,0,1,0,1,2,CC(=O)C(=O)CC1CN1
1,0,1,1,2,1,2,0,0,0,1,1,1,0,0,1,0,0,0,0,0,1,0,0,1,1,0,1,0,1,0,0,0,0,1,0,1,1,CC(=O)C(C#C)C1CN1
1,0,1,1,1,1,1,1,0,0,1,1,1,0,0,1,0,0,0,0,0,1,0,0,1,1,0,1,0,2,0,0,0,0,1,0,1,1,CC(=O)C(C#N)C1CN1
1,0,1,1,3,1,2,0,0,0,1,0,1,0,0,1,0,0,0,0,0,1,0,0,1,1,0,1,0,1,0,0,0,0,0,0,1,1,NC(=O)C(C#C)C1CN1
1,0,1,1,2,1,1,1,0,0,1,0,1,0,0,1,0,0,0,0,0,0,0,0,1,1,0,1,0,2,1,0,0,0,0,0,1,1,NC(=O)C(C#N)C1CN1
1,0,0,1,1,0,1,1,1,0,2,1,0,0,0,2,2,0,0,0,1,0,1,0,0,0,0,0,0,0,0,0,0,1,1,0,1,1,CC(=O)C(=NC1CC1)N
1,0,0,2,0,1,1,0,0,0,1,1,0,0,0,1,0,1,0,0,1,0,0,0,1,1,0,1,0,1,0,1,0,0,1,0,1,1,CC(=O)C(C=O)C1CN1
0,0,0,2,0,1,0,0,1,1,1,2,0,1,0,2,0,1,0,0,0,0,0,0,1,1,0,0,0,0,1,1,0,0,1,1,0,1,CC(=O)C1(C)CN1C=O
0,0,0,2,1,1,1,0,2,1,1,1,0,1,0,2,0,1,0,0,1,0,0,0,0,1,0,0,0,0,1,1,0,0,0,1,0,1,CC1(CN1C=O)C(N)=O
0,1,0,3,1,1,1,0,0,0,2,1,0,1,1,1,0,0,0,1,0,0,0,0,0,0,0,0,1,1,1,0,0,0,0,1,0,1,CC1(CCC1=O)C(N)=O
0,1,0,1,0,2,1,0,1,0,2,2,1,1,0,2,0,0,0,0,0,1,0,0,0,0,0,0,1,0,0,0,1,1,1,0,1,1,CC(=O)C12CC1C(=N)O2
0,1,0,1,1,1,2,0,1,0,2,1,1,1,0,2,0,0,0,0,0,0,0,0,0,0,0,1,1,0,0,0,1,1,0,0,1,1,NC(=O)C12CC1C(=N)O2
0,0,0,1,0,1,1,1,0,0,2,1,0,1,0,2,0,0,1,0,0,0,1,2,1,0,0,0,0,1,0,0,0,0,1,0,1,1,CC(=O)C12CC1CC=C2
0,0,0,2,0,0,0,0,0,1,2,2,0,1,0,3,0,0,0,0,1,0,0,0,1,0,0,0,1,1,0,0,0,0,1,1,3,1,CC(=O)C1C2CC1(C)C2
0,0,0,2,1,0,0,0,0,1,1,1,0,1,0,1,0,0,0,1,0,0,0,1,0,1,0,1,1,0,0,0,1,0,1,0,3,1,CC(=O)C1C2CC2C1=O
0,0,0,3,0,0,0,1,0,1,1,1,0,0,0,1,0,0,0,1,1,0,0,1,0,2,1,0,1,0,0,0,0,0,2,1,1,1,CC(=O)C1N=CNC1=O
1,0,2,1,1,1,1,0,0,1,2,1,1,0,0,1,0,0,0,0,0,1,0,0,0,1,0,0,0,0,0,0,0,0,1,0,2,1,CC(=O)C1CC(O1)C#C
1,0,1,1,1,1,0,1,0,1,2,1,1,0,0,1,0,0,0,0,0,0,0,0,1,0,0,0,1,1,0,0,0,0,1,0,2,1,CC(=O)C1CC(O1)C#N
1,1,1,1,0,2,0,0,1,1,1,1,1,0,0,1,0,0,0,0,0,0,1,0,0,1,0,0,0,0,0,0,0,0,1,0,3,1,CC(=O)C1NC1C1CO1
1,1,1,1,0,1,1,0,0,1,1,1,0,1,0,3,0,0,0,0,0,0,0,1,0,0,0,0,0,1,0,0,0,0,1,0,2,1,CC(=O)C1OC2CC12O
1,0,0,1,2,2,1,0,1,1,2,1,0,0,0,1,0,0,0,0,0,0,0,1,0,0,0,0,0,0,0,0,0,0,1,1,3,1,CC(=O)C1CC2CC1O2
1,1,0,2,2,1,0,0,0,1,2,1,0,0,0,1,0,0,0,0,1,0,0,1,0,1,0,0,0,0,0,0,0,0,1,0,3,1,CC(=O)C1OC2CC1C2
1,0,0,2,1,1,1,0,2,0,2,0,0,0,0,2,0,0,0,0,0,0,0,0,0,1,0,2,0,0,2,0,0,0,0,0,2,3,NC(=O)N1CC2OC2C1
0,0,1,1,1,1,0,0,1,1,2,1,1,0,0,1,0,0,0,0,1,0,0,1,0,0,0,0,0,0,0,0,1,0,2,0,3,1,CC(=O)C1CC2OCC12
1,0,0,2,0,1,1,0,1,1,2,1,0,0,0,1,2,0,0,0,0,0,0,0,0,1,0,0,0,0,0,0,1,0,1,0,3,1,CC(=O)C1OC2CCC12
1,0,1,1,0,2,0,0,1,1,1,1,1,0,0,1,1,0,0,1,0,0,0,0,0,1,1,0,0,0,0,0,0,0,1,0,3,1,CC(=O)C1OC2COC12
1,0,1,1,1,2,1,0,1,0,1,0,1,0,0,1,1,0,0,1,0,0,0,0,0,1,1,0,0,0,0,0,0,0,0,0,3,1,NC(=O)C1OC2COC12
1,0,0,2,0,0,0,0,0,1,1,1,0,0,0,1,0,0,0,1,0,0,1,2,1,0,0,1,1,1,0,0,0,1,1,0,1,1,CC(=O)C1CC=CC1=O
0,0,1,1,0,1,0,1,1,1,2,1,0,0,0,1,1,0,0,0,0,0,0,0,0,0,0,1,1,0,0,0,1,1,1,0,1,1,CC(=O)C1CCC(=N)O1
0,0,1,1,1,0,1,0,0,1,2,1,1,0,0,1,2,0,0,0,0,1,1,1,0,0,0,0,0,0,0,0,0,0,1,1,2,1,CC(=O)C1CCC1C#C
0,0,2,1,1,1,1,0,0,1,1,1,2,0,0,1,0,0,1,0,1,1,1,0,0,1,0,0,0,0,0,0,0,0,1,1,2,1,CC(=O)C1OCC1C#C
0,0,1,1,0,1,0,1,0,1,1,1,2,0,0,1,0,0,1,0,1,0,0,0,0,1,0,0,0,1,0,0,0,0,1,1,2,1,CC(=O)C1OCC1C#N
0,0,0,1,2,0,0,0,0,1,3,1,0,0,0,1,2,0,1,0,1,0,0,1,0,0,0,1,0,0,0,0,1,0,1,0,3,1,CC(=O)C1CCC2CC12
1,0,0,1,1,1,1,0,2,1,2,1,0,0,0,1,2,0,0,0,0,0,0,1,0,0,1,0,0,0,0,0,0,0,1,0,3,1,CC(=O)C1CCC2OC12
0,0,1,1,1,1,0,0,1,1,2,1,2,0,0,1,0,0,0,0,0,0,0,2,0,0,0,0,0,0,0,0,1,0,2,0,3,1,CC(=O)C1COC2CC12
0,0,1,1,1,1,0,0,0,1,2,1,1,0,0,1,0,0,0,0,1,0,0,0,0,1,0,1,0,0,0,0,1,0,1,0,3,1,CC(=O)C1OCC2CC12
1,0,1,1,1,2,0,0,1,1,1,1,1,0,0,1,0,0,0,1,0,0,0,0,0,1,1,0,0,0,0,0,0,0,1,0,3,1,CC(=O)C1OCC2OC12
0,0,1,1,2,1,1,0,1,0,2,0,2,0,0,1,0,0,0,0,1,0,0,2,0,0,0,0,0,0,0,0,1,0,1,0,3,1,NC(=O)C1COC2CC12
1,0,1,1,0,1,1,0,0,1,2,1,1,0,0,1,0,0,0,0,0,0,0,2,1,0,0,0,0,2,0,0,0,0,1,0,1,1,CC(=O)C1CC=CCO1
0,0,0,1,0,0,1,0,0,1,3,1,0,0,0,1,1,0,0,0,0,1,0,2,1,0,0,0,0,2,0,0,0,0,1,1,2,1,CC(=O)C1CCC=CC1
0,0,1,2,1,1,0,0,1,1,2,1,0,0,0,1,1,0,0,0,0,0,0,1,1,0,0,0,0,0,0,0,1,0,1,1,1,1,CC(=O)C1CCN=CO1
0,0,1,1,1,1,0,0,0,2,3,1,0,0,0,1,0,1,0,0,0,1,0,1,0,0,0,0,0,0,0,0,1,0,1,1,1,1,CC(=O)C1COC=NC1
0,0,0,1,1,0,2,0,0,0,3,0,0,0,0,1,2,0,0,0,0,1,0,2,1,0,0,0,0,2,0,0,0,1,0,1,2,1,NC(=O)C1CCC=CC1
0,0,1,1,2,1,1,0,0,1,3,0,0,0,0,1,0,1,0,0,0,1,0,1,0,0,0,0,0,0,0,0,1,1,0,1,1,1,NC(=O)C1COC=NC1
0,0,2,1,0,3,0,0,0,1,3,1,1,0,1,1,0,2,0,1,0,0,0,0,0,0,0,0,0,0,0,0,0,1,1,0,1,1,CC(=O)C1COCCO1
0,1,0,1,1,0,1,0,0,0,0,2,0,1,0,3,0,1,1,0,1,0,2,0,0,0,1,0,0,0,0,0,0,2,1,0,0,1,CC(=N)OC(=O)C(N)=N
0,2,0,1,0,0,0,1,0,0,2,1,0,1,0,2,2,0,1,0,0,1,1,0,0,0,1,0,0,0,0,0,0,1,1,0,1,1,CC(=N)OC(=O)C1CC1
0,1,0,1,0,0,0,1,0,0,1,1,0,1,0,2,0,0,1,1,0,0,1,0,1,1,1,1,0,0,0,0,0,1,1,0,1,1,CC(=N)OC(=O)C1CN1
0,1,1,2,0,1,0,1,0,0,1,1,1,1,0,2,0,0,1,0,0,0,1,0,0,0,1,0,0,0,0,0,0,1,1,0,1,1,CC(=N)OC(=O)C1CO1
0,1,0,1,0,0,1,0,0,0,0,2,2,1,1,2,0,0,1,1,0,1,2,0,0,0,1,0,0,0,0,0,0,1,1,0,0,1,CC(=N)OC(=O)CC#C
2,0,0,1,0,1,0,0,0,0,3,1,1,2,0,2,1,0,1,0,0,0,1,0,0,0,0,1,0,0,0,0,0,1,1,0,1,0,CC(=N)OC12CC1CC2
2,0,0,2,1,1,0,0,0,0,3,1,1,1,0,2,1,0,1,0,0,0,0,0,0,0,0,1,0,0,0,0,0,0,1,0,1,1,CC(=O)OC12CC1CC2
0,0,1,0,1,0,1,0,0,0,2,1,1,1,0,1,0,0,1,0,0,1,2,0,0,0,0,0,0,0,0,0,1,1,1,1,2,0,CC(=N)OC1CC1C#C
2,0,0,2,1,1,2,0,1,0,1,0,0,0,0,2,0,1,0,0,0,1,1,0,0,0,0,1,0,0,0,2,0,0,0,0,1,1,NC(=O)CC1CN1C=O
0,0,0,1,2,0,0,0,0,0,3,1,0,1,0,1,0,1,1,0,1,0,1,0,0,0,0,1,0,0,0,0,1,1,1,0,3,0,CC(=N)OC1CC2CC12
0,0,0,1,2,0,0,0,0,0,2,1,0,0,0,1,0,1,0,0,1,0,1,0,0,0,0,1,1,0,1,1,1,0,1,0,3,1,CC(=O)CC1CC2CC12
1,0,0,1,1,1,0,0,1,0,1,1,0,0,1,1,0,0,0,0,1,0,1,1,1,0,0,0,0,0,0,1,1,0,1,0,3,1,CC(=O)CC1OC2CC12
0,0,0,1,3,0,1,0,0,0,2,0,0,0,0,1,0,1,0,0,1,1,1,0,0,0,0,1,1,0,0,1,1,0,0,0,3,1,NC(=O)CC1CC2CC12
1,0,0,1,2,1,1,0,1,0,1,0,0,0,1,1,0,0,0,0,0,1,1,1,1,0,0,0,0,0,0,1,1,0,0,0,3,1,NC(=O)CC1OC2CC12
0,0,0,1,1,0,3,0,0,1,2,0,0,0,0,1,1,0,0,0,0,1,1,2,2,0,0,0,0,2,0,1,0,0,0,0,1,1,NC(=O)CC1CC=CC1
0,0,1,2,1,1,1,0,1,0,1,0,0,0,1,1,1,0,0,1,0,1,1,0,0,0,0,0,1,0,0,1,0,0,0,0,1,1,NC(=O)CC1COC1=O
0,0,0,1,1,0,1,0,0,1,4,0,0,0,0,1,3,0,0,0,0,1,1,0,0,0,0,0,2,0,0,1,0,0,0,2,1,1,C1CCC(C1)CC(=O)N
0,0,1,1,1,1,1,0,0,1,3,0,0,0,1,1,2,1,0,0,0,1,1,0,0,0,0,0,0,0,0,1,0,0,0,0,1,1,NC(=O)CC1CCOC1
0,0,0,1,1,4,1,0,0,0,2,0,2,0,0,3,0,2,0,0,0,1,1,0,0,0,0,0,0,0,1,1,0,0,0,0,1,1,C1COC(O1)CC(=O)N
0,1,1,2,1,0,1,0,0,1,2,1,0,2,0,2,0,0,1,0,0,0,3,0,0,0,0,0,0,0,0,1,0,1,1,0,0,0,CC(=N)OCC1(O)CC1
0,1,0,3,1,0,1,0,0,1,2,1,0,1,0,2,0,0,1,0,0,1,2,0,0,0,0,0,0,0,0,1,0,0,1,0,0,1,CC(=O)OCC1(CC1)O
1,0,0,1,0,0,2,0,0,0,0,1,4,0,1,2,0,0,1,0,0,2,1,0,0,0,0,1,0,0,1,0,0,1,1,0,0,1,OC(C#C)C(=O)CC#C
1,0,0,1,0,0,1,1,0,0,0,1,3,0,0,2,0,0,1,0,0,1,1,0,0,0,0,1,0,1,2,0,0,1,1,0,0,1,OC(C#C)C(=O)CC#N
2,0,0,2,0,0,1,0,0,0,0,0,1,0,0,2,0,1,1,0,0,1,1,0,0,0,0,1,0,1,1,1,0,1,1,0,0,1,OC(C#C)C(=O)CC=O
2,0,1,1,0,0,1,1,1,0,0,2,1,0,1,2,0,0,0,0,1,0,0,0,0,0,0,1,0,3,0,0,0,0,1,0,0,1,CC(C#N)C(O)C(C)=O
2,1,1,1,1,0,1,1,1,0,0,1,1,0,1,2,0,0,0,0,1,0,0,0,0,0,0,1,0,2,0,0,0,0,0,0,0,1,CC(C#N)C(O)C(N)=O
3,0,0,0,0,2,1,1,1,0,1,1,1,0,0,2,0,0,0,0,1,1,0,0,1,1,0,2,0,1,0,0,0,0,0,0,1,0,CC(C#C)C(O)C1CN1
2,0,0,0,0,2,0,2,1,0,1,1,1,0,0,2,0,0,0,0,1,0,0,0,1,1,0,2,0,3,0,0,0,0,0,0,1,0,CC(C#N)C(O)C1CN1
2,1,0,0,0,2,1,0,0,0,1,0,1,0,0,3,1,0,0,0,0,1,0,0,1,1,0,3,0,2,0,0,0,0,0,0,1,0,OC(C#C)C(O)C1CN1
2,1,0,0,0,2,0,1,0,0,1,0,1,0,0,3,1,0,0,0,1,0,0,0,1,1,0,3,0,2,0,0,0,0,0,0,1,0,OC(C#N)C(O)C1CN1
1,1,1,0,1,0,1,1,1,0,1,1,2,0,0,0,0,0,0,1,0,1,1,1,0,0,0,0,0,1,0,0,0,0,0,1,2,0,CC(C#N)C1CC1C#C
1,0,1,0,1,0,2,1,0,0,1,0,2,0,0,1,0,0,0,1,0,2,1,1,0,0,0,1,0,1,0,0,0,0,0,1,2,0,OC(C#C)C1CC1C#C
1,1,0,0,2,0,0,1,1,0,2,1,1,0,0,0,0,1,0,0,1,0,0,1,0,1,0,1,0,1,0,0,1,0,0,0,3,0,CC(C#N)C1CC2CC12
1,0,0,0,2,0,1,1,0,0,2,0,1,0,0,1,0,1,0,0,1,1,0,1,0,1,0,2,0,1,0,0,1,0,0,0,3,0,OC(C#C)C1CC2CC12
1,0,0,0,0,0,3,1,0,0,2,2,1,0,0,1,0,0,0,1,0,1,0,2,2,1,0,1,0,2,0,0,0,0,0,0,1,0,OC(C#C)C1CC=CC1
1,0,0,0,0,0,2,1,0,0,2,2,1,1,0,1,0,0,0,1,0,0,0,2,2,1,0,1,0,3,0,0,0,0,0,0,1,0,OC(C#N)C1CC=CC1
1,0,0,0,0,0,1,1,0,1,2,2,1,1,0,1,2,0,0,0,0,1,0,1,0,0,0,1,0,2,0,1,0,0,0,0,2,0,CC1CCC1C(O)C#C
1,1,1,0,0,1,1,1,0,1,1,1,2,0,0,1,0,0,0,0,0,1,0,1,0,0,0,1,0,1,0,0,0,0,1,0,2,0,CC1OCC1C(O)C#C
1,0,1,0,0,5,1,0,1,0,2,1,3,0,0,0,0,2,0,1,0,1,2,0,0,0,0,0,0,0,0,0,0,0,0,0,1,0,CC(C#C)C1OCCO1
1,0,0,0,0,4,1,1,0,0,2,0,3,0,0,1,0,2,1,1,0,1,2,0,0,0,0,1,0,0,0,0,0,0,0,0,1,0,OC(C#C)C1OCCO1
1,1,0,1,0,0,1,0,2,0,0,3,0,1,0,3,0,0,1,0,1,0,1,0,0,0,1,0,0,0,0,0,0,1,1,0,0,1,CC(C)C(=O)OC(C)=N
1,1,0,1,1,0,2,0,1,0,0,2,0,1,0,3,0,0,1,0,0,0,1,0,0,0,1,0,0,0,0,0,0,1,1,0,0,2,CC(N)C(=O)OC(C)=N
1,1,0,1,1,0,1,0,1,0,0,2,0,1,0,4,0,0,1,0,0,0,1,0,0,0,1,1,0,0,0,0,0,1,1,0,0,1,CC(O)C(=O)OC(C)=N
2,0,0,1,1,0,0,0,1,1,2,1,0,0,0,2,2,0,1,0,0,0,1,0,0,0,0,1,0,0,0,1,0,0,0,0,2,1,CC(O)C(=O)CC1CC1
1,0,0,1,1,0,0,0,1,0,1,1,0,0,0,2,0,0,1,0,0,0,2,0,1,1,0,2,0,1,0,1,0,0,0,0,2,1,CC(O)C(=O)CC1CN1
1,0,1,1,1,1,0,0,1,0,1,1,1,0,0,2,0,0,1,0,0,0,1,0,0,0,0,1,0,0,0,1,0,1,0,0,2,1,CC(O)C(=O)CC1CO1
1,0,0,1,1,0,1,0,1,1,0,1,1,0,1,2,0,0,1,1,0,1,2,0,0,0,0,1,0,0,0,0,0,1,0,0,0,1,CC(O)C(=O)CCC#C
1,0,1,1,1,0,1,0,1,0,0,1,0,0,0,2,0,1,1,0,0,1,2,0,0,0,0,1,1,1,0,1,0,1,0,0,0,0,CC(O)C(=N)OCC=O
2,0,0,0,0,1,1,0,1,1,1,1,1,0,0,1,0,0,0,0,0,1,0,0,1,1,0,2,0,1,0,2,0,0,0,0,1,0,CC(O)C(C#C)C1CN1
3,0,0,0,0,1,0,1,1,1,1,1,1,0,0,1,0,0,0,0,0,0,0,0,1,1,0,2,0,2,0,2,0,0,0,0,1,0,CC(O)C(C#N)C1CN1
2,0,1,0,0,1,0,0,2,2,1,2,1,0,0,1,0,1,0,0,0,0,1,0,0,0,0,1,0,0,0,0,0,1,2,0,1,0,CC(O)C(C)CC1CO1
2,0,0,1,0,1,0,0,1,1,1,1,0,0,0,1,0,1,0,0,0,0,0,0,1,1,0,3,0,1,1,1,0,0,0,0,1,0,CC(O)C(C=O)C1CN1
1,1,0,0,1,0,0,1,2,0,2,2,0,1,0,1,0,0,0,0,2,1,0,2,0,0,0,0,0,2,0,0,0,2,0,0,0,0,CC(C)C1(O)CC=CC1
1,1,0,1,0,1,0,1,2,0,1,2,0,1,0,2,0,0,0,1,0,0,0,0,0,1,1,0,1,0,0,0,0,1,0,0,1,0,CC(C)C1(O)COC1=O
1,0,0,1,0,0,1,1,2,0,2,3,0,1,0,0,1,0,0,0,0,0,0,2,0,0,0,0,0,1,1,0,0,0,1,1,1,0,CC(C)C1(C)CCC=C1
1,1,0,1,1,0,1,1,2,0,2,2,0,1,0,1,1,0,0,0,1,0,0,2,0,0,0,0,0,1,0,0,0,1,0,0,1,0,CC(C)C1(O)CCC=C1
2,1,0,1,0,0,1,0,1,0,2,1,0,1,0,2,1,0,0,1,0,0,0,2,0,0,0,1,0,1,0,0,0,1,0,0,1,0,CC(O)C1(O)CCC=C1
1,0,1,1,0,1,0,1,2,1,1,3,0,1,0,2,0,1,0,0,0,0,0,0,0,0,0,0,0,1,1,1,0,0,0,0,1,0,CC(C)C1(CC1O)C=O
1,1,0,0,0,1,0,1,3,0,3,2,1,1,1,1,0,0,0,0,0,0,0,0,0,0,0,0,1,0,0,0,0,1,0,0,1,1,CC(C)C12CC1C(=N)O2
1,0,0,2,1,0,0,1,3,0,2,2,0,1,1,1,1,0,0,1,0,0,0,0,0,1,0,0,1,0,0,0,0,0,0,0,1,1,CC(C)C12CC1C(=O)N2
1,1,0,1,0,1,0,1,2,0,3,2,0,1,1,1,1,0,0,1,0,0,0,0,0,0,0,0,1,0,0,0,0,0,0,0,1,1,CC(C)C12CC1C(=O)O2
1,0,0,1,0,1,0,1,2,0,2,2,0,1,0,1,1,0,0,2,0,0,0,0,0,1,0,0,2,1,0,0,0,0,0,0,1,0,CC(C)C12CC1CC2=O
1,0,1,0,1,1,1,1,2,1,2,3,0,1,0,1,0,0,0,0,0,0,1,0,0,0,0,0,0,0,0,0,0,0,0,1,2,0,CC(C)C12CC1CC2C
2,0,1,1,0,2,0,1,2,0,4,2,0,1,1,0,1,0,0,0,0,0,0,0,0,0,0,0,0,0,0,1,0,1,1,0,1,0,CC(C)C12CCC1CO2
2,0,1,1,0,2,0,0,1,0,4,1,0,1,0,2,1,0,0,0,0,0,0,0,0,0,0,1,1,0,0,1,0,0,1,0,1,0,CC(O)C12CCC1CO2
1,0,1,0,1,0,1,0,1,1,1,2,1,0,1,1,0,0,0,0,0,1,0,0,0,0,0,1,1,0,0,0,0,0,0,0,3,1,CC(O)C1C(C)C1C#C
2,0,0,1,0,1,2,0,4,2,2,2,0,0,0,0,2,0,0,0,0,0,0,0,1,0,0,0,0,0,0,0,0,0,0,0,3,1,CC(C)C1C2CCC1O2
2,0,0,1,0,1,2,0,3,2,2,1,0,0,0,1,2,0,0,0,0,0,0,0,0,0,0,1,0,1,0,0,0,0,0,0,3,0,CC(O)C1C2CCC1O2
1,0,0,2,0,0,0,0,2,0,0,2,0,1,0,1,1,0,0,1,0,0,0,1,0,1,1,0,1,1,1,0,0,0,0,0,2,1,CC(C)C1NC(=O)C1O
1,0,0,1,0,1,0,1,2,0,0,2,0,1,0,1,1,0,1,1,0,0,0,0,0,0,0,0,1,0,1,0,1,0,0,0,2,1,CC(C)C1OC(=O)C1O
1,0,1,0,2,0,1,0,2,0,2,2,1,0,0,0,0,0,0,1,1,1,1,0,0,0,0,0,0,0,1,0,0,0,0,0,2,1,CC(C)C1CC(C1)C#C
1,1,0,0,0,0,0,1,2,0,1,2,1,1,0,2,0,0,0,0,0,0,1,0,0,1,0,0,0,1,0,1,0,1,0,0,1,1,CC(C)C1CC1(O)C#N
1,0,0,0,1,1,1,0,2,1,1,2,1,0,1,1,0,0,0,0,0,1,2,1,0,0,0,1,0,1,0,0,0,0,0,0,1,0,CC(C)N1CC1CC#C
1,0,0,1,0,1,0,0,1,0,1,1,0,0,0,1,1,3,0,1,0,0,0,0,1,2,0,1,1,0,0,0,0,0,0,1,1,0,CC(O)C1CNC(=O)N1
1,0,1,0,0,0,1,0,2,0,2,2,1,0,0,0,2,0,0,0,0,1,1,1,0,0,0,0,0,0,0,1,0,0,0,1,2,1,CC(C)C1CCC1C#C
1,1,2,0,0,1,1,0,2,0,1,2,2,0,0,0,0,0,2,0,0,1,1,0,0,0,0,0,0,0,0,0,0,0,0,1,2,1,CC(C)C1OCC1C#C
1,0,1,0,0,0,1,0,1,0,2,1,1,0,0,1,2,0,0,0,0,1,1,1,0,0,0,1,0,0,0,1,0,0,0,1,2,0,CC(O)C1CCC1C#C
1,1,2,0,0,1,1,0,1,1,1,1,2,0,0,1,0,0,1,0,0,1,1,0,0,0,0,1,0,0,0,0,0,0,0,1,2,0,CC(O)C1OCC1C#C
1,0,0,0,1,0,0,0,2,0,3,2,0,0,0,0,2,0,0,0,1,0,0,1,0,1,0,1,0,0,0,1,1,0,0,0,3,1,CC(C)C1CCC2CC12
1,1,1,0,1,1,0,0,3,0,2,2,1,0,0,0,0,0,0,0,0,0,0,2,0,0,0,0,0,0,0,0,1,0,1,0,3,1,CC(C)C1COC2CC12
1,1,1,0,1,1,0,0,2,0,2,2,1,0,0,0,0,0,1,0,1,0,0,0,0,0,0,1,0,0,0,0,1,0,0,0,3,1,CC(C)C1OCC2CC12
1,0,0,0,1,0,0,0,1,0,3,1,0,0,0,1,2,0,0,0,1,0,0,1,0,1,0,2,0,0,0,1,1,0,0,0,4,0,CC(O)C1CCC2CC12
1,1,1,0,1,1,0,0,2,0,2,1,1,0,0,1,0,0,0,0,0,0,0,2,1,0,0,1,0,0,0,0,1,0,1,0,3,0,CC(O)C1COC2CC12
1,0,0,1,0,2,0,0,2,0,1,2,1,0,0,1,1,0,0,1,1,0,0,0,1,0,0,0,1,0,0,0,1,0,0,0,1,1,CC(C)C1OCOC1=O
1,0,2,0,0,1,0,0,2,1,2,2,0,1,0,1,0,0,0,0,0,0,0,2,0,0,0,1,0,0,1,0,0,0,0,1,2,1,CC(C)C1COCC1O
1,0,0,0,0,1,0,0,2,0,2,2,1,1,0,1,1,1,1,0,0,0,0,1,0,0,0,0,0,0,1,0,0,1,0,0,2,1,CC(C)C1OCCC1O
1,1,0,1,0,0,0,1,2,0,2,2,0,0,0,1,2,0,1,1,1,1,1,0,0,0,0,0,0,0,0,0,0,0,0,0,1,1,CC(C)OC(=O)C1CC1
1,0,0,1,0,0,0,1,2,0,1,2,0,0,0,1,0,0,1,2,1,0,1,0,1,1,0,1,0,0,0,0,0,0,0,0,1,1,CC(C)OC(=O)C1CN1
1,0,1,2,0,1,1,1,2,0,1,2,1,0,0,1,0,0,1,1,1,0,1,0,0,0,0,0,0,0,0,0,0,0,0,0,1,1,CC(C)OC(=O)C1CO1
1,0,0,1,0,0,1,0,2,0,0,3,2,0,1,1,0,0,1,2,1,1,1,0,0,0,0,0,0,0,0,0,0,1,0,0,0,1,CC(C)OC(=O)CC#C
1,0,2,0,1,0,1,0,2,0,2,2,1,0,0,0,0,0,1,1,0,1,1,0,0,0,0,0,0,0,0,0,1,0,0,1,2,0,CC(C)OC1CC1C#C
2,0,0,1,0,1,0,0,3,0,1,2,0,0,0,1,0,2,1,0,0,1,1,0,0,0,0,1,0,0,0,1,0,0,1,0,1,0,CC(C)CC1CN1C=O
2,0,0,0,0,0,0,0,1,1,4,1,0,0,0,1,2,1,0,1,0,0,1,0,0,0,0,1,2,0,0,0,0,0,0,2,1,0,CC(O)CC1CCCC1
1,0,0,1,0,1,1,1,1,0,1,1,1,0,0,1,0,0,0,0,0,1,0,0,1,1,0,2,0,2,0,0,0,0,0,0,1,1,CC(C1CN1)C(=O)C#C
1,0,0,1,0,1,0,1,1,0,1,1,1,0,0,2,0,0,0,0,0,0,0,1,1,1,0,1,0,3,0,0,0,0,0,0,1,1,CC(C1CN1)C(=O)C#N
1,0,0,2,0,1,0,0,1,0,1,1,0,0,0,1,0,1,0,1,0,0,0,0,1,1,0,1,0,2,0,1,0,0,0,0,2,1,CC(C1CN1)C(=O)C=O
1,0,1,1,0,1,0,1,0,0,1,1,2,1,1,0,0,1,0,0,1,0,0,0,1,1,0,0,0,1,0,1,0,0,0,0,1,0,CC(C=O)(C#N)C1CO1
1,0,1,1,0,0,1,0,0,1,0,0,4,0,1,1,0,1,0,0,1,1,1,0,0,0,0,2,1,0,0,1,0,0,0,0,1,0,OC(C=O)C#CCC#C
1,0,0,2,0,0,1,0,0,0,0,1,2,0,1,2,0,1,1,0,0,1,1,0,1,0,0,1,1,0,0,2,0,0,0,0,0,1,OC(C=O)C(=O)CC#C
1,0,0,2,0,0,0,1,0,0,0,1,1,0,0,2,0,1,1,0,0,0,1,0,1,0,0,1,1,1,1,2,0,0,0,0,0,1,OC(C=O)C(=O)CC#N
2,1,1,2,0,0,1,1,0,0,0,1,0,0,0,3,0,1,0,1,0,0,0,0,0,0,0,2,0,1,0,1,0,0,1,0,0,2,CC(=O)C(O)C(O)C=O
2,0,0,1,0,1,0,1,1,0,1,1,0,0,0,1,0,1,0,1,0,0,0,0,1,1,0,2,0,1,0,1,0,0,0,0,2,0,CC(C(O)C=O)C1CN1
2,0,0,1,1,2,0,0,1,0,1,1,0,0,0,2,0,1,0,0,0,0,0,0,1,1,0,2,0,1,0,1,0,0,0,0,2,1,CC(C=O)C(O)C1CN1
2,0,0,1,0,2,0,1,0,0,1,0,0,0,0,3,0,1,0,1,0,0,0,1,1,1,0,3,0,1,0,1,0,0,0,0,1,0,OC(C=O)C(O)C1CN1
1,0,0,1,0,0,0,0,1,1,0,2,1,2,0,1,0,1,0,2,0,0,0,0,0,1,0,1,0,0,0,1,0,0,0,1,1,1,CC1NC1(C)C(O)C=O
1,0,0,1,0,0,0,0,1,1,2,1,0,1,0,2,0,2,1,0,0,1,0,0,0,0,0,2,1,0,1,1,0,0,0,0,1,0,CC(C=O)N1CC(O)C1
1,0,1,1,1,0,1,0,1,0,1,1,1,0,0,0,0,1,0,1,0,1,1,1,0,0,0,0,0,0,0,2,0,0,0,1,2,0,CC(C=O)C1CC1C#C
1,0,1,1,1,0,1,0,0,0,1,0,1,0,0,1,0,1,0,1,0,1,1,1,0,0,0,1,0,0,1,1,0,0,0,1,2,0,OC(C=O)C1CC1C#C
1,0,0,1,0,0,2,0,0,0,2,2,0,0,0,1,0,1,0,1,0,0,0,2,2,0,0,1,0,2,1,1,0,0,0,0,1,0,OC(C=O)C1CC=CC1
1,0,0,1,0,4,0,0,0,0,2,0,2,0,0,1,0,3,0,1,0,0,2,0,0,0,0,1,0,0,2,1,0,0,0,0,1,0,OC(C=O)C1OCCO1
1,0,1,2,0,0,1,0,1,0,0,1,1,0,1,1,0,1,0,1,0,1,1,0,0,0,0,0,0,0,0,2,0,0,0,0,2,1,CC(CC#C)C(=O)C=O
2,1,0,1,0,0,1,1,1,0,0,1,2,0,1,1,0,0,0,0,1,1,1,0,0,0,0,1,0,2,0,1,0,0,0,0,0,0,CC(C#N)C(O)CC#C
2,0,0,1,0,0,1,1,1,0,0,1,1,0,1,1,0,1,0,1,1,1,1,0,0,0,0,1,0,0,0,3,0,1,1,0,0,0,CC(CC#C)C(O)C=O
1,0,0,2,0,0,1,1,1,0,2,2,1,1,1,1,0,1,0,0,0,2,1,0,0,0,0,0,0,0,0,1,0,0,0,1,0,0,CC(CC#C)C1(C)CC1
2,0,0,0,1,0,1,0,1,1,1,1,1,0,1,1,0,0,0,0,0,1,1,2,0,0,0,0,0,0,1,1,1,0,0,0,2,0,CC(CC#C)C1CC1O
1,0,0,0,0,0,1,0,1,1,1,2,1,0,1,1,0,0,0,0,0,1,1,0,0,0,1,1,0,0,0,3,0,0,1,0,1,0,CC(CC#C)N1CC1C
2,0,2,0,1,1,1,0,1,1,2,1,1,0,1,0,0,0,0,1,0,1,1,0,0,0,0,1,0,0,0,1,0,0,0,0,1,0,CC(CC#C)C1COC1
1,0,0,0,0,0,1,0,1,1,2,1,1,0,1,0,2,1,0,1,0,1,2,0,0,0,0,0,0,0,0,1,0,0,1,0,1,0,CC(CC#C)CC1CC1
1,0,1,0,0,1,1,0,1,0,1,1,2,0,1,0,0,1,0,0,0,1,2,0,0,0,0,0,0,0,0,1,0,1,2,0,1,0,CC(CC#C)CC1CO1
1,0,0,0,0,0,1,0,1,1,2,0,1,0,1,1,2,1,0,1,0,1,2,0,0,0,0,1,0,0,0,1,0,0,0,0,1,0,OC(CC#C)CC1CC1
1,0,1,0,0,1,1,0,1,0,1,0,2,0,1,1,0,1,0,0,0,1,2,0,0,0,0,1,0,0,0,1,0,1,1,0,1,0,OC(CC#C)CC1CO1
1,0,0,1,1,0,1,1,2,0,2,1,0,0,0,1,2,0,1,1,0,0,0,0,0,0,0,0,1,0,1,0,0,0,0,0,1,1,CC(OC(N)=O)C1CC1
1,0,0,1,1,1,1,0,1,0,1,1,0,0,0,1,0,0,1,0,0,0,0,0,1,1,0,1,1,1,1,0,0,0,0,0,1,1,CC(OC(N)=O)C1CN1
1,1,0,2,1,1,1,0,0,1,2,0,1,1,0,2,0,1,0,0,0,1,1,0,0,0,0,1,0,0,0,0,0,0,0,0,0,1,OC(CC1(O)CC1)C#C
1,0,1,1,0,1,1,0,0,0,1,1,1,0,0,2,0,1,0,0,0,0,1,0,0,1,0,1,0,0,0,0,0,1,2,0,2,1,CC(=O)C(O)CC1CO1
1,0,0,1,0,0,1,0,1,1,2,2,0,0,0,1,2,1,0,1,0,0,1,0,0,0,0,0,0,0,0,0,0,1,1,0,1,1,CC(CC1CC1)C(C)=O
1,0,1,1,0,1,1,0,1,0,1,2,1,0,0,1,0,1,0,0,0,0,1,0,0,0,0,0,0,0,0,0,0,2,2,0,1,1,CC(CC1CO1)C(C)=O
1,0,1,1,1,1,1,0,0,0,1,0,1,0,0,2,0,1,0,0,0,0,1,0,0,1,0,1,0,0,0,0,0,1,1,0,1,1,NC(=O)C(O)CC1CO1
1,0,1,0,0,1,0,0,1,1,3,1,1,0,0,0,2,1,0,1,0,0,1,0,0,0,0,0,0,0,0,0,0,1,2,0,2,0,CC(CC1CO1)C1CC1
1,0,1,0,0,2,0,0,0,0,2,0,1,0,0,1,0,1,0,0,0,1,1,0,1,1,0,2,0,1,0,0,0,1,1,0,2,0,OC(CC1CO1)C1CN1
1,0,0,0,0,0,1,1,1,1,3,1,1,0,0,1,2,1,0,1,0,1,1,0,0,0,0,0,1,0,0,0,0,0,0,0,1,0,CC(CC1CCC1)C#C
2,0,0,0,0,1,1,0,0,1,3,0,1,0,0,2,2,1,0,1,0,1,1,0,0,0,0,1,1,0,0,0,0,0,0,0,1,0,OC(CC1CCC1)C#C
2,0,0,2,0,0,0,1,2,0,0,2,2,0,0,0,1,1,0,0,1,0,1,0,0,0,0,0,0,3,0,1,0,0,1,0,0,1,CC(CC=O)C(C)C#N
2,1,0,1,0,0,1,0,1,0,0,1,1,0,0,1,1,1,0,0,0,1,1,0,0,0,0,1,0,1,0,1,0,0,1,0,0,1,CC(CC=O)C(O)C#C
2,0,0,2,0,0,0,1,1,0,0,1,0,0,0,1,1,2,0,1,1,0,1,0,0,0,0,1,0,1,0,2,0,0,1,0,0,1,CC(CC=O)C(O)C=O
1,0,0,3,0,1,0,1,1,0,2,2,0,1,0,1,0,2,0,0,0,1,1,0,0,0,0,0,0,1,0,1,0,0,0,1,0,1,CC(CC=O)C1(C)CC1
1,0,0,1,1,0,0,0,1,1,1,2,0,0,0,1,0,1,0,0,0,0,1,2,0,0,0,0,0,1,1,1,1,0,0,0,2,1,CC(CC=O)C1CC1O
1,0,0,1,0,0,0,0,1,1,1,2,0,0,0,1,1,1,0,0,0,0,1,0,0,0,1,1,0,1,0,1,0,0,1,0,2,1,CC(CC=O)N1CC1C
1,0,0,1,1,0,0,0,1,1,1,1,1,1,0,1,0,1,0,0,0,0,0,2,1,0,0,0,0,1,1,1,0,0,0,0,2,0,CC(NC=O)C1CC1O
1,0,0,1,0,0,0,0,1,1,4,2,0,0,0,1,2,1,0,1,0,0,1,0,0,0,0,0,0,1,0,1,0,0,0,0,1,1,CC(CC=O)C1CCC1
1,0,2,1,1,1,0,0,1,1,3,2,0,0,0,0,0,1,0,1,0,0,1,0,0,0,0,1,0,1,0,1,0,0,0,0,1,1,CC(CC=O)C1COC1
1,0,0,1,0,0,0,1,1,1,2,1,0,1,0,0,2,2,0,1,1,0,1,0,0,0,0,0,0,1,0,1,0,0,0,0,1,0,CC(CC1CC1)NC=O
1,0,1,1,0,1,0,1,1,0,1,1,1,1,0,0,0,2,0,0,1,0,1,0,0,0,0,0,0,1,0,1,0,1,1,0,1,0,CC(CC1CO1)NC=O
1,0,1,1,0,1,0,0,1,0,1,1,1,0,0,0,0,2,0,0,0,0,2,0,0,0,0,0,0,1,0,1,0,1,1,0,2,1,CC(CC=O)CC1CO1
1,0,0,1,0,0,0,1,0,1,3,0,0,0,0,1,2,2,0,1,0,0,2,0,0,0,0,1,0,1,0,1,0,0,0,0,1,1,OC(CC=O)CC1CC1
1,0,1,1,0,1,0,1,0,0,2,0,1,0,0,1,0,2,0,0,0,0,2,0,0,0,0,1,0,1,0,1,0,1,1,0,1,1,OC(CC=O)CC1CO1
1,0,0,0,1,1,0,1,1,0,1,2,2,0,0,0,0,0,0,0,1,0,2,0,2,1,0,1,0,2,0,0,0,0,0,0,1,0,CC(NCC#N)C1CN1
1,0,0,0,0,1,1,0,1,0,2,1,1,0,1,0,0,0,1,0,0,1,1,0,1,1,0,1,1,1,0,0,0,0,0,0,1,0,CC(OCC#C)C1CN1
1,0,0,1,0,0,1,1,1,1,0,1,2,0,1,0,0,0,0,0,0,1,3,0,0,0,0,1,1,1,0,1,0,0,1,0,0,0,CC(CCC#N)CC#C
1,0,0,2,0,0,1,0,1,1,0,1,1,0,1,0,0,1,0,0,0,1,3,0,0,0,0,1,0,1,0,1,0,0,0,0,1,1,CC(CCC#C)CC=O
0,0,0,1,2,0,1,0,0,0,1,1,1,1,0,1,0,0,0,1,0,1,0,0,0,0,0,1,1,0,0,1,1,0,1,1,1,0,CC1(C#C)C2N1CC2=O
0,1,0,3,0,0,1,0,0,1,0,0,1,1,0,1,1,1,0,1,0,1,0,2,0,1,0,0,1,0,0,0,0,0,0,1,2,0,OC1(C#C)C2NC(=O)C12
0,1,0,2,0,1,0,0,0,0,1,1,0,1,0,1,1,0,0,2,2,0,0,0,0,1,1,0,3,0,0,0,0,0,0,1,1,0,CC1(O)C(=O)CNC1=O
0,0,1,1,0,1,1,0,1,0,0,2,1,1,0,0,0,1,0,1,0,1,0,1,0,0,0,0,1,0,0,0,1,1,0,2,1,0,CC1(C)C(OC1=O)C#C
0,1,1,1,0,1,1,0,0,0,0,1,1,2,0,1,0,1,0,1,0,1,0,0,0,0,0,0,1,0,0,0,1,1,0,1,1,0,CC1(O)C(OC1=O)C#C
0,1,0,2,0,0,0,0,0,0,2,1,0,1,0,1,2,0,2,0,0,0,0,0,0,0,0,2,1,0,0,0,2,0,0,1,4,0,CC1(O)C2C1C1CCC21
0,1,0,0,1,0,0,1,0,1,1,2,0,2,0,2,1,0,0,0,0,0,0,0,0,0,0,1,0,1,0,1,1,0,0,2,2,0,CC1(O)C2C3CN3C12C
1,0,1,0,0,1,1,0,0,0,2,2,0,2,0,1,0,0,0,0,0,0,0,1,0,1,1,0,1,0,0,1,0,0,1,2,1,0,CC1(C)N2CC11OCC21
0,1,0,2,1,1,0,0,0,0,2,2,0,1,0,0,1,1,0,1,0,0,0,1,0,1,0,0,1,0,0,0,0,0,0,2,2,0,CC1(C)C2CC1C(=O)N2
0,1,0,0,1,1,0,1,1,0,2,1,0,1,0,1,0,0,0,0,0,0,0,0,1,0,1,0,2,0,0,0,1,1,0,1,2,0,CC1(O)C2CC1C(=N)O2
0,2,0,2,1,1,0,0,0,0,2,1,0,1,0,1,1,0,0,1,0,1,0,1,0,1,0,0,2,0,0,0,0,0,0,1,2,0,CC1(O)C2CC1C(=O)N2
0,1,0,1,1,1,0,1,0,0,2,1,0,1,0,1,2,0,0,1,0,0,0,0,1,0,1,0,2,0,0,0,1,0,0,1,2,0,CC1(O)C2CC1C(=O)O2
1,1,0,0,1,1,0,0,0,0,2,1,0,1,0,1,0,0,2,0,0,0,0,0,0,0,0,2,1,0,0,0,2,0,1,1,4,0,CC1(O)C2OC1C1CC21
1,1,1,0,1,1,1,0,0,0,0,1,1,1,0,1,0,0,0,1,0,1,0,0,0,0,0,0,2,0,0,0,0,0,1,1,3,0,CC1(O)C2OC1C2C#C
1,1,0,0,1,1,0,0,1,0,1,1,0,1,0,1,0,0,1,0,0,0,0,1,0,0,0,1,1,0,0,0,1,0,0,1,4,0,CC1(O)C2OC3CC2C13
0,1,0,0,0,1,1,0,0,1,1,2,0,2,0,1,0,0,0,0,0,0,0,2,1,1,1,0,0,1,0,0,0,0,1,2,1,0,CC1(C)C2CC=CC12O
0,1,1,1,0,1,0,0,0,1,1,1,0,1,0,1,1,0,0,2,0,0,0,1,0,0,0,0,2,0,0,0,0,2,0,1,2,0,CC1(O)C2COC(=O)C12
0,1,0,3,0,0,0,0,0,0,4,1,0,2,2,1,2,0,0,1,0,0,0,0,0,0,0,1,2,0,0,0,0,0,0,1,2,0,CC1(O)C2CCC1C2=O
0,1,1,1,0,1,0,0,0,0,2,1,1,1,0,1,0,1,0,1,0,0,0,0,0,1,0,1,2,0,0,0,0,0,0,1,3,0,CC1(O)C2COC1C2=O
1,0,0,1,0,1,1,0,0,0,1,2,0,1,1,0,0,1,0,0,0,1,0,2,1,0,0,0,0,1,0,1,0,0,0,2,1,0,CC1(C)C=CCC1C=O
1,1,1,3,0,1,1,0,0,0,2,2,0,2,0,0,0,0,0,2,0,0,0,0,1,0,0,0,1,0,0,0,0,1,0,2,0,0,CC1(C2(CC2)C(=O)O1)C
0,0,0,1,0,0,1,0,0,0,3,2,0,2,0,1,1,0,0,1,0,0,0,2,0,1,0,0,1,1,0,0,0,0,1,3,0,0,CC1(C=CCC(=O)N1)C
0,0,1,2,1,0,1,0,1,0,1,2,0,1,0,1,1,1,0,0,0,0,0,2,0,1,0,0,0,0,0,1,0,0,0,2,0,1,CC1(CN(C=C1)C=O)C
0,0,1,1,0,1,2,0,0,0,1,2,1,1,0,1,0,0,0,0,0,1,0,2,0,0,0,0,0,2,0,0,1,1,0,2,1,0,CC1(C)CC(C=C1)C#C
1,0,1,0,1,1,0,0,0,0,2,2,1,2,0,0,0,1,0,0,0,0,0,1,0,0,0,0,0,0,0,1,1,0,1,2,2,0,CC1(C)CC11C2CC1O2
0,0,0,1,0,0,0,1,1,0,2,4,0,2,0,1,0,1,0,0,0,0,1,0,0,0,1,0,1,0,0,2,0,0,0,2,1,0,CC1(C)CC2(CC12)C=O
0,1,0,1,0,1,0,0,0,1,1,1,0,1,0,2,1,0,0,1,0,0,0,1,0,0,0,0,1,0,0,0,1,1,0,2,2,0,CC1(O)CC2C1OC2=O
0,0,0,0,0,1,0,1,2,1,1,2,0,1,0,1,0,0,0,1,0,0,1,0,0,0,0,0,1,0,0,1,1,2,0,2,2,0,CC1(C)CC2OC(=N)C12
0,0,0,1,1,1,0,0,1,1,1,2,0,1,0,1,1,0,0,2,0,0,1,0,0,0,0,0,1,0,0,1,1,0,0,2,2,0,CC1(C)CC2OC(=O)C12
1,0,1,1,1,0,0,1,0,0,3,2,0,1,0,1,0,0,0,1,0,0,2,0,0,0,0,1,1,0,0,0,0,0,0,2,2,0,CC1(C)CC2CC1C2=O
1,1,0,1,1,0,0,0,0,0,3,1,0,1,0,2,0,0,0,1,0,0,1,0,0,0,0,2,1,0,0,0,0,1,0,1,2,0,CC1(O)CC2CC1C2=O
0,0,0,1,1,0,1,0,0,0,2,2,0,1,0,1,0,0,0,0,1,1,1,2,0,0,0,0,0,1,0,0,1,0,0,2,2,0,CC1(C)CC2CC2C=C1
1,0,0,1,0,2,1,0,1,0,1,2,0,2,0,1,0,0,0,0,0,0,0,3,0,0,0,0,0,1,0,0,1,0,0,2,2,0,CC1(C)CC2OC2C=C1
0,1,0,0,1,1,1,0,0,1,4,2,0,1,1,1,2,0,0,0,0,0,1,0,0,0,0,0,0,0,0,0,0,0,0,2,2,0,CC1(C)CC2CCC1C2
0,0,1,1,1,1,0,0,0,0,3,2,1,1,1,1,0,0,0,1,0,0,1,0,0,0,0,0,0,0,0,0,0,0,0,2,2,1,CC1(C)CC2COC1C2
0,0,0,1,0,0,0,0,0,0,3,2,0,2,0,1,1,0,0,0,0,0,1,1,0,0,0,0,2,0,0,0,1,0,1,3,1,1,CC1(C)CC2CCC2=C1
0,1,0,1,1,0,0,0,1,0,2,1,1,1,0,1,0,0,0,0,0,0,1,2,0,0,0,0,0,1,0,1,0,1,0,1,2,0,CC1(O)CC=CC2CC12
1,1,0,2,0,1,0,0,2,0,3,1,0,1,0,2,1,1,0,1,0,1,0,0,0,0,0,0,0,0,0,0,0,0,0,1,2,0,CC1(O)CCC2OC2C1
0,0,0,2,0,0,2,0,1,0,2,2,0,1,0,0,1,0,0,0,0,0,1,4,0,0,2,0,0,1,0,0,0,0,0,2,1,0,CC1(CCC=CC=C1)C
0,1,0,1,0,0,1,0,1,0,2,1,0,1,0,1,1,0,0,0,0,0,1,4,0,0,2,0,0,1,0,0,0,0,0,1,1,0,CC1(O)CCC=CC=C1
0,0,1,0,1,3,1,0,0,0,1,2,2,1,0,0,0,1,0,0,0,1,1,0,1,0,0,0,0,0,0,0,0,0,1,2,1,0,CC1(C)OCOC1C#C
0,0,0,1,0,0,1,1,1,0,1,1,1,1,0,1,0,0,0,1,1,1,0,1,0,1,1,0,1,0,0,0,0,0,0,3,0,0,CC1(N=CNC1=O)C#C
0,0,0,1,0,0,0,2,1,0,1,1,1,1,0,1,0,0,1,1,1,0,0,1,0,1,1,0,1,1,0,0,0,0,0,2,0,0,CC1(N=CNC1=O)C#N
0,1,0,0,3,3,1,0,0,0,2,1,1,2,1,1,0,0,0,0,0,1,1,0,0,0,0,0,0,0,0,0,0,0,1,0,2,0,OC1(CC#C)C2CC1C2
1,1,0,0,2,1,1,0,0,0,1,1,1,2,1,1,1,0,0,0,0,1,1,1,0,0,0,0,0,0,0,0,0,0,0,0,2,0,OC1(CC#C)C2CC1O2
0,1,0,1,0,1,1,0,0,0,1,2,1,2,1,0,0,0,0,1,0,1,1,0,0,1,0,0,1,0,0,1,0,1,0,1,0,0,CC1(CC#C)CC(=O)O1
0,0,1,2,0,0,2,0,0,0,1,3,2,2,1,1,0,0,0,0,0,2,1,0,0,0,0,0,0,0,0,0,0,0,1,2,1,0,CC1(CC#C)CC1C#C
0,0,0,1,0,0,1,1,0,0,1,3,2,2,1,1,0,0,0,0,0,1,1,0,0,0,1,0,0,1,0,0,0,0,1,2,1,0,CC1(CC#C)CC1C#N
0,0,1,2,0,0,1,1,0,0,1,2,2,2,0,1,0,0,0,0,0,1,1,0,0,0,0,0,0,2,0,0,0,0,1,1,1,0,CC1(CC#N)CC1C#C
0,0,0,2,0,0,1,0,0,0,1,2,1,2,1,1,0,1,0,0,0,2,1,0,0,0,0,0,0,0,1,1,1,0,0,2,1,0,CC1(CC#C)CC1C=O
0,0,0,1,0,0,1,0,2,1,1,2,1,2,1,2,0,1,0,0,0,2,1,0,0,1,0,0,0,0,0,1,0,0,0,1,0,0,CC1(CC#C)CN1C=O
0,0,0,2,0,0,0,1,0,0,1,1,1,2,0,1,0,1,0,0,0,1,1,0,0,0,0,0,0,2,1,1,1,0,0,1,1,0,CC1(CC#N)CC1C=O
0,0,0,1,0,0,0,1,2,1,1,1,1,2,0,2,0,1,0,0,0,1,1,0,0,1,0,0,0,2,0,1,0,0,0,1,0,0,CC1(CC#N)CN1C=O
1,0,0,1,0,1,1,0,2,0,1,2,1,2,1,1,0,0,0,0,0,1,1,0,0,0,0,0,0,0,0,0,0,0,0,2,2,0,CC1(CC#C)CC2OC12
0,1,0,1,0,1,2,0,0,0,2,1,1,2,1,1,1,0,0,0,0,1,1,2,0,0,0,0,0,1,0,0,0,0,0,0,1,0,OC1(CC#C)CCC=C1
1,2,0,0,0,2,1,0,0,0,2,2,1,2,1,0,0,2,0,0,0,1,1,0,0,0,0,0,0,0,0,1,0,0,4,1,0,0,CC1(OCCO1)CC#C
1,2,0,0,0,2,0,1,0,0,2,1,1,2,0,0,0,2,0,0,0,0,1,0,0,0,0,0,0,2,0,1,0,0,4,1,0,0,CC1(OCCO1)CC#N
0,0,1,0,0,1,1,0,0,0,2,1,4,1,1,0,0,0,0,0,0,1,1,1,0,0,0,0,1,0,0,0,1,0,1,1,1,0,CC1(CO1)C#CCC#C
0,1,1,2,1,0,1,0,0,0,3,0,1,1,0,1,0,0,0,0,0,1,1,0,0,0,0,0,0,0,0,1,1,0,0,2,3,0,OC1(CC1)C1CC1C#C
1,0,0,2,1,1,0,0,1,0,3,1,0,1,0,0,0,0,1,0,0,0,0,1,1,0,0,1,0,0,0,0,1,0,0,1,3,0,CC1(CC1)C1OC2CC12
0,0,1,0,0,2,2,2,0,0,3,1,0,1,0,0,0,0,0,0,0,0,0,2,2,1,0,0,0,2,0,0,0,0,1,1,1,0,CC1(CO1)C1CC=CC1
0,1,0,2,0,1,2,2,1,0,4,0,0,1,0,1,0,0,0,0,0,0,0,2,2,0,0,0,0,2,0,1,0,0,0,0,2,0,OC1(CC1)C1CC=CC1
0,1,1,1,0,1,0,0,1,0,2,0,1,1,0,2,0,1,0,0,0,0,0,0,0,0,1,0,0,0,1,1,1,0,1,0,2,0,OC1(CC1C1CO1)C=O
0,0,0,1,0,0,1,1,1,0,1,1,1,1,0,1,0,1,0,0,0,1,1,0,0,1,0,0,0,2,0,1,0,0,0,1,1,0,CC1(CC1CC=O)C#N
0,0,0,0,2,1,2,1,1,0,4,1,1,1,1,1,0,0,0,0,0,0,0,0,0,0,1,0,0,1,0,0,0,0,0,1,2,0,CC1(CC2CC1C2)C#N
0,0,0,0,1,1,1,1,1,0,3,1,1,1,0,1,0,0,0,0,0,0,0,0,0,1,0,2,0,2,0,0,0,0,0,1,2,0,CC1(CN2CC1C2)C#N
1,1,0,0,2,1,1,1,0,0,3,0,1,1,1,2,1,0,0,0,0,0,0,0,0,0,0,0,0,1,1,1,0,0,0,0,2,0,OC1(CC2CC1C2)C#N
0,1,0,3,1,0,0,0,0,2,5,0,0,1,0,2,2,0,0,0,1,0,1,0,0,0,0,0,1,0,0,0,0,0,0,0,1,1,C1CC(C1)CC2(CC2)O
0,1,0,3,1,1,1,0,0,1,4,0,1,1,0,1,1,1,0,0,0,0,1,0,0,0,0,0,0,0,0,0,0,1,0,0,1,0,OC1(CC2CCO2)CC1
0,1,2,3,1,1,0,0,0,2,4,0,0,1,0,1,0,0,1,0,1,0,1,0,0,0,0,1,0,0,0,0,0,0,0,0,1,0,C1CC1(CC2COC2)O
1,1,0,3,0,0,1,0,1,2,3,0,1,1,1,1,0,0,0,0,0,1,2,0,0,0,0,0,0,1,0,1,0,0,0,0,0,0,C#CCCC1(CCC1)O
0,0,1,1,0,0,2,1,1,0,2,1,2,1,1,0,2,0,0,0,0,1,0,0,0,0,0,0,0,1,0,0,0,1,0,1,1,0,CC1(CCC1C#C)C#N
0,0,1,1,0,0,2,1,1,0,1,1,2,2,0,0,0,0,0,0,0,1,0,0,0,1,0,1,1,1,0,0,0,0,0,1,1,0,CC1(CNC1C#C)C#N
0,0,0,1,0,0,1,2,1,0,1,1,2,2,0,0,0,0,0,0,0,0,1,0,0,1,0,1,1,2,0,0,0,0,0,1,1,1,CC1(CNC1C#N)C#N
0,1,0,0,0,0,2,1,0,0,1,0,2,1,0,1,0,0,0,0,0,1,0,0,1,1,0,2,1,1,0,1,0,0,0,0,1,1,OC1(CNC1C#N)C#C
0,1,1,1,0,0,1,0,0,0,1,0,1,1,0,1,0,1,0,0,0,1,0,0,0,1,1,1,1,0,0,1,0,1,1,0,1,0,OC1(CNC1C#C)C=O
0,1,0,1,0,0,0,1,0,0,1,0,1,1,0,1,0,1,0,0,0,0,0,0,0,1,1,1,1,1,0,1,0,1,1,0,1,1,OC1(CNC1C#N)C=O
0,0,0,2,0,1,1,1,1,0,2,1,1,1,0,0,1,1,0,0,0,1,0,0,0,0,0,0,0,1,0,1,0,1,0,1,1,0,CC1(CCC1C=O)C#N
1,0,1,1,0,1,1,1,0,0,1,1,1,2,0,0,0,1,0,0,0,1,0,0,0,0,0,0,0,1,0,1,1,0,1,1,1,0,CC1(OCC1C=O)C#N
1,0,0,1,0,1,2,0,1,0,2,1,1,1,0,0,1,1,1,0,0,1,0,0,0,0,0,0,0,0,0,0,0,1,0,1,2,0,CC1(CCC2OC12)C#C
1,0,0,1,0,1,1,1,2,0,2,1,1,1,0,0,1,1,1,0,0,0,0,0,0,0,0,0,0,1,0,0,0,1,0,1,2,0,CC1(CCC2OC12)C#N
1,0,1,0,1,2,1,1,1,0,1,1,1,2,0,0,0,0,0,0,1,0,0,0,0,0,0,0,0,1,0,0,0,0,1,1,2,0,CC1(OCC2OC12)C#N
1,0,0,1,0,1,1,1,1,0,3,0,1,1,0,1,1,1,1,1,0,0,0,0,0,0,0,0,0,1,0,0,0,0,0,0,2,0,NC1(CCC2OC12)C#N
1,1,0,1,0,1,1,0,1,0,2,1,1,1,0,1,1,1,1,0,0,1,0,0,0,0,0,0,0,0,0,1,0,0,0,0,2,0,OC1(CCC2OC12)C#C
1,1,0,2,0,1,0,1,1,0,2,1,1,1,0,1,1,1,1,0,0,0,0,0,0,0,0,0,0,1,0,1,0,0,0,0,2,0,OC1(CCC2OC12)C#N
1,1,0,3,0,1,0,0,1,0,2,0,0,1,0,1,1,2,1,0,0,0,0,0,0,0,1,0,0,0,0,1,0,0,1,0,2,0,OC1(CCC2OC12)C=O
1,1,0,2,1,0,0,0,0,1,4,0,0,1,0,1,2,1,2,0,0,0,2,0,1,0,0,0,0,0,0,0,0,0,0,0,1,0,C1CC1OCC2(CC2)O
0,1,1,1,0,1,1,0,0,0,3,0,1,1,0,1,2,0,0,0,0,0,1,2,0,0,0,0,0,1,0,0,0,0,1,0,2,0,OC1(CCC=C1)C1CO1
0,0,0,3,0,1,1,0,1,0,2,1,1,1,0,0,0,1,0,1,0,1,0,0,1,0,0,0,1,1,0,0,0,1,0,1,0,0,CC1(CCOC1=O)C#C
0,0,0,2,1,1,1,0,0,0,2,1,1,1,0,0,0,0,0,1,0,1,0,0,0,2,1,0,1,1,0,0,0,0,0,1,0,1,CC1(NCCC1=O)C#C
0,0,1,1,0,1,1,0,0,0,0,2,1,2,0,0,0,0,0,1,0,1,1,0,0,0,0,0,2,0,0,0,1,1,0,1,2,1,CC12C(OC1=O)C2C#C
0,1,1,1,0,1,1,0,0,0,0,1,1,1,0,1,0,0,0,1,0,1,0,0,0,0,0,0,1,0,1,1,1,1,0,0,2,1,OC12C(OC1=O)C2C#C
0,1,1,1,0,0,0,0,0,0,0,1,0,1,0,1,2,0,0,1,1,0,0,1,0,0,0,2,1,0,0,0,0,1,1,2,3,0,CC12C3N1C=NC2C3=O
1,1,0,1,0,0,0,0,1,1,0,1,0,1,0,1,0,0,0,1,1,0,0,1,0,1,1,0,1,0,0,0,0,0,1,2,3,0,CC12C3N=CN1C(=O)C23
1,0,0,2,1,1,0,0,1,0,2,1,0,1,0,1,0,0,0,1,0,0,1,0,0,0,0,1,2,0,0,1,0,0,0,1,2,0,CC12C3CC(CN13)C2=O
1,0,0,1,0,0,0,0,0,0,2,3,1,2,0,1,1,0,0,1,0,0,0,0,0,1,0,1,1,0,0,1,0,0,0,2,1,0,CC12C3N1CC2(C)C3=O
0,1,1,1,1,1,0,0,0,0,3,2,0,1,0,1,0,0,0,2,0,0,0,0,0,0,0,1,1,0,0,0,0,0,1,1,2,0,CC12C3CC1C(=O)N2C3
1,1,1,0,0,1,0,0,1,0,1,2,1,2,0,1,0,0,0,0,1,0,0,0,0,0,0,1,1,0,0,0,0,1,0,1,2,0,CC12C3CN1C(=N)C2O3
1,1,2,1,0,1,0,0,0,0,1,2,0,2,0,1,0,1,0,1,0,0,0,0,0,0,0,1,1,1,0,0,0,0,0,1,2,0,CC12C3CN1C(=O)C2O3
0,1,1,0,1,0,1,0,0,0,1,1,1,1,0,2,0,1,0,0,0,1,0,0,0,0,0,1,1,0,0,1,0,0,0,1,3,0,CC12C3C(C#C)C1CN23
1,0,1,0,1,1,1,0,0,0,1,1,1,1,0,0,0,0,1,0,0,1,0,0,0,0,0,0,1,0,0,0,0,1,1,1,4,0,CC12C3OC1C(C#C)C23
1,1,0,2,1,0,0,0,0,1,1,1,0,1,0,0,2,0,0,1,0,0,0,0,0,1,0,0,1,0,0,0,0,1,0,3,3,0,CC12C3CC1NC(=O)C23
0,1,0,1,0,1,0,0,0,0,1,1,0,1,0,1,1,0,0,1,0,0,0,0,0,0,0,3,1,1,0,1,1,0,0,1,2,0,CC12C3N1CC2OC3=O
1,1,0,0,1,1,0,0,0,0,3,1,1,1,1,1,0,2,0,0,0,0,0,0,0,0,0,0,0,0,0,1,0,0,0,1,3,1,CC12C3CC1OCCN23
0,0,0,1,0,2,0,0,1,0,1,2,0,1,0,1,0,0,0,1,0,0,0,0,0,0,0,2,1,1,0,1,1,1,0,2,2,0,CC12C(OC1=O)C1CN21
0,1,0,1,1,0,1,0,0,0,1,0,0,1,0,1,1,0,0,1,1,0,0,0,1,2,0,0,1,0,1,0,1,0,0,0,3,0,OC12C3CC3C1NC2=O
0,2,0,1,1,1,0,0,0,0,1,1,0,1,0,1,0,0,0,1,0,0,0,0,0,1,0,1,1,0,1,0,2,1,0,0,3,0,OC12C3CC3C1OC2=O
1,0,1,0,0,0,2,1,0,0,1,1,1,1,0,1,0,0,0,0,0,1,0,2,1,0,0,0,0,1,0,1,0,0,0,1,2,0,CC12C=CCN1C2C#C
0,1,0,1,0,1,1,1,0,0,3,0,0,1,0,1,1,0,0,1,0,0,0,2,1,0,0,0,1,1,1,1,0,0,1,0,1,0,OC12C=CCC1CC2=O
0,1,0,0,0,0,1,0,1,0,1,0,0,1,0,1,1,0,0,0,0,0,0,2,1,1,0,0,1,1,1,1,0,1,0,1,1,0,OC12C=CCC1NC2=N
0,1,0,1,0,0,1,0,0,0,1,0,0,1,0,1,1,0,0,1,1,0,0,2,1,1,0,0,1,1,1,1,0,0,0,0,1,0,OC12C=CCC1NC2=O
0,1,0,1,0,1,1,0,0,0,1,0,0,1,0,1,0,0,0,1,0,0,0,2,1,1,0,0,1,1,1,1,1,1,0,0,1,0,OC12C=CCC1OC2=O
0,1,0,1,1,1,0,0,0,1,1,1,0,1,0,0,1,1,0,2,0,0,0,0,0,0,1,0,1,0,0,0,1,0,0,1,3,0,CC12OC(=O)C1C1CC21
0,0,0,2,0,0,1,0,0,0,2,1,0,1,0,0,0,0,1,1,0,0,0,2,1,1,0,0,1,1,0,0,0,0,1,2,1,1,CC12NC(=O)C1CC=C2
1,0,0,1,0,1,0,0,0,0,4,1,0,1,1,2,1,0,0,1,0,0,1,1,0,0,0,0,1,0,0,1,0,0,0,1,1,0,CC12CC(C1)C(=O)OC2
0,1,1,1,0,0,1,0,0,0,3,0,1,1,0,4,0,0,0,0,1,1,1,1,1,0,0,0,0,0,0,0,0,0,0,1,2,0,OC12CC(C1)C(C2)C#C
1,0,0,0,0,1,2,1,0,0,2,1,1,2,0,2,0,0,0,0,0,0,2,0,1,0,0,0,0,1,0,1,0,0,0,1,1,0,CC12CC(C1)C2(N)C#N
0,1,0,1,0,0,0,2,0,0,2,1,0,1,1,3,1,1,0,0,0,0,0,1,0,0,0,1,1,0,0,2,0,0,0,1,1,0,CC12CC(C1)C=C2C=O
0,0,0,1,0,0,1,0,0,0,4,1,0,1,0,2,1,0,0,0,0,0,0,2,0,0,0,1,0,1,0,0,1,0,0,1,3,1,CC12CC(C1)C=CCC2
0,0,0,0,1,0,1,1,0,0,4,1,0,1,1,2,0,0,0,0,0,0,0,2,1,1,0,0,0,2,0,0,0,1,0,1,1,0,CC12CC(C1)CC=CC2
1,1,0,1,1,1,1,0,0,1,1,1,0,1,0,1,1,0,0,1,0,0,1,2,0,0,0,0,1,0,0,0,0,0,0,1,1,0,CC12CC(C=C1)C(=O)O2
0,0,1,1,0,0,0,0,0,0,2,2,0,1,0,1,0,1,0,1,0,0,1,1,0,1,0,0,1,1,0,0,0,0,1,2,1,0,CC12CC(N=CN1)C2=O
1,0,1,1,0,2,0,1,0,0,4,1,0,2,0,1,1,1,0,0,0,0,0,0,0,0,0,0,1,0,0,0,0,0,1,1,1,0,CC12CC(CC1)C21CO1
0,0,1,1,0,0,1,0,0,0,1,1,0,1,0,1,1,1,0,1,1,0,0,2,0,1,0,0,1,0,0,0,0,0,1,1,1,0,CC12CC(NC1=O)C=C2
0,1,0,1,0,0,1,0,0,0,1,0,0,1,0,2,1,1,0,1,1,0,0,2,0,1,0,0,1,0,0,0,1,1,1,0,1,0,OC12CC(NC1=O)C=C2
0,0,1,1,0,1,1,0,0,0,2,1,0,1,0,1,0,0,0,1,0,0,1,2,2,1,0,0,1,1,0,0,0,0,0,1,1,0,CC12CC(CC=C1)C2=O
0,1,0,1,0,1,1,0,1,1,2,0,0,1,0,2,0,0,0,1,0,0,1,2,2,0,0,0,1,1,0,0,0,0,0,0,1,0,OC12CC(CC=C1)C2=O
0,1,0,1,0,0,1,0,0,0,4,1,0,2,0,1,1,0,0,0,0,0,0,2,1,0,0,0,0,1,1,1,0,0,0,1,1,0,CC12CC1(O)C=CCC2
0,1,1,0,0,1,1,0,0,0,2,1,1,3,1,1,0,0,1,0,1,1,1,0,0,0,0,0,0,0,0,1,0,0,1,0,0,0,OC12CC1(CC#C)OC2
0,0,0,1,0,0,1,0,0,0,1,1,2,2,0,0,1,0,0,1,1,1,2,0,0,1,0,1,1,0,0,1,0,0,0,2,0,0,CC12CC1(NC2=O)C#C
0,0,0,1,0,1,1,1,0,0,4,1,1,2,0,0,0,1,0,0,1,0,0,0,1,0,1,0,0,1,0,1,0,0,1,1,0,0,CC12CC1(CCO2)C#N
0,2,0,1,1,1,0,0,1,0,2,1,0,1,0,1,1,0,0,1,0,0,0,1,0,0,0,0,2,0,0,0,0,1,0,1,1,0,CC12CC1C(=O)C(=N)O2
0,2,2,1,0,0,1,0,0,0,2,0,1,1,0,2,0,0,0,1,0,1,0,0,0,0,0,2,1,2,0,0,0,0,0,0,2,0,OC12CC1C(=O)C2C#C
0,1,0,1,0,0,0,1,1,0,2,0,0,2,0,2,0,0,0,1,1,0,2,1,0,1,0,0,2,0,0,0,0,1,0,0,1,0,OC12CC1C(=N)NC2=O
0,1,0,1,0,1,0,0,1,0,4,0,0,1,0,2,0,1,0,1,0,0,0,0,0,0,0,1,1,1,2,0,0,1,0,0,2,0,OC12CC1C(=N)OCC2
0,1,0,0,0,0,1,0,0,0,3,1,1,1,0,2,0,1,1,0,0,1,0,1,1,0,0,0,1,0,0,0,0,1,0,1,1,0,CC12CC1C(=CC2)C#C
0,1,1,0,0,0,1,1,1,0,3,1,1,2,0,1,0,0,0,1,0,0,0,0,1,0,1,0,0,1,0,1,0,0,0,1,1,0,CC12CC1C(N)(C2)C#N
0,1,1,1,0,0,0,0,0,0,2,1,0,2,0,3,0,1,0,0,1,0,0,0,1,0,2,0,0,0,0,2,0,0,1,1,1,0,CC12CC1C(O)(C2)C=O
0,0,1,1,0,0,1,0,0,0,3,1,1,1,0,1,1,0,0,0,0,1,1,0,2,0,0,0,1,0,0,0,0,0,0,2,2,0,CC12CC1C(CC2)C#C
0,0,1,2,0,0,2,0,0,0,3,1,0,2,0,1,0,0,0,0,0,0,0,2,0,0,1,0,1,0,1,0,0,1,0,1,1,1,CC12CC1C1(CC1)C=C2
0,0,1,2,0,1,2,0,0,0,2,1,0,2,0,0,0,0,0,0,1,0,0,2,0,0,1,0,1,1,0,0,1,0,0,1,1,0,CC12OC1C1(CC1)C=C2
0,2,1,2,0,0,2,0,0,0,3,0,0,2,1,2,0,0,0,0,0,0,0,2,0,0,1,0,1,0,0,0,0,1,1,0,1,0,OC12CC1C1(CC1)C=C2
0,1,2,0,1,0,1,0,0,0,1,0,1,1,0,2,0,0,0,0,0,1,0,0,1,0,0,0,1,1,0,1,0,0,0,1,4,0,OC12CC1C1C(C#C)C21
0,1,1,1,0,1,0,0,0,0,1,0,0,1,0,2,1,1,0,1,0,0,0,0,0,1,0,0,1,1,0,0,1,0,0,2,3,1,OC12CC1C1C2OC1=O
0,1,0,1,1,1,1,0,0,1,2,1,0,1,0,1,1,0,0,1,0,0,0,0,1,0,0,0,1,0,0,0,1,0,0,1,3,0,CC12CC1C1OC(=O)C21
0,0,0,1,1,1,1,0,0,1,1,1,0,1,0,0,1,0,1,1,0,0,0,0,0,1,0,0,1,0,0,0,1,0,0,2,3,0,CC12NC1C1OC(=O)C21
0,1,1,1,1,1,1,0,0,1,2,0,0,1,0,2,1,0,0,1,0,0,0,0,0,0,0,0,1,0,0,0,2,0,0,1,3,0,OC12CC1C1OC(=O)C21
0,0,0,0,1,1,0,0,1,0,3,1,1,1,0,1,0,0,0,0,0,0,0,1,2,0,0,1,1,0,0,0,1,0,1,1,3,0,CC12CC1C1CC1OC2
0,0,1,1,0,0,0,1,0,0,0,1,0,2,0,1,1,2,0,0,0,0,0,0,1,2,1,1,0,0,0,1,1,0,0,1,2,0,CC12NC1C1NC21C=O
0,1,1,1,1,0,0,0,0,0,3,0,0,1,0,2,0,1,0,1,0,0,0,1,0,0,0,1,1,0,1,0,0,0,0,1,3,0,OC12CC1C1CC2C1=O
0,1,1,1,2,0,0,0,0,1,1,0,0,1,0,2,0,0,0,1,0,0,0,1,0,1,0,1,1,0,1,0,0,0,0,1,3,0,OC12CC1C1NC2C1=O
0,0,0,1,0,1,0,1,1,0,4,1,0,1,0,2,2,0,0,0,1,0,0,0,2,0,0,1,0,0,0,0,1,0,0,1,3,0,CC12CC1C1CCC1C2
0,0,1,1,0,1,1,0,1,0,3,1,0,1,0,1,2,0,0,0,0,0,0,0,1,1,0,0,0,0,0,0,1,0,0,1,3,0,CC12CC1C1CCC1O2
0,2,0,0,0,1,1,1,1,1,1,1,1,1,0,0,0,1,0,0,0,1,0,1,0,0,0,0,1,0,0,0,0,1,0,1,1,0,CC12CC(=CC1O2)C#C
0,1,0,0,0,0,1,1,1,0,2,1,1,1,0,1,0,1,0,0,0,1,1,2,1,0,0,0,1,0,0,0,0,0,0,1,1,0,CC12CC1C=C(C2)C#C
0,0,1,0,0,1,0,0,0,1,3,1,1,1,1,2,0,0,1,0,0,1,0,0,0,0,0,0,1,0,1,1,0,0,0,2,2,0,CC12CC1N=C1OCC21
0,0,0,1,0,1,0,0,0,0,3,1,1,1,0,1,0,1,1,0,1,0,0,1,1,0,0,0,1,0,0,0,1,0,1,2,1,0,CC12CC1N=COCC2
0,1,0,2,0,1,0,0,0,0,3,0,1,1,0,2,0,1,0,0,1,0,0,1,0,0,0,1,0,0,0,0,1,0,1,1,2,0,OC12CC1N=COCC2
0,0,0,1,0,1,0,0,1,0,4,1,0,1,0,2,0,0,0,1,0,0,0,1,1,1,0,0,1,1,0,0,0,0,0,1,2,0,CC12CC1CC(=O)NC2
0,0,0,2,1,0,0,0,0,0,3,1,0,1,0,2,1,0,0,1,1,0,0,0,1,1,0,0,1,0,1,0,1,0,0,1,1,0,CC12CC1NC(=O)CC2
1,0,1,0,1,1,1,0,0,0,3,1,1,1,0,2,0,0,0,0,0,1,1,1,2,0,0,0,0,0,0,0,0,0,0,1,2,0,CC12CC1CC(C2)C#C
1,0,0,1,1,1,0,0,0,0,3,2,0,1,0,2,0,1,0,0,0,0,0,2,2,0,0,0,0,0,0,1,0,0,0,1,2,0,CC12CC1CC(C2)C=O
0,0,0,1,0,1,0,0,1,0,3,1,0,1,0,2,0,1,1,0,0,0,0,1,1,1,0,1,0,0,0,1,0,0,0,1,1,0,CC12CC1CN(C2)C=O
1,0,0,0,2,1,0,0,0,0,4,1,0,1,0,2,0,1,0,0,2,0,0,1,2,0,0,0,0,0,0,0,0,0,0,1,3,0,CC12CC1CC1CC1C2
2,0,0,1,1,2,0,0,2,0,3,1,0,1,0,3,0,0,0,0,0,0,0,1,2,0,0,0,0,0,0,0,0,0,0,1,3,0,CC12CC1CC1OC1C2
0,1,0,1,1,1,0,0,2,0,1,1,0,2,0,2,1,1,1,0,0,0,0,1,0,0,0,0,0,0,0,1,0,0,0,2,1,0,CC12OC1CC2(O)C=O
1,0,0,0,0,1,1,0,0,0,2,1,1,1,0,1,0,0,1,0,0,1,0,1,1,0,1,0,1,0,1,0,0,0,0,1,1,0,CC12CC1CC=C2C#C
1,1,1,0,0,1,1,0,0,0,3,0,1,1,0,2,0,0,1,0,1,1,0,1,1,0,0,0,1,0,1,0,0,0,0,0,1,0,OC12CC1CC=C2C#C
0,1,0,1,0,2,0,1,0,0,2,1,0,1,1,2,0,1,0,0,0,0,0,1,1,0,0,0,1,0,1,1,0,0,0,1,1,0,CC12CC1CC=C2C=O
0,1,0,2,0,0,0,1,0,0,3,1,0,1,0,2,0,1,0,0,0,0,0,2,1,1,0,0,1,0,0,1,0,1,0,1,0,0,CC12CN1CC=C2C=O
0,1,0,1,0,2,0,1,0,0,1,1,1,1,0,1,0,1,0,1,0,0,0,1,1,0,0,0,1,0,0,1,0,0,0,1,1,0,CC12OC1CC=C2C=O
0,2,0,1,0,2,0,1,0,0,2,0,0,1,0,3,0,1,0,0,1,0,0,1,1,0,0,0,1,0,1,1,0,0,0,0,1,0,OC12CC1CC=C2C=O
0,0,0,1,0,1,0,1,0,0,2,1,0,1,0,1,0,0,0,2,0,0,1,2,1,0,0,0,1,1,0,0,0,1,0,1,1,0,CC12CC1CC=CC2=O
0,1,0,1,0,1,0,1,0,0,2,0,0,1,0,2,0,0,0,1,1,0,1,2,1,0,0,0,1,1,0,0,0,0,1,0,1,0,OC12CC1CC=CC2=O
0,1,0,0,0,1,1,1,1,0,2,1,0,1,0,1,0,0,0,0,0,0,0,4,1,0,2,0,0,1,0,0,0,0,0,1,1,0,CC12CC1CC=CC=C2
0,1,0,0,0,1,1,1,1,0,2,0,0,1,0,2,0,0,0,0,0,0,0,4,2,0,2,0,0,1,0,1,0,0,1,0,1,0,OC12CC1CC=CC=C2
0,0,0,1,0,1,1,1,0,0,4,1,0,1,0,1,1,0,0,0,0,0,0,3,2,0,0,0,0,2,0,0,0,0,0,1,2,0,CC12CC1CC=CCC2
0,1,0,1,0,1,1,1,0,0,4,0,0,1,0,2,1,0,0,1,0,0,0,2,1,0,0,0,0,2,0,0,0,0,0,1,3,0,OC12CC1CC=CCC2
1,0,0,1,0,1,1,0,1,1,2,1,0,2,0,1,2,0,2,0,0,0,0,0,0,1,0,0,0,0,0,0,0,0,0,1,3,0,CC12NC1CCC1OC21
0,0,1,0,0,1,1,1,0,0,2,1,1,2,1,1,0,0,0,0,0,0,0,0,1,1,0,1,0,1,0,0,0,0,0,0,2,1,NC12CC1CNC2C#N
0,1,1,0,0,1,0,1,0,1,2,1,1,1,0,2,0,0,0,0,0,0,0,0,1,1,0,1,0,1,0,0,1,0,0,0,2,1,OC12CC1CNC2C#N
1,1,1,0,0,1,1,0,0,0,2,2,0,2,0,2,1,0,0,0,0,0,0,0,1,0,0,0,1,0,0,1,0,0,0,1,2,0,CC12CC3(O)C(C1)OC23
0,1,1,0,1,1,0,0,0,0,3,1,0,2,0,2,1,0,0,0,0,0,1,1,1,1,1,0,0,0,0,1,0,0,0,1,2,0,CC12CC3(O)C(CC13)C2
2,2,1,1,0,1,1,0,0,0,2,1,0,2,0,3,0,0,0,1,0,0,0,0,0,0,0,0,1,0,0,1,0,0,0,0,3,0,OC12CC3(O)C(C1)OC23
0,0,1,0,0,0,1,0,0,0,3,1,0,2,0,0,1,0,0,0,0,0,0,2,2,1,1,0,1,1,0,2,0,0,0,1,1,0,CC12CC3(C1)C=CCC23
0,0,0,0,0,1,0,0,0,0,4,1,0,2,0,0,1,1,1,0,0,1,0,0,1,0,1,0,1,1,0,2,0,0,1,1,1,0,CC12CC3(C1)OCCC23
0,1,1,2,0,1,0,0,0,0,4,0,0,2,0,3,0,0,0,0,0,1,0,0,0,0,1,0,0,0,0,2,0,0,1,0,2,1,OC12CC3(CC1)OCC23
0,0,0,1,0,0,0,0,0,0,2,2,0,2,1,2,1,0,0,2,0,0,0,0,1,0,1,0,2,0,1,0,0,0,0,2,1,0,CC12CC3C(=O)N1C23C
0,0,0,1,0,1,0,1,0,1,2,1,0,1,0,2,0,0,0,1,0,0,1,0,1,0,0,1,1,0,0,0,1,0,0,1,3,0,CC12CC3C(C1)C(=O)C23
1,0,0,1,0,1,0,0,1,0,3,1,0,1,0,2,1,1,0,0,0,0,0,0,1,0,0,1,0,0,0,0,1,0,0,1,3,0,CC12CC3C(CC1)OC23
0,1,1,2,0,0,0,0,0,1,1,2,0,1,0,2,1,0,0,1,0,0,0,0,0,1,0,0,1,0,0,0,1,0,0,1,4,0,OC12CC3C1NC(=O)C23
0,1,1,1,1,1,0,0,0,1,1,0,0,1,0,2,1,0,0,1,0,0,0,0,0,0,0,0,1,0,0,0,3,0,0,1,3,0,OC12CC3C1OC(=O)C23
0,1,0,1,1,0,0,0,0,0,4,0,0,1,0,4,0,0,0,0,2,0,0,2,1,0,0,0,0,0,1,2,1,0,0,0,3,0,OC12CC3CC(C1)C3C2
1,0,0,2,0,1,0,0,2,0,3,1,0,1,0,2,1,1,1,0,0,0,0,0,1,0,0,0,0,0,0,0,0,0,0,1,3,0,CC12CC3OC(CC1)C23
1,1,0,2,0,1,0,0,2,0,3,0,0,1,0,3,1,1,1,0,0,0,0,0,0,0,0,0,1,0,0,0,0,1,0,0,4,0,OC12CC3OC(CC1)C23
1,0,0,1,0,2,0,0,1,1,1,1,0,1,0,1,0,0,0,2,0,0,0,0,0,0,0,2,1,1,0,0,0,0,0,1,3,0,CC12CC3OC1C(=O)C23
0,0,0,1,1,1,0,0,2,1,2,1,0,1,0,0,1,0,1,1,0,0,0,0,0,0,0,1,1,0,0,0,0,0,1,1,3,0,CC12OC3CC1C(=O)C23
0,0,1,1,2,1,0,1,0,0,1,1,1,2,0,0,1,0,1,0,0,0,0,0,0,0,1,0,0,1,0,0,1,0,0,2,2,0,CC12OC3CC1C23C#N
1,0,0,1,1,0,0,0,0,1,2,1,1,1,0,1,0,1,0,1,0,0,1,0,0,0,0,1,1,0,0,0,0,0,0,1,3,0,CC12CC3CC1C2C3=O
1,1,1,1,1,0,0,0,0,1,2,0,2,1,0,2,0,0,0,2,0,0,1,0,0,0,0,1,1,0,0,0,0,0,1,0,3,0,OC12CC3CC1C2C3=O
0,1,1,1,0,0,0,1,0,1,1,1,1,1,0,2,0,0,0,1,0,0,0,0,1,1,1,1,1,0,0,0,0,0,0,0,4,0,OC12CC3NC1C2C3=O
0,1,1,1,0,1,0,0,1,0,2,1,0,2,0,1,1,1,1,0,0,0,2,0,0,0,0,0,0,0,0,0,0,0,0,1,3,0,CC12OC3CCC1(O)C23
0,1,2,0,0,1,0,0,0,0,2,1,1,2,0,2,0,0,1,0,1,0,0,0,1,0,0,0,0,0,0,0,0,0,1,1,2,1,CC12OCC3CC1(O)C23
1,1,1,1,0,1,1,0,0,0,1,0,0,1,0,1,0,0,0,0,0,0,0,2,0,1,1,0,0,1,0,1,0,0,1,0,3,0,OC12CC=CC1C1OC21
1,0,1,0,1,0,1,0,0,0,1,1,1,1,0,1,1,0,1,0,1,1,0,1,0,0,0,0,0,0,0,0,1,0,0,2,1,0,CC12CN=CN1C2C#C
1,0,0,0,1,0,0,1,0,0,1,1,1,1,0,1,1,0,1,0,1,0,0,1,0,0,0,0,0,1,0,1,1,0,0,2,1,0,CC12CN=CN1C2C#N
0,1,2,2,0,1,0,0,0,0,2,1,0,1,0,1,1,0,0,1,0,0,0,0,0,1,0,1,1,0,0,0,0,1,0,1,1,0,CC12CNC(C1)C(=O)O2
0,0,0,2,0,0,1,0,0,0,4,1,0,1,0,1,1,0,0,0,1,0,0,2,0,0,0,1,1,1,0,0,1,0,0,1,1,0,CC12CCC(C1)C=CC2
1,0,0,1,1,0,1,0,0,0,4,1,0,1,1,1,1,0,0,0,0,0,0,2,1,0,0,0,0,1,0,1,0,1,0,1,1,0,CC12CCC(C1)CC=C2
0,0,1,2,0,1,0,0,0,0,3,1,0,1,0,0,1,0,0,1,1,1,1,0,1,0,0,0,1,0,0,0,0,0,1,1,1,0,CC12CCC(CO1)C2=O
1,0,3,1,0,1,0,0,1,0,2,2,0,1,0,1,0,0,0,0,0,0,0,0,1,1,0,0,1,1,0,0,1,1,0,1,1,0,CC12CC(CN1)OC2=N
1,0,2,2,0,1,0,0,0,0,2,2,0,1,0,1,0,0,0,1,0,0,0,0,1,1,0,0,1,0,0,0,1,1,0,1,1,0,CC12CC(CN1)OC2=O
0,0,1,1,0,1,0,0,0,0,2,1,0,1,0,1,1,0,0,1,1,1,1,0,0,1,0,0,1,0,0,0,0,0,1,1,1,0,CC12CC(CO1)NC2=O
0,0,0,0,1,1,0,1,0,0,3,2,1,1,0,1,0,0,0,0,0,0,1,2,1,0,0,0,1,1,0,0,0,0,1,1,2,0,CC12OCC1=CC1CC21
0,1,0,1,0,1,0,1,0,0,4,1,0,1,1,0,0,1,0,0,1,0,0,1,0,0,0,0,1,0,1,0,0,0,1,1,1,0,CC12CCC1=CCCO2
0,1,0,1,1,1,1,0,1,0,1,0,0,1,0,1,0,0,0,1,1,0,0,2,0,1,0,1,1,0,0,0,0,0,1,0,1,0,OC12CNC1C(=O)C=C2
0,1,0,2,0,0,0,0,1,1,3,1,0,1,0,1,1,1,1,0,0,0,0,0,1,2,0,0,0,0,0,1,0,0,0,1,1,0,CC12CCC1N(C2)C=O
0,0,0,1,1,1,0,0,1,0,3,1,0,1,0,0,1,0,0,0,0,0,0,1,0,1,2,0,0,0,0,0,1,0,0,1,3,1,CC12CCC1C1CC1O2
0,1,0,0,0,0,0,1,0,0,1,1,1,2,1,1,0,0,0,0,0,0,0,1,0,1,0,1,1,1,0,0,1,0,0,1,1,1,CC12CNC1C2(O)C#N
0,0,1,0,0,1,1,1,0,0,1,1,1,2,0,1,0,0,1,0,0,0,1,0,0,0,1,0,0,1,0,1,0,0,1,1,1,0,CC12OCC1C2(N)C#N
0,0,1,2,0,1,0,0,0,0,5,1,0,2,0,1,0,0,1,0,0,0,0,0,0,0,1,0,0,0,0,1,1,0,1,2,1,0,CC12OCC1C21CCC1
0,0,1,1,0,2,0,1,0,0,3,1,0,2,0,1,0,1,1,0,0,0,0,0,0,0,1,0,1,0,0,0,0,0,2,1,1,0,CC12OCC1C21CCO1
0,1,0,1,0,1,1,0,0,0,3,0,1,1,0,1,2,0,0,1,1,0,0,1,0,0,0,0,0,0,0,0,1,0,1,1,2,0,OC12CCC1N=COC2
0,0,0,2,0,1,0,0,1,0,3,1,0,1,1,1,1,0,0,1,0,0,0,0,0,1,0,1,1,0,0,0,1,0,0,1,1,0,CC12CCC1CC(=O)N2
1,0,1,1,0,1,2,1,0,0,1,1,1,1,0,0,0,1,0,0,0,1,0,0,1,1,0,0,0,0,0,0,0,0,1,1,2,0,CC12NCC1OC2C#C
0,0,0,2,0,1,0,0,1,1,3,1,0,1,0,1,1,1,0,0,1,0,0,1,0,0,0,1,0,0,0,1,0,0,0,1,1,0,CC12CCC1CN2C=O
1,0,1,0,0,2,1,1,0,0,3,1,0,1,0,0,0,0,0,0,0,0,0,2,2,0,0,0,0,2,0,0,0,1,1,1,1,0,CC12CC=CCC1CO2
0,0,0,1,0,1,1,2,0,0,4,1,0,1,0,0,1,0,0,0,0,0,0,2,2,0,0,0,0,2,0,0,0,1,0,1,1,0,CC12CCC1CC=CC2
0,1,0,1,0,1,1,1,0,0,4,0,0,1,0,1,1,0,0,1,0,0,0,2,1,0,0,0,0,2,0,0,0,1,0,0,2,0,OC12CCC1CC=CC2
1,0,1,1,0,2,1,0,0,0,3,2,0,1,0,0,1,0,0,2,0,0,0,0,0,0,0,0,1,0,0,0,0,1,1,1,1,0,CC12OCC1CCC2=O
1,0,1,1,0,2,1,0,0,0,2,2,0,1,0,0,0,0,0,1,1,0,0,0,1,1,0,0,1,0,0,0,0,0,1,1,1,0,CC12OCC1CNC2=O
1,1,0,1,0,1,1,0,0,0,3,0,2,1,0,1,2,0,0,0,0,0,1,2,0,0,0,0,0,1,0,0,0,0,1,0,1,0,OC12CCC1OCC=C2
0,0,0,1,1,0,0,0,1,0,4,1,0,1,0,1,1,0,1,0,1,0,0,0,1,0,0,0,0,0,0,1,1,0,0,1,3,0,CC12CCC3C(CC13)C2
0,1,0,1,0,2,0,1,0,0,4,1,0,1,1,0,0,1,0,0,1,0,0,1,0,0,0,0,2,0,0,0,0,0,1,1,1,0,CC12CCC=C1CCO2
1,0,1,2,0,0,1,0,0,0,3,1,2,1,0,1,0,0,0,1,0,1,0,0,1,0,0,0,0,0,0,1,0,0,0,2,1,0,CC12CCCN1C2C#C
0,0,1,0,1,1,0,0,2,0,1,1,0,1,1,0,0,0,2,1,1,0,0,1,0,0,0,0,2,0,0,0,1,1,0,0,2,0,CC1=CC(=N)OC2CC12
0,0,1,0,1,1,1,0,2,0,1,0,0,0,1,0,0,0,2,0,1,0,0,1,0,1,0,0,2,0,0,1,1,1,0,0,2,0,NC1=CC(=N)OC2CC12
0,0,1,0,1,0,1,1,1,1,2,1,1,0,0,0,0,0,1,1,0,1,0,1,0,0,0,0,1,0,0,0,1,0,0,0,3,0,CC1=CC(C#C)C2CC12
0,0,1,1,0,0,1,1,0,0,0,1,1,0,0,0,1,0,0,2,1,1,0,1,0,1,0,0,2,2,0,0,0,0,1,0,1,0,CC1=CC(NC1=O)C#C
0,0,1,0,0,1,1,1,1,0,1,2,1,0,0,0,0,0,0,1,0,1,0,1,0,0,0,0,2,1,0,0,1,2,0,0,1,0,CC1=CC(OC1=N)C#C
0,0,1,1,1,1,1,1,0,0,1,1,1,0,0,0,0,0,0,2,0,1,0,1,0,0,0,0,2,1,0,0,1,1,0,0,1,0,CC1=CC(OC1=O)C#C
0,0,1,0,0,1,1,1,0,0,3,1,2,0,0,1,0,1,0,1,0,1,0,1,0,0,0,0,1,0,0,0,0,1,0,0,1,1,CC1=CC(OCC1)C#C
1,1,0,1,0,1,0,0,0,0,3,1,0,1,0,1,1,0,0,1,0,0,0,1,0,0,0,1,1,0,0,0,1,0,1,0,2,0,CC1=CC2(O)CCC2C1
0,0,0,1,0,1,0,0,0,0,1,1,0,1,0,1,0,1,0,1,0,1,0,0,0,0,1,1,1,1,1,1,1,0,0,3,1,0,CC1=NC2(CC2O1)C=O
0,0,0,0,1,0,1,2,0,0,1,1,1,1,0,1,0,0,1,2,0,0,0,3,0,1,1,0,1,1,0,0,0,0,1,0,1,0,CC1=CC2CC1(N2)C#N
0,0,1,1,1,3,1,2,0,0,2,1,2,0,0,0,0,0,0,1,1,0,0,1,0,0,0,1,1,0,0,0,0,0,0,0,2,0,CC1=CC2CC1OCO2
0,0,0,1,1,1,0,1,0,0,1,2,1,1,0,1,0,0,0,2,0,0,0,1,0,0,1,0,2,1,0,0,0,0,0,1,1,0,CC1=CC2CC2(C)C1=O
1,0,0,1,0,1,0,1,0,0,3,2,0,1,0,2,0,0,0,2,0,0,0,1,0,2,0,0,2,1,0,0,0,0,0,1,0,0,CC1=CN2CC2(C)C1=O
0,1,0,0,1,0,1,1,0,0,2,2,1,1,0,1,0,0,0,1,0,0,1,1,1,0,0,0,1,1,0,0,0,0,0,1,2,0,CC1=CC2CC2C1(C)O
0,0,0,1,1,0,0,2,0,0,1,2,0,0,0,0,1,0,0,2,1,0,1,1,0,1,0,0,2,1,0,0,0,0,1,0,2,0,CC1=CC2CC2NC1=O
0,0,0,0,1,1,0,1,2,0,1,3,1,0,0,0,0,0,0,1,0,0,1,2,0,0,0,0,2,1,0,0,1,1,0,0,2,0,CC1=CC2CC2OC1=N
0,0,0,1,1,1,0,1,1,0,1,2,1,0,0,0,0,0,0,2,0,0,1,2,0,0,0,0,2,1,0,0,1,0,0,0,2,0,CC1=CC2CC2OC1=O
0,0,0,0,2,1,0,2,1,0,3,1,2,0,0,1,0,1,0,1,0,0,1,2,0,0,0,0,1,0,0,0,0,0,0,0,2,0,CC1=CC2CC2OCC1
0,0,0,1,0,0,1,1,0,0,3,2,0,1,0,1,1,0,0,1,1,0,0,1,0,1,0,1,1,0,0,1,0,0,0,1,1,0,CC1=CC2CCC1(C)C2
0,0,1,0,0,1,0,1,0,0,2,2,0,1,0,1,0,0,0,1,0,1,0,1,0,0,0,2,1,0,1,0,0,0,1,1,1,0,CC1=CC2COC1(C)C2
0,0,0,0,1,1,1,1,1,0,3,1,1,0,0,0,2,0,0,1,0,0,1,1,0,1,0,0,1,0,0,0,0,0,1,0,2,0,CC1=CC2CCC2OC1
0,0,1,0,1,1,0,1,1,0,3,1,1,0,0,0,1,0,0,2,0,0,1,2,0,0,0,0,1,0,0,1,0,0,0,0,2,0,CC1=CC2COC2CC1
0,0,0,1,0,0,0,1,0,0,2,1,1,0,0,0,2,0,0,1,0,0,2,1,2,0,0,0,1,0,0,0,1,0,1,0,4,0,CC1=CC2CCC3C2C13
0,0,1,1,1,0,1,1,1,0,1,1,1,0,1,0,0,0,0,2,0,0,0,2,1,0,0,0,2,2,0,0,0,0,0,0,1,0,CC1=CCC(C#N)C1=O
0,0,0,0,0,1,1,1,0,0,2,1,1,1,1,0,0,0,0,1,0,1,1,0,0,0,0,0,1,0,0,1,1,1,0,1,1,0,CC1=NCC(CC#C)O1
0,0,2,1,0,1,1,1,0,1,3,1,1,0,1,0,0,0,0,1,0,1,1,0,0,0,0,0,1,0,0,0,0,0,0,1,1,0,CC1=NCC(CO1)C#C
0,0,0,1,0,1,0,0,0,0,2,1,1,1,1,1,0,1,0,1,0,0,0,1,1,0,1,0,1,0,1,1,0,0,1,0,1,0,CC1=CCC2CC12C=O
0,0,0,1,0,0,0,0,0,0,3,1,0,0,1,1,0,0,0,2,1,0,0,1,1,0,0,1,2,1,0,0,1,1,0,0,1,1,CC1=CCC2CN2C1=O
0,1,2,1,1,1,0,0,0,0,3,2,1,0,1,0,0,0,0,1,1,0,0,1,1,0,0,0,1,0,0,0,0,0,0,0,2,0,CC1=CCC2COC1C2
0,0,0,1,0,0,0,0,0,0,2,1,1,0,0,0,1,1,1,1,0,0,1,1,0,0,0,0,1,0,1,2,0,1,1,0,2,0,CC1=CCCC1OC=O
0,1,0,1,0,1,1,0,0,0,2,1,0,1,0,3,0,0,0,1,0,0,1,0,1,0,0,1,1,0,1,0,0,0,0,1,2,0,CC12CC(C1)C(=O)C2O
0,1,1,1,0,0,1,0,0,1,1,1,1,0,0,0,0,1,0,1,0,1,1,1,0,1,0,0,2,0,0,0,0,0,1,0,1,0,CC1C(=O)CC=C1C#C
0,1,0,1,0,1,0,0,0,1,1,2,0,1,1,1,1,0,0,1,0,0,1,0,0,0,1,0,1,0,0,0,0,0,0,1,1,1,CC1C(=O)OCC1(C)O
0,0,1,1,1,0,1,1,0,1,0,1,1,1,0,1,0,1,0,1,0,2,0,0,0,0,0,1,2,0,1,0,0,0,0,0,3,0,CC1C(C#C)C(O)C1=O
0,0,0,1,0,1,0,2,0,1,0,1,1,1,0,1,0,1,0,1,0,1,0,0,0,0,0,1,2,1,1,0,0,0,0,0,3,0,CC1C(C#N)C(O)C1=O
0,1,2,0,1,0,1,0,0,0,1,0,1,1,0,3,0,0,0,0,0,1,0,0,0,0,0,0,3,0,1,0,0,1,0,1,3,0,OC1C(C#C)C2CC12O
0,1,0,0,1,0,1,0,0,1,0,2,1,3,1,2,0,0,0,0,0,1,1,0,0,0,1,0,1,0,1,0,0,0,0,0,2,0,CC1C(O)C1(O)CC#C
1,0,0,1,0,1,2,0,2,1,2,1,0,0,0,1,2,1,1,0,0,0,0,0,0,0,0,0,0,0,1,0,0,0,0,0,4,0,CC1C2CCC(O2)C1O
1,0,0,1,0,1,2,0,2,0,2,0,0,0,0,2,2,2,0,0,0,0,0,0,0,0,0,0,0,0,2,0,0,0,2,0,4,0,OC1C2CCC(O2)C1O
0,0,0,2,0,1,0,0,0,0,2,0,0,1,0,1,1,2,0,0,0,0,0,0,0,0,0,0,1,0,1,1,1,2,1,1,2,0,OC1C(C=O)C11CCO1
0,0,0,2,1,0,1,0,0,0,0,0,1,1,1,1,1,0,0,1,0,1,1,0,0,1,0,0,1,1,1,0,0,0,0,1,2,0,OC1C(CC#C)NC1=O
1,0,0,3,0,0,0,0,0,2,0,2,0,0,1,1,1,1,0,1,0,0,0,0,0,1,0,0,1,0,1,0,0,0,1,0,2,1,CC1C(NC1=O)C(C)=O
0,0,1,1,0,1,0,0,1,2,0,2,0,0,0,1,1,1,0,0,0,0,0,0,0,1,0,0,2,0,0,0,1,1,1,0,2,1,CC1C(OC1=N)C(C)=O
0,0,1,2,0,1,0,0,1,0,1,0,1,1,0,1,1,0,0,1,0,0,1,1,0,1,0,0,1,1,1,0,0,0,0,0,3,0,OC1C(NC1=O)C1CO1
0,0,1,1,0,0,1,0,1,1,1,1,2,0,0,1,0,1,1,0,0,1,1,0,0,0,0,1,0,0,0,1,0,0,0,1,2,0,CC1C(CN1C=O)C#C
1,0,1,1,1,1,1,0,0,0,1,1,1,0,0,1,0,1,0,0,0,1,1,0,0,0,0,0,1,0,0,1,0,0,1,0,2,0,CN1C(CC1C#C)C=O
0,0,3,1,1,0,1,0,1,1,1,1,1,0,0,0,0,1,1,0,0,1,0,0,0,0,0,0,1,0,0,1,0,0,1,0,3,0,CC1C(OC=O)C1C#C
0,0,2,1,0,1,0,1,1,1,1,1,1,0,0,0,0,1,1,0,0,0,0,0,0,0,0,0,1,1,0,2,0,0,1,0,3,0,CC1C(OC=O)C1C#N
1,0,1,1,0,0,1,0,1,0,0,1,1,0,1,1,0,1,1,0,0,1,1,0,0,0,0,0,0,1,0,1,0,0,1,0,2,0,CN1C(CC=O)C1C#C
0,0,0,2,0,1,0,0,0,1,2,1,1,0,0,0,0,2,2,1,0,0,0,0,0,0,0,1,1,0,0,1,1,0,1,0,2,0,CC1C(CC1=O)OC=O
0,0,1,0,0,0,1,1,0,0,1,1,1,1,0,1,0,0,0,1,0,1,1,1,1,0,0,0,1,0,1,0,0,0,0,1,2,0,CC1=CCC(C#C)C1O
0,0,1,0,0,0,1,0,0,1,1,2,1,0,1,0,0,1,0,1,0,2,1,1,1,0,0,0,1,0,0,0,0,0,0,1,2,0,CC1C(CC=C1C)C#C
0,0,1,2,0,0,1,0,1,2,1,1,1,0,0,0,0,1,0,1,0,1,1,0,1,1,0,0,1,0,0,0,0,0,0,1,2,0,CC1C(CNC1=O)C#C
0,0,2,0,0,1,1,0,1,1,1,1,1,0,0,0,0,1,0,0,0,1,2,0,0,0,0,0,1,1,0,0,0,1,0,1,2,0,CC1C(COC1=N)C#C
0,0,2,1,0,1,1,0,0,1,1,1,1,0,0,0,1,1,0,1,0,1,1,0,0,0,0,0,1,1,0,0,0,0,0,1,2,0,CC1C(COC1=O)C#C
0,0,1,1,0,0,1,1,0,0,3,2,1,0,0,1,1,0,0,1,0,1,0,0,0,0,0,0,1,1,0,0,1,0,1,0,1,0,CN1C(CCC1=O)C#C
0,1,1,1,0,0,1,0,0,0,1,1,1,0,0,2,0,0,0,2,0,1,0,0,1,1,0,1,1,0,0,0,1,0,1,0,1,0,CN1C(CNC1=O)C#C
0,1,0,1,0,0,0,1,0,0,1,1,1,0,0,2,0,0,0,2,0,0,0,0,1,1,0,1,1,1,0,0,2,0,1,0,1,0,CN1C(CNC1=O)C#N
0,0,1,2,0,0,1,0,0,0,1,0,1,2,0,1,0,0,0,1,0,1,1,0,1,1,0,0,1,0,1,0,0,0,0,1,2,0,OC1C(CNC1=O)C#C
0,0,2,0,0,1,1,0,1,0,2,0,1,1,0,1,0,0,0,0,0,1,2,0,0,0,0,0,1,1,1,0,0,1,0,1,2,0,OC1C(COC1=N)C#C
0,0,1,0,0,1,0,1,1,0,2,0,1,1,0,1,0,1,0,0,0,0,1,0,0,0,0,0,1,2,1,0,0,1,0,1,2,0,OC1C(COC1=N)C#N
0,0,2,1,0,1,1,0,0,0,1,0,1,1,0,1,1,0,0,1,0,1,1,0,0,0,0,0,1,1,1,0,0,0,0,1,2,0,OC1C(COC1=O)C#C
0,0,1,1,0,0,1,0,0,0,1,0,1,1,0,1,0,0,0,1,0,2,0,1,0,1,0,1,2,0,1,0,0,1,0,0,2,0,OC1C(NCC1=O)C#C
0,1,0,2,0,0,0,0,1,0,1,2,0,0,0,2,0,1,0,1,0,0,1,0,1,1,0,1,2,0,0,1,1,0,1,0,1,0,CN1C(CNC1=O)C=O
0,0,0,0,0,1,0,0,0,1,2,2,0,2,0,1,0,0,1,1,0,1,1,0,0,0,0,0,0,0,1,1,0,0,1,2,2,0,CC1(C)CC2(CO2)C1O
0,0,0,0,0,1,1,1,0,1,2,1,1,2,0,0,1,0,0,0,1,0,0,2,0,0,0,0,1,1,0,0,1,0,1,0,1,0,CC1C23CC=CC12CO3
0,0,0,3,0,1,0,0,0,1,4,1,0,2,0,1,0,1,0,0,1,0,0,0,0,0,0,0,1,0,0,0,2,0,1,1,1,0,CC1C23CCC12OCC3
1,1,0,1,0,1,1,0,0,2,0,1,1,1,0,0,1,0,0,1,1,1,0,1,0,0,0,0,1,0,0,0,0,0,0,0,2,1,CC1C2C(=O)OC12C#C
1,2,0,0,0,1,1,1,1,1,0,0,1,1,0,1,0,0,0,0,0,1,0,0,0,0,0,1,2,0,1,0,0,1,0,0,2,1,OC1C2C(=N)OC12C#C
0,1,0,1,0,1,1,1,0,1,0,0,1,1,0,1,1,0,0,1,1,1,0,0,0,0,0,1,2,0,1,0,0,0,0,0,2,1,OC1C2C(=O)OC12C#C
0,0,0,1,0,1,0,0,0,1,1,1,0,1,1,1,2,0,0,2,0,0,0,1,0,0,0,0,2,0,1,0,0,0,0,1,3,0,CC12COC(=O)C1C2O
1,0,1,1,1,0,1,0,0,0,0,1,1,0,0,1,0,0,0,1,1,1,0,0,0,0,0,1,2,0,0,0,1,0,1,0,3,0,CN1C2C(C#C)C1C2=O
0,0,1,1,1,0,1,0,0,1,0,0,1,1,0,1,0,0,0,1,0,2,1,0,1,0,0,1,2,0,1,0,0,0,0,0,4,0,OC1C2C(C#C)C2C1=O
0,0,0,1,0,1,0,1,0,1,0,0,1,1,0,1,0,0,0,1,0,1,1,0,1,0,0,1,2,1,1,0,0,0,0,0,4,0,OC1C2C(C#N)C2C1=O
0,0,0,1,0,1,0,0,1,1,0,1,0,0,0,1,1,0,0,1,0,1,0,0,1,0,0,0,1,1,1,0,1,0,1,0,4,0,CC1OC(=O)C2C(O)C12
0,1,0,1,0,0,0,1,0,1,0,1,0,1,0,1,1,0,0,1,1,0,0,0,1,1,0,0,1,0,1,0,0,1,0,0,4,0,CC1C2C3C2C1(O)C3=O
1,1,0,2,0,0,0,0,0,0,1,1,0,0,0,1,1,0,0,1,0,0,1,0,1,1,1,0,1,1,0,0,0,0,1,0,4,0,CN1C2C3NC(=O)C1C23
0,0,0,1,1,0,0,0,0,0,3,0,0,0,0,1,2,0,0,0,2,1,0,0,1,0,0,1,0,1,1,0,2,0,0,0,5,0,OC1C2C3CC1CCC23
0,0,0,1,1,0,0,0,0,0,2,0,0,1,0,1,0,0,0,1,0,1,1,0,1,0,0,1,1,1,1,0,2,0,0,0,5,0,OC1C2C3CC3C2C1=O
1,0,0,0,1,0,0,0,0,0,2,1,0,1,0,2,0,0,0,0,1,1,0,0,0,0,0,1,1,0,1,1,1,0,0,1,4,0,CC12CC3CC3C1C2O
0,0,0,0,1,1,0,0,1,0,1,1,0,1,0,1,0,0,1,0,0,0,0,1,0,0,0,0,1,0,1,1,1,1,1,1,4,1,CC12OC3CC3C1C2O
0,0,1,0,0,1,0,0,0,0,1,1,0,1,0,1,0,0,1,0,0,0,0,0,1,1,0,0,1,0,1,0,1,1,1,1,4,0,CC12OCC3C(C13)C2O
0,1,1,2,0,0,0,0,0,0,2,0,0,1,0,2,1,0,0,0,0,0,0,1,1,0,0,0,1,0,1,0,1,2,0,0,4,0,OC1C2C3CCC1(O)C23
0,1,0,0,1,0,0,1,0,1,1,1,1,2,0,1,1,0,0,0,1,0,0,1,0,0,1,0,0,1,0,0,1,0,0,1,1,0,CC1N2C=NCC12C#N
0,1,0,1,1,0,0,0,1,1,1,1,0,1,0,1,1,2,0,0,1,0,0,1,0,0,0,0,0,0,0,1,1,0,0,1,1,0,CC1N2C=NCC12C=O
2,0,0,1,0,0,0,0,1,0,1,1,0,1,0,1,0,1,1,0,0,0,0,1,0,1,1,0,1,0,1,1,0,0,1,1,2,0,OC1C2N=CNC12C=O
0,1,1,1,0,0,0,0,0,0,2,0,0,1,0,2,1,1,0,0,0,0,0,2,0,1,0,0,1,1,1,0,0,0,0,0,4,1,OC1C2C=CCCC12O
0,0,1,1,0,1,0,0,0,1,1,1,0,2,0,1,1,0,0,1,0,0,0,0,1,0,0,1,1,0,1,0,1,0,0,0,4,0,CC1C2OC(=O)C(O)C12
0,0,0,1,0,1,1,1,0,0,1,2,1,1,0,0,0,0,1,1,0,1,0,0,0,0,0,0,1,1,0,1,1,1,0,0,2,0,NC1C2OC(=O)C12C#N
0,0,0,1,0,1,0,1,0,0,0,1,1,1,0,2,0,0,1,1,0,1,0,0,0,0,0,0,2,1,1,0,1,1,0,0,2,0,OC1C2OC(=O)C12C#N
0,0,0,1,0,0,0,2,0,1,2,2,1,1,0,2,0,1,0,1,1,0,0,0,1,0,0,0,1,0,0,0,0,0,0,1,2,0,CC1C2CC(C)(C2)C1=O
0,1,0,1,0,0,0,0,0,1,2,1,1,1,0,3,0,2,0,1,1,0,0,0,1,0,0,0,1,0,0,0,0,1,0,0,2,0,CC1C2CC(O)(C2)C1=O
1,0,1,0,2,1,1,0,2,1,1,0,1,0,0,1,0,0,0,0,0,1,0,0,1,0,0,0,1,0,1,1,0,0,0,0,4,0,OC1C2CC(O2)C1C#C
1,0,0,0,1,1,1,1,1,1,1,2,0,0,0,0,0,1,0,1,0,1,0,1,0,0,0,0,1,0,0,0,1,0,0,0,3,0,CC1C2CC(O2)C=C1C
1,0,0,1,1,1,1,0,1,1,2,1,1,0,0,0,1,1,0,1,0,1,0,0,0,0,0,0,1,0,0,0,0,0,0,0,3,0,CC1C2CC(CC1=O)O2
0,1,1,1,0,0,0,0,1,1,1,1,0,1,0,2,1,1,0,0,0,0,0,0,0,1,0,1,1,0,1,1,0,0,0,1,2,0,CC12C(O)C1CN2C=O
0,0,0,1,0,1,0,0,1,0,1,1,0,1,0,2,0,0,0,1,1,0,0,0,0,0,0,0,3,0,1,0,1,1,1,1,2,0,CC12CC(OC1=O)C2O
0,0,0,0,0,0,1,0,0,0,2,1,0,1,0,2,0,1,0,0,1,1,0,2,1,0,0,0,2,1,1,0,0,0,0,1,2,0,CC12CC(CC=C1)C2O
0,0,0,1,0,1,1,0,1,0,1,1,0,1,0,1,0,0,0,0,0,0,0,2,1,0,0,0,1,1,2,0,1,0,0,1,2,0,CC12OC(CC=C1)C2O
0,1,0,0,0,0,1,1,0,0,2,0,0,1,0,3,0,1,0,0,1,0,0,2,1,0,0,0,1,1,1,0,0,0,1,0,2,0,OC1C2CC1(O)C=CC2
0,1,0,1,0,1,0,0,1,0,3,0,1,1,0,4,0,1,0,0,0,0,0,0,0,0,0,1,1,1,1,0,0,0,0,0,3,0,OC1C2CC1(O)CCO2
0,0,0,1,0,0,1,0,0,1,2,0,1,1,0,2,0,1,0,0,0,0,1,2,0,0,0,1,1,1,1,1,0,0,0,0,2,0,OC1C2CC1(C=O)C=C2
0,0,0,1,0,0,0,1,0,0,2,3,1,1,0,2,0,0,0,0,1,0,0,1,1,1,0,0,1,1,1,0,0,0,0,0,2,0,OC1C2CC1(NC2)C#N
0,0,1,0,0,1,1,0,0,0,2,1,1,1,0,2,0,0,0,0,1,1,0,0,0,0,0,1,1,0,1,0,0,0,1,0,2,1,OC1C2CC1(OC2)C#C
0,0,0,1,1,1,0,0,0,0,4,1,0,2,0,2,1,1,0,0,1,0,0,0,0,0,0,0,1,0,1,0,1,0,0,0,3,0,OC1C2CC11CCC1C2
1,0,0,1,0,1,0,0,1,1,2,1,0,0,0,1,1,0,1,1,0,0,0,1,0,0,0,0,1,0,0,0,1,1,0,0,3,0,CC1C2CCC(=O)C1O2
1,1,0,0,1,0,1,1,0,0,1,1,1,0,1,1,0,1,0,0,0,1,0,1,0,1,0,0,1,0,0,0,0,0,1,0,2,0,CN1C2CC1C(=C2)C#C
0,0,1,0,1,1,0,0,1,1,2,1,1,0,0,1,0,0,0,0,0,0,0,2,0,1,0,1,0,0,1,0,1,0,0,1,4,0,CC1C2CC1C(O)CO2
1,0,1,0,1,1,1,0,1,0,1,0,1,0,0,2,0,0,0,0,0,1,1,0,1,0,0,0,0,0,2,0,0,0,0,1,4,0,OC1C2CC(C#C)C1O2
1,0,1,0,1,1,1,0,1,0,1,0,2,0,0,1,0,0,0,0,0,1,0,1,1,0,0,0,0,0,1,0,1,0,0,0,5,0,OC1C2CC1C(O2)C#C
1,0,0,1,2,1,0,0,2,1,2,1,0,1,0,1,0,0,0,0,0,1,0,0,0,0,0,0,0,0,3,0,0,0,0,0,4,1,CC1C2CC(O)CC1O2
1,0,0,1,2,1,0,0,2,0,2,0,0,0,0,2,0,0,0,0,0,1,0,0,2,1,0,0,0,0,4,0,0,0,0,0,4,1,OC1C2CC(O)CC1O2
1,0,0,1,0,1,2,0,2,1,2,1,0,1,0,0,0,0,0,0,0,0,0,2,2,0,0,0,0,2,0,0,0,0,2,0,3,0,CC1C2CC=CCC1O2
2,0,1,1,0,2,0,0,2,1,3,1,0,1,1,0,1,1,2,1,0,0,0,0,0,0,0,0,0,0,0,0,0,0,0,0,3,0,CC1C2CCOCC1O2
3,0,1,1,0,2,0,0,2,0,3,0,0,0,1,1,1,2,0,1,0,0,0,0,0,1,0,0,0,0,1,0,0,0,0,0,3,0,OC1C2CCOCC1O2
0,0,1,1,0,0,1,0,0,1,1,1,1,1,1,1,0,2,0,1,0,1,0,0,0,0,0,0,2,0,0,0,0,0,0,0,2,1,CC1C2CC2(C#C)C1=O
0,0,1,1,0,0,0,1,0,1,2,1,1,1,1,1,0,2,0,1,0,0,0,0,0,0,0,0,1,1,0,0,0,0,0,0,2,1,CC1C2CC2(C#N)C1=O
0,0,0,1,0,0,0,1,0,1,1,1,1,1,0,2,0,0,0,1,0,0,0,0,0,1,1,1,1,1,0,1,1,0,0,0,1,0,CC1N2CC2(C#N)C1=O
1,0,0,1,0,1,0,0,1,1,1,1,0,1,0,2,0,1,0,0,1,0,0,0,0,1,0,0,1,0,1,2,0,0,0,0,2,0,CC1C(O)C2(CN12)C=O
1,0,0,1,0,1,0,0,0,1,1,1,1,0,0,1,0,1,0,1,0,0,0,0,1,0,0,1,1,0,1,0,0,0,0,0,4,1,CC1C(O)C2OC2C1=O
0,0,0,1,2,0,0,1,0,2,2,1,0,1,0,1,0,1,0,1,0,0,0,0,0,0,0,1,1,0,1,0,2,0,0,0,4,0,CC1C2CC2C(O)C1=O
0,0,0,1,3,0,0,0,0,2,2,0,0,2,0,2,0,0,0,1,0,0,0,0,0,0,0,1,1,0,2,0,2,0,0,0,4,0,OC1C2CC2C(O)C1=O
0,0,0,0,1,0,1,0,0,1,1,2,1,1,0,1,1,0,0,0,0,1,0,0,0,0,0,1,0,1,0,1,0,0,1,1,2,1,CC1C2CN2C1(C)C#C
0,0,0,1,0,0,1,0,0,1,1,1,0,0,1,2,0,1,1,0,0,0,1,0,0,0,0,2,0,1,0,1,0,0,1,0,4,0,CC1C2CN2C1CC=O
0,1,0,0,1,0,1,1,0,0,1,1,1,1,0,1,0,1,0,0,0,1,1,1,0,0,0,0,1,0,1,0,1,0,0,0,3,0,OC1C2CC2C=C1C#C
0,0,0,0,1,2,0,0,1,0,1,2,0,1,0,1,0,0,0,0,0,0,0,1,1,0,0,0,1,0,1,0,1,0,0,2,3,1,CC1(C)OC2CC2C1O
0,0,0,2,1,0,0,0,0,0,4,0,0,1,0,2,0,0,0,0,1,0,0,0,0,1,0,1,1,0,1,1,1,0,0,0,3,1,OC1C2CC2CC11CC1
0,0,0,2,1,1,0,0,1,0,3,0,0,1,0,2,0,0,0,0,0,1,0,1,1,0,0,0,1,0,1,0,1,0,0,0,3,1,OC1C2CC2OC11CC1
0,0,1,0,2,0,1,0,0,1,2,1,1,0,0,0,0,1,0,0,1,1,1,0,0,0,0,1,0,0,0,0,1,0,0,2,4,0,CC1C2CC2CC1C#C
1,0,1,0,1,1,1,0,1,1,1,1,1,0,0,1,0,0,0,1,0,1,1,0,0,0,0,0,0,0,0,0,0,0,0,1,4,0,CC1C2OC2CC1C#C
0,0,1,0,2,0,1,0,0,0,2,0,1,0,0,1,0,1,0,0,1,1,1,0,0,0,0,1,0,0,1,0,1,0,0,1,4,0,OC1C2CC2CC1C#C
1,0,0,0,0,1,0,1,1,0,1,1,0,1,0,1,0,1,0,1,0,0,0,1,1,0,0,1,1,0,1,0,1,0,0,0,3,0,CC1=CCC2OC2C1O
0,1,0,1,1,0,0,0,0,0,2,1,0,0,0,2,0,0,0,1,1,0,0,0,1,1,0,1,1,0,0,0,1,1,1,0,3,0,CN1C2CC2CNC1=O
0,0,1,1,1,1,0,0,1,0,2,0,0,1,0,1,0,0,0,0,1,0,1,0,0,0,0,1,1,0,1,0,1,1,0,0,3,0,OC1C2CC2COC1=N
0,0,0,1,1,1,0,0,1,0,1,1,0,1,0,1,0,0,0,0,0,0,0,1,0,0,0,0,1,0,1,1,1,0,1,1,4,0,CC12OC3CC(C1O)C23
0,0,1,0,1,1,0,0,1,1,2,2,1,0,0,0,0,0,0,0,0,1,0,1,1,0,0,0,0,0,0,0,2,0,1,0,5,0,CC1C2CC3OCC3C12
0,0,1,0,1,1,1,0,1,0,2,0,1,0,0,1,0,0,0,0,0,1,0,1,1,0,0,0,0,0,1,0,2,0,1,0,5,0,OC1C2CC3OCC3C12
0,1,0,1,0,0,0,0,0,1,1,1,1,0,0,1,0,0,0,2,0,0,1,1,0,1,0,1,1,0,0,0,0,0,1,1,3,0,CC1C2NC=NC1C2=O
0,1,0,1,0,0,0,0,0,0,1,0,1,0,0,1,0,0,0,2,0,0,1,1,0,1,0,1,1,1,1,0,0,0,1,1,3,0,OC1C2NC=NC1C2=O
0,0,0,1,1,0,0,0,0,0,1,0,0,1,0,1,0,0,0,2,0,0,0,2,1,0,0,1,1,2,1,0,3,0,0,0,3,0,OC1C2CC=CC2C1=O
0,0,2,0,0,1,1,0,0,1,1,2,2,0,0,0,0,0,2,0,0,1,1,0,1,0,0,1,0,0,0,0,0,0,0,1,4,0,CC1C2OCC(C#C)C12
0,1,1,1,1,1,0,0,1,1,2,1,1,0,0,0,0,1,0,1,0,0,1,0,0,0,0,1,2,0,0,0,0,0,0,0,3,0,CC1C2CC(CO2)C1=O
1,0,0,1,0,1,1,0,1,1,2,1,0,0,0,0,2,1,0,1,0,0,0,0,0,0,0,1,2,1,0,0,0,0,0,0,3,0,CC1C2CCC(O2)C1=O
1,1,1,1,1,1,0,0,1,0,2,0,1,1,0,1,0,0,0,1,0,0,1,0,0,0,0,1,1,0,1,0,0,0,0,0,3,0,OC1C2CC(CO2)C1=O
2,1,0,1,0,1,1,0,1,0,2,0,0,1,0,1,2,0,0,1,0,0,0,0,0,0,0,1,1,1,1,0,0,0,0,0,3,0,OC1C2CCC(O2)C1=O
2,0,1,1,0,2,0,0,2,0,1,0,1,1,0,1,0,0,0,3,0,0,0,0,0,0,0,1,1,0,1,0,0,0,0,0,3,0,OC1C2COC(O2)C1=O
0,0,1,0,0,1,1,0,0,0,1,1,0,1,0,1,0,0,0,0,0,0,1,3,1,0,0,0,1,0,1,1,0,1,1,1,2,0,CC12OCC(C=C1)C2O
0,0,0,1,0,1,0,0,1,0,3,1,2,1,0,1,1,1,0,0,0,0,0,0,1,0,0,0,2,0,1,0,0,0,0,1,2,0,CC12CCC(OC1)C2O
0,0,1,0,0,2,1,0,1,0,2,1,1,1,1,1,0,0,0,0,0,0,0,0,1,0,0,0,2,0,1,0,0,0,1,1,2,0,CC12COC(CO1)C2O
0,0,1,0,0,1,1,0,0,1,1,2,1,2,1,1,1,0,0,0,0,1,1,0,0,0,0,0,0,0,0,0,1,0,1,0,2,0,CC1C2COC12CC#C
0,0,1,0,0,1,1,0,0,0,1,1,1,2,1,2,0,1,0,0,0,1,1,0,0,0,0,0,1,0,1,0,1,0,1,0,2,0,OC1C2COC12CC#C
0,0,0,2,0,1,1,0,1,1,1,1,0,0,0,0,1,0,1,1,0,0,0,0,1,1,0,1,1,0,0,0,1,0,0,0,3,0,CC1C2CNC1C(=O)O2
0,0,1,0,0,1,0,0,1,0,2,0,1,0,0,1,0,0,0,1,0,0,1,2,1,0,0,1,0,2,1,0,0,0,0,1,3,0,OC1C2CC=CC1CO2
1,0,0,1,0,1,1,1,2,1,2,1,0,0,0,0,2,1,0,0,0,0,0,0,0,0,0,0,1,0,0,0,2,1,0,0,3,0,CC1C2CCC2OC1=N
1,0,0,2,0,1,1,0,1,1,2,1,0,0,0,0,3,1,0,1,0,0,0,0,0,0,0,0,1,0,0,0,2,0,0,0,3,0,CC1C2CCC2OC1=O
0,0,0,2,0,1,1,1,2,0,2,0,0,1,0,1,2,0,0,0,0,0,0,1,0,0,0,0,1,0,1,0,2,1,0,0,3,0,OC1C2CCC2OC1=N
0,0,0,2,0,1,1,0,1,0,2,0,0,1,0,1,3,0,0,1,0,0,0,1,0,0,0,0,1,0,1,0,2,0,0,0,3,0,OC1C2CCC2OC1=O
0,0,1,0,1,1,0,0,2,2,2,1,1,0,0,0,0,0,0,0,0,0,0,1,1,0,0,0,0,1,0,0,3,0,0,0,5,0,CC1C2COC3CC2C13
0,0,1,0,1,1,0,0,2,0,2,0,1,0,0,1,0,1,0,0,0,0,0,1,1,0,0,0,0,1,1,0,2,0,0,0,5,0,OC1C2COC3CC2C13
1,0,0,0,0,1,2,0,0,0,2,0,1,1,0,1,1,1,0,0,1,1,0,0,0,0,1,0,1,0,1,0,0,0,1,0,2,1,OC1C2CCOC12C#C
0,0,0,1,0,1,0,0,0,1,3,1,1,1,0,0,1,1,0,1,1,0,0,0,0,0,0,1,1,0,0,1,0,0,0,0,4,0,CC1C2CCOC1C2=O
0,0,0,1,0,1,0,0,0,0,3,0,1,1,0,1,2,1,0,1,1,0,1,0,0,0,0,1,1,0,1,0,0,0,0,0,3,0,OC1C2CCOC1C2=O
0,0,0,1,0,1,0,0,0,1,2,1,1,0,0,0,1,2,0,1,1,0,0,0,1,0,0,1,1,0,0,1,1,0,0,0,3,0,CC1C2CCOC2C1=O
0,0,0,1,1,1,0,0,0,0,2,0,1,1,0,1,1,1,0,1,1,0,0,0,0,0,0,1,1,0,1,1,1,1,0,0,3,0,OC1C2CCOC2C1=O
0,1,1,0,0,1,0,1,0,0,3,0,0,1,0,2,1,1,0,0,0,0,0,1,0,0,1,1,1,1,1,0,0,0,0,0,2,0,OC1C2CCOCC12O
0,1,0,0,1,0,1,1,0,1,1,1,1,0,0,1,1,1,0,1,0,1,0,1,0,0,0,0,1,0,0,1,1,0,0,0,3,0,CC1C=C(C#C)C2CC12
0,1,1,0,0,0,1,1,0,1,0,2,1,0,0,1,0,1,0,0,0,1,0,1,0,1,0,0,1,0,0,1,0,1,0,0,3,0,CC1C=C(C#C)C2NC12
0,1,0,0,1,0,0,2,1,1,1,1,1,0,0,1,0,0,0,1,0,0,0,1,0,0,0,0,1,1,0,1,1,0,0,0,3,0,CC1C=C(C#N)C2CC12
0,1,0,0,1,0,1,1,0,0,1,0,1,0,0,1,1,1,0,2,0,1,0,1,0,0,0,0,1,0,1,0,1,0,0,0,3,0,OC1C=C(C#C)C2CC12
1,1,0,1,0,0,0,1,0,2,1,2,0,1,0,3,1,0,0,1,0,0,0,1,0,1,0,0,1,0,0,0,0,0,0,0,2,0,CC1C=C(C)C2(O)CC12
0,0,0,1,0,0,0,1,1,1,2,3,1,1,0,1,0,0,0,1,0,0,1,1,0,0,0,0,1,0,0,0,0,0,0,2,3,0,CC1C=C(C)C2CC12C
0,1,0,1,0,1,1,1,0,1,1,1,1,0,0,0,0,1,0,1,0,1,0,1,0,0,0,0,2,1,0,0,0,0,0,0,1,1,CC1C=C(CC1=O)C#C
0,0,0,2,1,0,1,1,1,2,0,1,1,1,0,1,0,0,0,1,0,1,0,1,0,2,0,0,2,1,0,0,0,0,0,0,1,0,CC1C=C(NC1=O)C#C
0,0,0,2,1,0,0,2,1,1,0,1,1,1,0,1,0,0,0,1,0,0,0,1,0,2,0,0,2,2,0,0,0,0,0,0,1,1,CC1C=C(NC1=O)C#N
0,0,0,3,1,0,0,1,1,1,0,1,0,1,0,1,0,1,0,1,0,0,0,1,0,1,0,0,2,1,0,1,0,0,0,0,1,0,CC1C=C(NC1=O)C=O
0,0,1,2,1,0,0,1,1,1,0,1,0,1,0,0,0,0,0,1,0,0,1,2,0,1,0,0,2,1,0,0,0,1,0,0,1,0,CC1C=CC(=N)NC1=O
0,0,1,1,0,0,1,0,0,0,1,1,1,0,1,1,0,0,0,1,1,1,0,1,1,0,0,0,1,0,0,0,0,0,2,1,1,0,CN1C=NC(C#C)C1=O
0,0,0,1,0,0,1,1,2,1,0,1,0,0,0,1,0,1,0,1,1,0,0,1,0,0,0,0,1,0,0,1,0,1,1,1,2,0,CC1N=CN(C=O)C1=N
0,1,0,1,0,1,1,0,0,2,1,1,0,1,0,2,0,1,0,0,0,0,0,2,0,0,0,1,0,2,0,1,0,0,0,0,2,0,CC1C=CC2(CC12)C=O
0,1,0,1,0,1,1,1,0,1,1,0,0,1,0,2,0,1,0,0,0,0,0,2,0,0,0,1,0,1,1,1,0,0,0,0,2,0,OC1C=CC2(CC12)C=O
1,1,0,3,0,1,1,0,0,1,2,1,0,2,0,0,0,0,1,0,0,0,0,2,0,0,0,0,1,0,0,1,1,0,0,0,1,0,CC1C=CC23CCC12O3
0,0,0,0,0,1,1,1,1,1,1,1,1,1,0,1,0,0,0,1,0,0,0,2,0,0,0,0,1,0,0,0,1,1,0,0,3,0,CC1C=CC2C1OC2=N
0,0,0,2,0,0,0,0,1,0,1,1,1,1,0,2,0,1,1,1,1,0,0,1,0,0,0,0,0,0,0,1,0,0,2,1,1,0,CN1C=NC2CC12C=O
0,1,1,0,0,1,0,1,0,1,2,1,1,1,1,3,0,0,0,0,0,0,0,2,1,0,0,0,0,2,0,0,0,0,0,1,2,0,CC1C=CCC2CC12O
1,1,1,0,0,1,0,1,0,0,2,0,1,1,0,3,0,0,0,0,0,0,0,2,1,1,0,0,0,2,1,0,0,0,0,0,2,0,OC1C=CCC2CC12O
0,0,0,1,0,0,0,0,0,0,2,2,0,1,0,1,1,0,0,0,0,0,1,2,0,1,0,0,0,1,1,1,0,0,0,2,2,1,CC1(C)CCC=CC1O
0,0,1,2,0,1,0,0,0,1,4,1,0,1,0,1,0,0,0,0,0,1,0,2,0,0,0,0,0,1,1,0,0,0,1,1,1,0,CC1C=CCOC11CC1
0,0,1,0,0,0,1,0,0,1,2,1,1,0,0,1,1,0,0,0,0,1,1,2,0,0,0,0,0,2,0,0,0,0,0,1,3,1,CC1C=CCCC1C#C
0,0,1,0,1,1,0,0,1,1,2,1,1,0,0,1,0,0,0,1,0,0,0,3,0,0,0,0,0,1,0,0,1,0,1,0,3,0,CC1C=CCOC2CC12
0,0,1,0,1,1,0,0,1,0,2,0,1,0,0,1,0,0,0,1,0,1,0,3,0,0,0,0,0,1,1,0,1,0,1,0,3,0,OC1C=CCOC2CC12
0,0,0,1,0,0,0,0,1,1,0,2,0,0,0,1,1,0,0,1,0,0,0,0,0,1,0,1,2,0,1,1,0,1,0,1,2,1,CC1NC(=N)C(O)C1=O
0,1,0,0,0,0,1,0,1,1,1,1,2,2,0,1,1,0,0,1,0,1,0,0,0,1,0,0,1,0,0,0,0,1,0,1,1,0,CC1NC(=N)C1(O)C#C
0,1,0,1,0,0,1,0,0,1,1,1,1,2,0,1,1,0,0,2,1,1,0,0,0,1,0,0,1,0,0,0,0,0,0,1,1,0,CC1NC(=O)C1(O)C#C
0,1,0,2,0,1,0,0,1,1,0,1,0,1,0,1,1,1,0,1,0,0,0,0,0,1,0,0,1,0,0,1,1,1,0,0,1,0,CC1NC(=N)C1(O)C=O
0,0,1,2,0,0,0,0,0,1,0,2,0,1,1,0,1,1,0,2,1,0,0,0,1,1,0,0,1,0,0,1,1,0,0,1,1,0,CC1NC(=O)C1(C)C=O
0,0,2,1,0,1,0,0,1,1,2,1,0,0,0,0,3,0,0,1,1,0,0,0,0,0,0,0,1,2,0,0,1,0,0,0,3,0,CC1OC(=O)C1C1CC1
0,0,0,2,0,1,0,0,1,1,0,1,0,0,0,0,1,1,1,1,0,0,0,0,0,0,0,1,1,0,0,1,1,0,1,0,2,2,CC1OC(=O)C1OC=O
0,1,0,1,0,1,0,0,0,1,1,2,0,1,0,1,0,0,0,1,0,0,1,0,0,0,0,1,1,0,0,0,1,1,0,1,2,1,CC1OC(=O)C2(C)CC12
0,0,0,2,0,0,0,0,1,1,2,2,0,1,0,1,1,0,0,2,0,0,0,1,0,1,0,0,1,1,0,0,0,0,0,1,3,0,CC1NC(=O)C2CC12C
0,1,1,2,0,0,0,0,0,1,2,1,0,1,0,2,1,1,0,2,0,0,0,1,0,1,0,0,1,2,1,0,0,0,0,0,2,0,CC1NC(=O)C2CC12O
0,0,1,1,0,2,0,0,1,1,1,1,1,0,0,0,1,0,0,2,0,0,0,0,0,0,1,1,1,0,0,0,2,0,0,0,3,0,CC1OC(=O)C2OCC12
0,1,0,3,0,1,0,0,0,1,3,1,0,1,0,1,0,0,0,1,0,1,0,0,1,0,0,1,1,0,0,0,1,0,0,1,1,0,CC1CC(=O)OC11CC1
0,0,1,1,0,0,1,0,0,1,1,1,1,0,0,1,1,0,0,1,0,1,1,0,0,1,0,0,1,0,0,0,1,0,0,1,2,0,CC1NC(=O)CC1C#C
1,0,1,0,0,1,2,0,1,1,1,1,1,1,0,0,0,0,0,0,0,1,1,0,0,0,0,0,1,0,1,0,1,1,0,1,3,0,CC1OC(=N)CC1C#C
1,0,0,0,0,1,1,1,1,1,1,1,1,1,0,0,0,0,0,0,1,0,0,0,0,0,0,0,1,1,0,0,1,1,0,1,3,0,CC1OC(=N)CC1C#N
0,0,1,1,0,1,1,0,0,1,1,1,1,0,1,0,0,0,0,1,0,1,1,0,0,0,0,0,1,0,1,0,1,0,0,1,3,0,CC1OC(=O)CC1C#C
0,0,1,0,0,1,1,0,1,0,1,0,2,1,1,1,0,0,0,1,0,1,0,1,0,0,0,0,1,0,1,0,1,1,0,0,3,0,OC1CC(=N)OC1C#C
0,0,0,0,0,1,0,1,1,0,1,0,2,1,1,1,0,0,0,1,0,0,0,1,0,0,0,0,1,1,1,0,1,1,0,0,3,0,OC1CC(=N)OC1C#N
0,0,1,1,0,0,1,0,0,0,3,0,1,0,0,1,0,0,0,1,0,1,1,1,1,0,0,0,1,0,1,0,0,0,0,1,2,1,OC1CC(=O)CC1C#C
1,0,0,1,1,0,0,0,0,0,3,0,0,0,0,1,1,0,0,1,1,0,0,1,0,0,1,1,1,0,1,0,1,0,0,0,3,1,OC1CC(=O)CC2CC12
0,0,0,1,0,0,0,0,0,1,3,1,0,0,0,2,1,0,0,1,1,0,1,2,0,1,0,0,1,1,0,0,0,0,0,0,2,1,CC1NC(=O)CCC=C1
0,1,0,1,0,0,0,0,0,1,1,1,0,0,0,0,1,2,0,1,0,0,1,2,0,2,0,0,1,1,0,2,0,0,0,0,1,1,CC1NC(=O)NCC=C1
0,1,0,0,0,0,1,1,0,1,1,1,1,0,0,2,0,1,1,0,0,1,0,2,0,0,0,0,1,0,1,1,0,0,0,0,2,0,CC1C=C(CC1O)C#C
0,1,2,2,1,0,2,0,0,1,1,1,1,0,0,0,1,0,0,1,0,1,0,0,0,1,0,0,1,0,0,0,0,0,0,0,2,1,CC1CC(C#C)C(=O)N1
0,0,2,1,1,1,1,0,0,1,1,1,1,0,0,0,1,0,0,1,0,2,0,0,0,0,0,0,1,0,0,0,1,1,0,0,2,0,CC1CC(C#C)C(=O)O1
0,1,1,2,2,0,0,1,1,1,1,1,1,0,0,0,1,0,0,1,0,0,0,0,0,1,0,0,1,1,0,0,0,0,0,0,2,1,CC1CC(C#N)C(=O)N1
0,0,1,1,1,1,0,1,1,1,1,1,1,0,0,0,1,0,0,1,0,1,0,0,0,0,0,0,1,1,0,0,1,0,0,0,2,0,CC1CC(C#N)C(=O)O1
0,0,1,1,1,0,0,1,1,0,2,0,1,0,0,1,0,0,0,2,0,1,1,0,0,0,1,0,1,1,1,0,0,0,0,0,2,0,OC1CC(C#N)C(=O)C1
1,1,1,0,0,1,1,1,0,1,0,2,1,1,0,1,0,1,0,0,0,1,0,0,0,0,0,0,1,0,0,0,0,0,0,1,3,0,CC1OC(C#C)C1(C)O
1,0,1,1,0,1,1,1,0,1,1,1,1,1,0,0,0,1,0,0,0,1,0,0,0,1,0,0,0,0,0,0,0,1,0,1,2,0,CC1OC(C#C)C11CN1
0,0,1,0,1,1,1,1,0,0,1,0,2,0,0,1,0,0,0,0,0,1,1,1,0,0,0,0,1,1,1,0,0,0,0,2,3,0,OC1CC(C#C)C1C#N
0,0,1,1,1,0,1,0,1,1,1,1,1,0,0,1,0,1,0,0,0,1,1,0,0,0,1,1,0,0,0,1,0,0,0,0,2,0,CC1CC(C#C)N1C=O
0,0,1,1,1,0,1,0,0,0,1,0,1,0,0,1,0,1,0,0,0,1,1,1,0,0,0,0,0,0,1,1,0,0,0,2,3,1,OC1CC(C#C)C1C=O
0,1,0,0,0,1,1,0,0,1,1,1,1,1,0,3,0,0,0,0,0,1,0,1,0,1,0,0,0,0,1,1,1,0,0,0,2,0,CC1C(O)CC1(O)C#C
0,1,0,0,0,1,0,1,0,1,1,1,1,1,0,3,0,0,0,0,0,0,0,1,0,1,0,0,0,1,1,1,1,0,0,0,2,0,CC1C(O)CC1(O)C#N
0,1,0,1,1,0,0,0,0,1,1,1,0,1,0,3,0,1,0,0,0,0,0,1,0,1,1,0,0,0,1,1,0,0,1,0,2,0,CC1C(O)CC1(O)C=O
0,0,0,0,0,1,1,0,0,1,1,3,1,2,1,1,0,0,0,0,0,2,1,0,0,1,0,0,0,0,0,0,0,1,0,1,1,1,CC1CC(C)(CC#C)O1
0,0,0,0,0,1,0,1,0,1,1,2,1,2,0,1,0,0,0,0,0,1,1,0,0,0,0,0,0,2,0,1,0,1,0,1,1,1,CC1CC(C)(CC#N)O1
0,2,0,0,0,0,1,0,0,1,3,1,1,2,1,4,0,0,0,0,0,2,1,0,0,0,0,0,0,0,1,0,0,0,0,1,1,0,OC1CC(O)(CC#C)C1
1,0,1,0,1,1,1,0,0,1,1,1,1,0,0,1,0,0,0,0,0,3,0,1,1,0,0,0,0,0,1,0,0,0,0,0,4,0,CC1CC(O)C(O1)C#C
0,0,1,1,2,0,1,0,0,1,2,1,1,0,0,1,0,0,0,0,0,2,1,0,0,0,0,0,0,0,1,0,0,0,0,1,3,1,CC1CC(O)CC1C#C
0,0,1,1,2,0,1,0,0,0,2,0,1,0,0,2,0,0,0,0,0,2,1,1,0,0,0,0,0,1,2,0,0,0,0,1,3,1,OC1CC(O)C(C1)C#C
0,0,0,1,1,1,0,0,0,0,2,1,0,0,0,2,0,1,0,0,0,1,1,0,0,0,0,1,1,0,1,1,0,0,1,1,2,0,CN1CC(O)CC1C=O
0,1,0,2,0,1,0,0,0,2,1,2,0,1,0,2,0,1,0,0,0,0,0,0,1,0,0,1,1,0,1,1,0,0,1,1,1,0,CC1CN(C)C(C=O)=N1
1,1,0,1,1,1,0,0,0,2,1,2,0,0,0,0,1,0,0,1,0,1,0,0,0,1,0,0,1,0,0,0,1,0,0,1,2,0,CC1CC(C)OC(=O)N1
0,0,0,0,1,1,0,0,1,1,2,1,0,1,0,1,0,1,0,0,0,2,1,0,0,0,0,0,1,0,1,0,1,1,0,0,2,0,CC1CC(O)CC(=N)O1
1,1,0,1,1,0,0,0,0,1,2,1,0,0,0,2,1,0,0,1,0,1,1,0,0,1,0,0,1,0,1,1,0,0,0,0,2,0,CC1CC(O)CC(=O)N1
1,0,0,0,2,1,0,0,0,2,2,2,1,0,0,1,0,2,0,0,0,3,0,0,0,0,0,0,0,0,1,0,0,0,0,0,3,1,CC1CC(O)CC(C)O1
0,0,0,1,0,0,0,1,0,1,1,1,1,1,0,1,0,1,0,1,0,0,0,0,1,1,0,1,2,1,0,1,0,0,0,0,1,0,CC1CC(N1)(C=O)C#N
0,0,0,0,2,1,0,0,1,0,4,0,1,0,0,1,1,1,0,0,1,1,0,0,1,0,0,0,0,0,1,0,0,0,0,0,3,2,OC1CC(C1)C1CCO1
0,0,0,1,0,1,0,0,2,1,1,1,0,1,0,1,1,1,0,0,0,1,0,0,0,0,0,1,1,0,0,1,1,1,0,0,1,0,CC1CN(C=O)C(=N)O1
0,0,1,3,0,1,0,0,1,1,1,2,0,0,0,1,0,1,0,1,0,0,0,0,0,0,0,1,1,1,0,1,0,0,0,1,2,0,CC1CN(C=O)C(C)=N1
2,0,1,0,0,1,1,1,0,1,1,2,1,0,0,0,0,0,0,1,0,1,1,1,0,0,0,0,1,1,0,0,0,1,0,0,2,0,CC1OC(C=C1C)C#C
0,0,0,1,1,0,0,1,0,1,1,1,1,0,0,1,1,0,0,0,1,0,1,1,0,0,0,1,0,1,0,0,0,0,2,1,1,0,CC1CN(CC#N)C=N1
0,0,1,2,1,0,1,1,0,1,1,1,1,0,0,0,1,0,0,1,1,1,0,0,1,1,0,0,1,0,0,0,0,0,0,0,2,0,CC1CC(NC1=O)C#C
0,0,1,0,1,1,1,0,1,1,1,1,1,0,0,1,0,0,0,0,0,1,0,0,1,0,0,1,1,0,0,0,1,1,0,0,2,0,CC1CC(OC1=N)C#C
0,0,1,1,0,0,1,0,0,1,1,1,1,0,0,2,1,0,0,1,1,1,0,0,0,1,0,1,1,0,0,0,0,0,1,0,1,0,CN1CC(NC1=O)C#C
0,0,1,2,1,0,1,1,0,0,1,0,2,0,0,1,1,0,0,1,1,1,0,0,0,1,0,0,1,0,1,0,0,0,0,0,2,0,OC1CC(NC1=O)C#C
0,0,0,1,1,1,0,0,1,1,1,1,0,0,0,1,0,1,0,0,0,0,0,0,1,0,0,2,1,0,0,1,1,1,1,0,2,0,CC1CC(OC1=N)C=O
0,0,0,2,1,1,0,0,0,0,1,0,0,0,0,1,1,1,0,1,0,0,0,0,1,0,1,0,1,0,1,1,1,0,1,0,3,0,OC1CC(OC1=O)C=O
1,0,1,0,1,1,1,0,0,1,1,1,1,0,0,1,0,0,0,0,0,1,0,1,0,1,0,0,0,0,1,0,0,2,0,0,3,0,CC1OC(CC1O)C#C
1,0,0,0,1,1,0,1,0,1,1,1,1,0,0,1,0,0,0,0,0,0,0,1,1,0,0,0,1,1,1,0,0,2,0,0,3,0,CC1OC(CC1O)C#N
1,1,0,1,0,0,0,0,1,1,3,1,0,0,0,1,0,1,1,0,0,0,1,2,0,0,0,1,0,1,0,1,0,0,0,0,1,0,CC1CN(CC=C1)C=O
1,0,0,0,0,0,1,0,2,1,2,2,1,1,1,1,0,0,0,0,1,1,2,0,0,1,0,0,0,0,0,0,0,0,1,1,0,0,CN1CC1(C)CCC#C
1,0,0,0,0,0,1,1,0,0,1,1,2,2,1,3,0,1,0,0,0,1,1,0,0,0,0,1,0,1,1,0,0,0,0,0,1,0,OC1CC1(CC#C)C#N
0,0,0,1,0,0,1,0,1,1,0,2,1,2,1,0,0,1,0,1,0,1,1,0,0,1,0,0,1,0,0,1,0,1,0,0,1,0,CC1NC1(CC#C)C=O
0,0,0,1,1,0,1,0,0,1,3,2,0,1,1,1,0,0,0,1,0,0,0,2,0,0,0,1,1,1,1,0,0,0,1,0,1,0,CC1CC11C=CCC1=O
0,0,0,1,0,0,0,0,1,0,2,0,0,1,0,2,1,0,0,1,2,0,0,1,1,1,1,0,1,0,1,0,0,0,0,1,1,0,OC1CC11N=CNC1=O
0,0,1,2,0,1,1,0,0,0,2,0,0,1,0,2,0,1,0,0,0,1,0,0,0,0,0,0,0,0,1,1,0,1,2,1,2,0,OC1CC11OCC1C=O
1,0,0,1,0,1,0,0,1,1,2,1,0,1,0,0,1,1,1,1,0,0,1,0,0,1,0,0,0,0,0,0,0,1,0,0,4,0,CC1NC11CCC2OC12
1,0,0,1,0,1,0,0,1,0,3,1,0,1,0,1,1,1,1,0,0,0,0,0,0,1,0,0,0,0,0,1,0,0,1,1,2,0,CN1CC11CCC2OC12
1,0,0,1,0,1,0,0,1,0,3,1,0,1,0,2,1,1,1,0,0,1,0,0,0,0,0,0,0,0,1,0,0,0,1,0,3,0,OC1CC11CCC2OC12
0,0,0,2,0,1,0,0,1,1,3,1,0,1,0,1,0,1,0,1,0,0,1,0,0,0,0,0,1,1,0,0,0,1,1,1,1,0,CC1CC11CCOC1=O
0,0,0,1,1,0,1,0,0,1,1,1,0,0,1,3,0,1,0,0,0,0,1,0,1,0,1,1,0,0,0,0,0,2,0,0,1,1,CC1CN1C(=O)C(N)=N
1,0,0,1,1,0,1,0,0,0,1,1,2,0,1,2,0,0,0,0,0,1,1,2,0,0,0,0,0,0,1,0,1,0,0,0,2,1,OC1CC1C(=O)CC#C
0,0,0,2,1,0,1,0,0,2,1,1,0,0,0,2,0,1,0,0,0,0,1,0,0,0,0,1,0,1,0,1,1,0,1,0,1,1,CN1CC1C(=O)CC=O
1,0,1,0,0,2,0,0,0,0,3,1,0,1,1,2,0,0,0,0,0,0,0,0,0,0,1,1,0,0,0,0,0,1,2,2,2,0,CN1CC1C12CC1CO2
0,0,0,1,0,1,0,1,0,0,1,1,1,0,0,2,0,0,0,0,0,0,1,1,1,0,1,1,0,1,0,1,0,0,1,0,1,1,CN1CC1CC(=O)C#N
0,1,0,3,1,1,0,0,0,1,3,1,0,1,0,2,0,0,0,0,0,0,1,1,0,0,1,1,0,0,0,0,0,0,1,0,1,0,CN1CC1CC1(O)CC1
0,0,1,1,0,1,1,0,0,0,1,1,0,1,0,2,0,0,0,1,1,0,0,2,0,0,0,0,1,0,1,0,1,1,0,0,2,0,NC12CC(O)C1OC2=O
1,1,0,0,0,1,0,0,1,1,1,1,0,1,0,2,0,0,0,0,1,0,0,1,0,0,0,0,1,0,1,0,1,1,0,1,2,0,CC12CC(O)C1C(=N)O2
0,0,0,1,0,0,0,1,0,0,3,1,0,1,0,2,0,0,0,0,0,0,0,3,1,1,0,1,0,1,2,0,0,0,0,1,2,0,CC12CC(O)C1C=CC2
0,1,1,1,0,1,0,0,0,0,3,0,1,1,0,3,0,1,0,0,0,0,0,2,0,0,0,1,0,0,1,0,0,1,0,0,3,0,OC1CC2(O)CCOC12
0,0,0,0,0,1,0,2,0,1,2,1,1,2,0,2,0,1,0,0,0,0,1,0,0,1,1,0,0,2,0,1,0,0,0,0,1,0,CC1CC2(CC#N)CN12
0,1,0,2,0,1,0,0,1,1,3,1,0,1,0,2,0,1,0,0,0,0,0,1,0,0,1,1,0,0,1,0,0,0,0,0,2,0,CC1OC2(CC2)CC1O
0,0,0,1,0,1,0,1,0,1,2,1,0,1,0,2,0,2,0,0,0,1,1,0,0,1,1,0,0,1,0,2,0,0,0,0,1,0,CC1CC2(CC=O)CN12
0,0,0,1,0,1,0,0,1,1,3,1,0,1,0,2,0,1,0,1,0,1,0,1,0,1,0,0,0,0,1,0,0,0,1,0,2,0,CC1C(O)CC11CCO1
0,0,0,2,1,1,0,0,0,0,5,1,0,2,0,1,1,0,0,0,0,0,0,0,1,1,0,0,0,0,0,0,1,0,2,1,1,0,CN1CC23CCC12CO3
1,1,0,1,1,1,0,0,0,1,2,2,0,1,1,0,1,0,0,2,0,0,0,0,0,0,0,0,1,0,0,0,0,1,0,1,2,0,CC1CC2C(=O)OC12C
1,1,1,0,1,0,1,0,0,0,1,1,1,1,0,2,0,0,0,0,1,1,0,0,0,0,0,1,0,0,2,1,0,0,0,1,2,0,CC12C(C#C)N1CC2O
1,1,1,0,0,0,1,0,0,1,1,2,1,1,0,1,0,0,0,0,1,1,0,0,0,0,0,1,1,0,1,1,0,0,0,1,2,0,CC1CN2C(C#C)C12C
0,0,0,1,2,0,0,0,0,0,1,1,0,1,0,2,0,0,0,1,0,0,1,1,0,0,0,1,1,0,2,0,2,0,0,0,4,0,OC1CC2C(O)C(=O)C12
0,0,1,0,3,0,1,2,0,0,2,0,1,0,0,1,0,0,0,0,0,2,0,0,0,0,0,0,1,0,1,0,2,0,0,0,4,1,OC1CC2C(C1)C2C#C
1,1,1,0,1,1,1,0,0,1,1,1,2,0,0,0,0,0,0,0,0,1,1,0,0,0,0,0,0,0,0,0,1,0,1,1,4,0,CC1OC2C(CC12)C#C
1,0,0,1,0,1,0,0,0,1,1,2,1,1,0,1,0,0,0,1,0,1,0,0,1,0,0,1,1,0,1,0,0,0,0,0,4,0,CC1OC2C1C(O)C2=O
0,0,0,0,1,0,1,0,0,1,1,1,1,2,0,2,0,0,0,0,0,1,0,1,0,0,0,1,0,0,1,1,0,0,1,1,2,0,CC1(C#C)C2C(O)CN12
0,0,0,1,1,0,0,0,0,1,3,2,0,0,0,1,2,0,0,0,0,0,0,1,0,0,0,0,1,0,1,1,3,0,0,0,4,0,CC1CCC2C(O)CC12
1,0,0,0,2,1,0,0,1,1,2,2,0,0,0,0,0,0,0,1,0,1,0,1,1,0,0,0,0,2,0,0,2,0,0,0,5,0,CC1CC2C3CC(O1)C23
0,0,0,0,3,0,0,1,0,0,3,0,0,0,0,1,0,0,0,0,1,1,0,0,1,0,0,1,0,2,1,0,2,0,0,0,5,1,OC1CC2C3CC(C1)C23
1,0,0,0,2,1,0,1,1,0,2,1,0,0,0,1,0,0,0,1,0,1,0,0,1,0,0,0,0,0,2,0,2,0,0,0,5,1,OC1CC2C3OC(C1)C23
1,0,0,0,2,1,0,0,0,1,2,1,1,0,0,0,0,1,0,0,1,0,0,0,0,1,0,2,0,0,0,0,2,0,1,0,5,0,CC1OC2C3CC3CC12
0,0,0,2,1,0,0,0,0,0,3,0,0,0,0,1,2,0,0,0,0,1,0,1,1,0,0,0,0,1,1,0,4,0,0,0,5,0,OC1CC2C3CCC1C23
0,0,1,0,1,1,0,0,0,1,2,1,1,0,0,1,0,0,0,0,0,0,0,1,1,0,0,0,0,1,1,0,3,0,0,0,5,0,OC1CC2C3COC3C12
0,0,0,0,1,1,0,0,0,1,1,2,1,1,1,0,0,0,1,0,0,1,0,1,0,1,0,0,0,0,0,0,0,0,1,2,2,1,CC1CC2N=COC12C
0,0,0,1,1,1,0,0,1,0,1,1,0,1,0,1,0,0,0,1,0,0,0,0,0,0,1,0,2,0,1,0,1,1,0,1,2,1,CC12C(O)CC1OC2=O
0,0,0,1,2,1,0,0,1,0,2,0,0,0,0,1,1,0,1,1,0,1,0,0,0,0,0,0,1,0,2,0,1,1,0,0,3,1,OC1CC2OC(=O)C2C1
2,0,1,0,1,1,1,0,1,1,2,1,1,0,0,1,0,0,0,1,0,1,1,0,1,0,0,0,0,0,0,0,0,0,0,1,4,0,CC1OC2CC(C#C)C12
2,0,0,0,1,1,0,1,1,1,2,1,1,0,0,1,0,0,0,1,0,0,0,0,1,0,0,0,0,1,0,0,0,0,0,1,4,0,CC1OC2CC(C#N)C12
1,0,1,0,1,1,1,0,1,0,1,0,1,0,0,2,0,0,1,1,0,1,0,1,1,0,0,0,0,0,1,0,0,0,0,0,5,0,OC1CC2OC(C#C)C12
1,0,0,0,1,1,0,1,1,0,1,0,1,0,0,2,0,0,1,1,0,0,0,1,1,0,0,0,0,1,1,0,0,0,0,0,5,0,OC1CC2OC(C#N)C12
0,0,1,0,0,1,1,0,0,0,2,0,1,0,1,2,0,0,0,1,0,1,1,1,0,0,0,2,0,0,1,0,0,0,0,1,3,0,OC1CN2CC(C#C)C12
0,0,0,0,3,0,0,1,0,1,3,1,0,0,0,1,0,1,0,0,1,1,0,0,0,0,0,0,0,0,1,0,1,0,1,0,4,1,CC1CC2CC(O)CC12
1,0,0,0,2,1,0,2,1,1,2,1,1,0,0,1,0,0,0,0,0,1,0,0,0,0,0,0,0,0,2,0,1,0,0,0,4,1,CC1OC2CC(O)CC12
0,0,1,1,2,0,0,0,0,1,3,1,0,0,1,1,0,0,1,1,0,0,1,0,1,0,0,1,1,0,0,0,0,0,1,0,2,0,CN1CC2CC(C2)C1=O
0,0,0,1,1,1,1,0,0,2,3,2,1,2,1,1,0,0,1,0,0,1,1,0,0,0,0,0,0,0,0,0,0,0,0,0,2,0,CC1CC2CC12CC#C
0,0,0,1,1,1,1,0,0,0,3,1,1,2,1,2,0,0,1,1,0,1,1,0,0,0,0,0,0,0,1,0,0,0,0,0,2,0,OC1CC2CC12CC#C
1,0,0,1,1,2,1,0,1,1,1,1,0,0,0,1,0,0,0,0,1,0,0,0,0,0,0,0,1,0,0,0,1,1,0,0,3,1,CC1CC2OC1C(=N)O2
1,0,0,1,1,2,1,0,0,1,1,1,0,0,0,0,1,0,0,1,1,0,1,0,0,0,1,0,1,0,0,0,1,0,0,0,3,0,CC1CC2OC1C(=O)O2
1,0,0,1,1,2,0,0,2,0,1,0,0,0,1,1,0,0,0,0,1,0,0,1,0,0,0,0,1,0,1,0,1,1,0,0,3,1,OC1CC2OC1C(=N)O2
1,0,0,1,1,2,0,0,1,0,1,0,0,0,1,1,1,0,0,1,1,0,1,1,0,0,1,0,1,0,1,0,1,0,0,0,3,0,OC1CC2OC1C(=O)O2
1,0,1,0,2,1,1,0,1,1,1,2,2,0,0,0,0,0,0,0,0,1,0,1,0,0,0,0,1,0,0,0,1,0,0,0,4,0,CC1OC2CC1C2C#C
0,0,1,0,3,0,1,0,0,0,2,0,1,0,0,1,0,0,0,0,2,1,0,1,0,0,0,1,1,0,1,0,1,0,0,0,4,0,OC1CC2CC1C2C#C
0,0,0,0,2,1,0,1,0,0,2,0,1,0,0,1,0,0,0,0,2,0,0,1,0,0,0,1,1,1,1,1,1,0,0,0,4,0,OC1CC2CC1C2C#N
0,1,0,0,2,1,0,1,2,0,2,0,0,0,0,1,0,0,0,0,0,0,1,1,0,0,0,0,1,1,1,0,1,1,0,0,3,0,OC1CC2CC1OC2=N
1,0,0,1,0,2,1,0,0,1,1,3,0,1,0,1,0,0,0,1,1,0,0,2,0,0,0,0,0,0,0,0,1,0,0,1,2,0,CC1OC2CC2(C)C=C1
1,1,0,1,1,0,0,0,0,1,2,1,0,0,0,2,1,0,0,2,1,0,0,0,0,1,0,1,1,0,0,0,1,0,0,0,2,0,CC1CC2CN2C(=O)N1
0,0,0,0,3,0,0,0,0,1,3,1,0,0,0,1,0,1,0,0,1,1,0,0,0,0,0,1,0,0,1,0,1,0,1,0,4,1,CC1CC(O)CC2CC12
1,0,1,0,2,1,1,0,1,1,1,1,1,0,0,0,0,0,0,0,0,2,0,1,1,0,0,0,1,0,0,0,1,0,0,0,4,0,CC1OC2CC2C1C#C
0,0,1,0,3,0,1,0,0,0,2,0,1,0,0,1,0,1,1,0,2,1,0,1,0,0,0,1,1,0,1,0,1,0,0,0,4,0,OC1CC2CC2C1C#C
0,0,0,0,2,1,0,1,0,0,2,0,1,0,0,1,0,1,0,0,2,0,0,1,0,0,0,1,1,1,1,0,1,0,0,0,4,0,OC1CC2CC2C1C#N
0,0,0,1,2,0,1,0,1,1,2,1,0,0,0,1,0,1,0,0,1,0,0,0,0,0,1,1,0,0,0,1,0,1,0,0,4,0,CC1CC2CC2N1C=O
0,0,0,0,2,1,0,1,2,1,2,1,0,0,0,1,0,0,0,0,1,0,0,0,0,0,0,1,1,0,0,0,1,1,0,0,3,1,CC1CC2CC2OC1=N
1,0,0,1,1,2,0,0,2,1,1,1,0,0,0,1,1,1,0,1,0,0,0,0,0,1,0,0,1,0,0,0,1,0,0,0,3,0,CC1OC2CC2OC1=O
1,0,0,2,0,1,0,0,2,1,3,1,0,0,0,1,0,0,0,1,0,0,1,0,0,0,0,1,1,0,0,0,0,0,1,0,2,1,CN1CC2OC2CC1=O
0,0,0,1,2,1,0,0,1,0,2,0,1,0,0,1,1,0,0,1,1,0,0,0,0,0,1,0,1,0,1,0,1,0,0,0,3,1,OC1CC2CC2OC1=O
1,0,0,1,2,1,1,0,2,1,2,1,0,0,0,4,0,0,0,0,0,0,0,1,0,0,0,0,0,0,1,0,0,0,0,0,4,0,CC1CC2OC2CC1O
3,0,0,1,2,1,0,0,2,0,2,0,0,0,0,6,0,0,0,0,0,0,0,2,0,0,0,0,0,0,2,0,0,0,0,0,4,0,OC1CC2OC2CC1O
0,0,0,0,3,1,0,0,0,0,3,0,0,0,2,1,0,0,0,0,0,0,0,1,3,0,0,0,0,2,1,0,2,0,0,0,5,0,OC1CC2CC3C(C2)C13
0,1,0,0,2,1,0,0,0,0,2,1,0,1,0,2,0,0,0,1,0,0,0,1,0,0,1,1,0,0,1,1,0,0,0,2,3,0,CC12C3C(O)CC1CN23
1,0,1,1,1,1,0,0,3,1,2,1,1,0,0,1,0,0,0,0,0,0,0,0,0,0,1,1,0,0,0,0,0,0,0,0,4,1,CC1CC2OC3CN1C23
1,0,0,0,2,1,0,0,1,1,2,1,1,0,0,0,0,0,0,1,1,0,0,0,1,1,0,1,0,0,0,0,1,0,0,0,5,0,CC1OC2CC3CC1C23
1,0,0,1,2,1,0,0,2,0,2,0,0,0,0,2,0,0,0,2,0,0,0,2,1,0,0,0,0,0,1,0,1,0,0,0,5,0,OC1CC2OC3CC1C23
1,0,0,1,2,1,0,1,2,1,2,1,0,0,0,0,0,0,0,1,0,0,0,1,1,0,0,0,0,0,0,0,1,0,0,0,5,0,CC1CC2OC3CC2C13
1,0,0,1,2,1,0,0,2,0,2,0,0,0,0,2,0,0,0,1,0,0,0,2,1,0,0,0,0,0,1,0,1,0,0,0,5,0,OC1CC2OC3CC2C13
1,0,0,0,2,1,0,0,1,1,3,1,0,0,0,0,1,1,0,1,1,0,0,0,1,0,0,1,0,0,0,0,1,0,0,0,5,0,CC1OC2CC3CC3C12
2,1,1,0,1,4,1,0,0,1,2,1,0,1,0,0,0,0,0,0,0,0,0,1,0,0,0,0,0,1,0,0,0,0,1,0,3,0,CC1OC2CC3COC123
1,1,0,0,1,1,0,0,1,1,2,2,0,0,0,0,0,0,0,0,0,1,1,2,1,0,0,0,0,2,0,0,0,0,0,0,4,0,CC1CC2C=CCC2O1
1,0,0,0,0,1,2,0,1,1,2,1,1,0,0,0,0,0,0,1,0,0,0,2,2,0,0,0,0,2,0,0,2,0,0,0,3,0,CC1OC2CC=CCC12
0,0,0,2,1,0,0,0,0,0,2,1,0,0,0,1,0,0,0,1,2,0,0,1,1,1,1,1,1,0,1,0,0,0,0,0,3,0,OC1CC2CNC(=O)C12
1,0,1,1,2,2,0,0,0,1,4,1,1,0,1,0,0,0,0,0,0,1,1,0,0,0,0,0,0,0,0,0,0,1,0,1,3,0,CC1CC2COC(C2)O1
0,1,1,1,1,1,1,0,0,1,2,1,1,0,0,0,0,0,1,1,0,0,1,0,0,0,0,1,1,0,1,0,0,0,0,0,3,0,CC1CC2COC1C2=O
0,1,1,1,1,1,0,0,0,1,2,1,1,0,0,0,0,0,1,1,0,0,0,1,0,0,0,1,1,0,0,1,0,0,0,0,3,0,CC1CC2OCC1C2=O
0,1,1,1,1,1,0,0,0,0,2,0,1,0,1,1,0,0,0,1,0,0,1,1,0,0,0,1,1,0,2,0,0,0,0,0,3,0,OC1CC2COC1C2=O
0,0,1,0,1,1,0,0,1,1,2,1,1,0,0,2,0,0,0,0,0,0,0,1,0,1,0,1,0,0,1,0,1,0,0,0,4,0,CC1C2CC(O)C1CO2
1,0,0,1,0,1,1,0,1,2,2,2,1,0,0,0,2,0,1,0,0,0,0,0,0,1,0,0,0,0,0,0,1,0,0,0,4,0,CC1OC2CCC1C2C
1,0,0,1,0,1,1,0,1,1,2,1,1,0,0,1,2,2,0,0,0,0,0,0,0,0,0,0,0,0,1,0,1,0,0,0,4,0,CC1OC2CCC1C2O
0,1,1,1,1,1,1,0,1,0,4,0,1,0,2,1,2,0,0,0,0,0,0,1,0,0,0,0,0,0,1,0,0,0,0,0,3,0,OC1CC2CCC1OC2
0,0,2,2,1,2,0,0,0,0,3,0,2,0,2,1,0,0,0,0,0,0,0,1,0,0,1,0,0,1,1,0,0,0,0,0,3,0,OC1CC2COC1OC2
1,0,1,0,1,2,0,0,0,0,3,1,0,1,0,2,0,0,0,0,0,1,0,0,0,0,0,1,0,0,1,0,0,1,1,1,3,0,CC12CC(O)CC1CO2
0,0,0,1,1,1,1,0,0,0,4,1,0,1,0,2,1,0,0,0,0,1,0,0,1,0,0,0,0,0,1,1,0,1,0,1,2,0,CC12CCC1CC(O)C2
1,0,0,1,0,1,1,0,0,1,3,2,1,1,0,1,2,0,0,0,0,2,0,0,1,0,0,0,0,0,1,0,0,0,0,1,2,0,CC1CC2(C)CCC2O1
1,0,1,1,0,1,1,0,1,1,2,1,0,0,1,1,2,0,0,0,0,0,0,0,0,0,0,0,0,0,1,0,1,0,0,0,4,0,CC1OC2CCC2C1O
1,0,0,0,0,1,1,0,1,1,2,1,0,0,0,0,2,0,0,0,1,0,1,2,0,0,0,0,0,0,0,0,1,1,1,0,3,0,CC1OC2CCC2C=C1
2,0,2,0,1,2,0,0,1,1,3,2,1,0,0,1,0,0,0,0,1,1,0,0,0,0,0,1,0,0,0,0,0,0,0,0,3,0,CC1CC2COCC2O1
0,0,2,0,2,1,0,0,0,0,4,0,2,0,0,3,0,0,0,0,2,1,0,0,0,0,0,1,0,0,1,0,0,0,0,0,3,1,OC1CC2COCC2C1
0,0,1,1,1,0,0,0,1,1,2,2,1,0,0,1,0,1,0,1,0,0,0,1,0,0,1,0,2,0,0,1,0,0,0,1,1,0,CC1CN=C(C)N1C=O
0,0,1,1,0,0,0,0,0,1,2,2,1,0,0,2,0,1,0,0,0,0,0,0,0,0,1,0,1,0,1,1,1,0,1,2,1,0,CC1CN=C(C=O)N1C
0,0,1,0,0,0,1,0,0,1,2,1,1,1,1,0,0,0,0,0,0,1,2,2,1,0,0,0,2,0,0,0,0,0,1,0,2,0,CC1CC=C(CC#C)C1
0,0,0,1,1,0,0,0,0,1,1,2,0,0,0,1,0,0,0,1,0,0,1,2,1,1,1,0,1,1,0,0,1,0,1,0,1,0,CC1CC=CC(=O)N1C
0,0,1,1,0,0,0,0,0,1,2,1,0,0,0,1,0,0,0,1,0,0,0,2,1,0,1,1,1,3,1,0,0,0,0,0,2,0,CC1C=CCC(O)C1=O
0,0,0,1,0,0,0,0,0,1,1,1,0,0,0,2,0,0,0,1,0,1,1,2,0,1,0,0,2,1,1,0,0,0,1,0,1,1,CN1CC=CC(O)C1=O
0,0,0,1,1,0,0,0,1,1,3,0,0,0,0,2,0,1,0,0,1,1,0,1,0,0,0,1,0,0,1,1,2,0,0,1,1,0,OC1CN=CN(C1)C=O
0,0,0,1,0,0,0,0,0,1,1,1,0,0,0,2,0,0,0,0,1,0,0,3,1,0,1,0,1,2,1,0,0,0,1,0,2,1,CC(=O)C1C=CCC1O
0,0,0,1,1,0,1,0,0,0,1,0,0,0,0,2,0,0,0,0,1,0,0,3,1,0,1,1,1,2,1,0,0,0,0,0,2,1,NC(=O)C1C=CCC1O
0,1,0,1,0,0,1,0,0,0,1,1,0,1,0,1,0,0,0,0,0,0,0,3,1,1,1,0,0,1,1,0,0,0,1,2,2,0,CC12NC1C(O)CC=C2
1,1,0,0,1,1,0,0,1,1,2,2,1,0,0,0,0,0,0,0,0,1,1,2,1,0,0,0,0,2,0,0,0,0,0,0,3,0,CC1CC=CC2CC2O1
0,0,0,1,0,0,0,0,0,0,3,0,0,1,0,1,2,0,0,0,0,0,1,3,1,0,1,1,0,2,1,0,1,0,1,0,3,0,OC1CC=CC2CCC12
1,0,0,1,0,0,1,0,0,1,2,1,0,0,0,1,2,0,0,1,0,0,0,2,1,1,1,0,1,2,0,0,0,0,0,0,1,0,CC1CC=CCC(=O)N1
0,2,1,0,0,0,1,0,0,0,2,1,0,1,0,2,0,0,0,0,0,0,0,2,1,0,0,0,0,2,1,1,0,1,0,1,1,0,CC1(O)CC=CCC1O
0,0,0,2,0,1,1,0,0,1,4,1,0,2,0,1,0,1,0,0,0,1,0,1,0,0,0,0,0,0,0,0,1,0,0,1,1,1,CC1CN=COC11CC1
0,0,1,0,0,0,3,0,0,1,2,1,1,0,0,0,0,0,0,0,0,1,1,2,2,0,0,0,0,2,1,0,0,0,0,1,2,0,CC1CC=CCC1C#C
0,0,1,1,0,1,1,0,0,1,2,1,1,0,0,0,1,1,0,0,1,1,1,1,0,0,0,0,1,0,0,0,1,0,0,2,2,0,CC1OC=NCC1C#C
0,0,0,1,0,1,0,1,0,1,2,1,1,0,0,0,1,1,0,0,1,0,0,1,0,0,0,0,1,1,0,0,1,0,0,2,2,0,CC1OC=NCC1C#N
0,0,1,0,0,0,3,0,0,0,2,0,1,0,0,1,0,0,0,1,0,1,1,3,2,0,1,0,0,2,1,0,0,0,0,1,2,0,OC1CC=CCC1C#C
0,0,0,1,0,1,1,0,1,1,2,1,0,1,1,1,0,1,0,0,0,0,0,2,1,0,1,0,0,2,0,1,0,0,0,0,1,0,CC1CC=CCN1C=O
0,0,0,1,0,0,2,0,0,0,2,0,0,0,0,1,1,1,0,0,0,0,0,3,2,0,1,0,0,2,1,1,0,1,0,0,2,0,OC1CC=CCC1C=O
0,0,0,0,1,0,2,0,0,0,3,0,0,0,0,1,0,0,0,0,1,0,0,3,2,0,1,1,0,2,1,0,1,0,0,0,3,0,OC1CC=CCC2CC12
0,0,0,2,0,0,1,0,0,1,2,1,0,0,0,0,0,0,0,1,0,0,0,2,1,1,0,0,1,2,1,1,0,1,0,0,1,1,CC1CC=CCNC1=O
0,0,0,2,0,0,1,0,0,0,2,0,0,0,0,1,0,0,0,1,0,0,0,2,1,1,0,0,1,2,2,1,1,0,0,0,1,1,OC1CC=CCNC1=O
0,0,1,1,0,1,0,0,1,1,1,2,1,0,0,0,1,0,0,1,1,1,0,0,0,2,0,0,2,0,0,0,0,1,0,0,1,0,CC1COC(=O)C(=N)N1
0,0,1,0,1,1,0,0,1,1,2,1,0,0,0,2,0,0,0,0,0,1,1,0,1,1,0,0,1,0,1,0,0,1,0,0,2,0,CC1CC(O)COC1=N
0,0,0,1,0,0,0,0,0,1,4,1,0,0,0,2,1,0,0,1,0,1,0,0,1,0,0,1,1,2,1,0,0,0,1,0,1,0,CN1CC(O)CCC1=O
0,0,1,2,0,1,1,0,0,0,1,0,1,0,0,1,0,0,0,1,0,1,0,1,1,1,0,0,1,1,1,0,0,0,0,1,2,0,OC1CNC(=O)C1C#C
0,0,0,2,0,1,0,0,1,1,3,1,0,0,0,1,1,1,0,1,0,0,0,0,0,0,1,0,2,2,0,1,0,0,0,0,1,0,CC1CCC(=O)N1C=O
0,0,1,2,0,0,1,0,1,1,1,1,1,0,0,0,0,0,0,1,0,1,0,0,1,3,0,2,1,0,0,0,0,0,0,0,2,0,CC1CNC(C#C)C1=O
0,0,0,2,0,0,0,1,1,1,1,1,1,0,0,0,1,0,0,1,0,0,0,0,1,3,0,2,1,1,0,0,0,0,0,0,2,0,CC1CNC(C#N)C1=O
0,0,1,0,0,0,1,0,0,1,2,2,1,0,0,1,2,0,0,0,0,1,1,1,0,0,0,0,0,0,1,0,0,0,1,1,3,0,CC1CCC(C#C)C1O
0,0,1,1,0,1,1,0,0,0,3,2,0,1,1,1,2,0,0,0,0,1,0,0,0,0,0,0,0,0,1,0,0,0,1,2,1,0,CC1(C)CCC(O)CO1
0,0,1,1,0,1,1,0,0,0,2,1,0,1,0,2,0,1,0,0,0,1,0,0,0,0,0,0,0,2,1,1,0,0,1,1,1,0,CC1(CC(O)CO1)C=O
0,0,0,1,0,1,1,0,0,2,1,2,0,0,0,0,1,0,0,2,0,1,0,0,1,1,0,1,1,0,0,0,1,0,0,1,2,0,CC1CNC(C)C(=O)O1
1,0,1,0,1,1,0,0,0,1,2,1,1,0,0,2,0,0,0,1,0,2,0,2,0,0,0,0,0,0,2,0,0,0,0,0,3,0,CC1CC(O)C(O)CO1
0,1,0,1,1,0,0,0,0,1,3,1,1,0,0,2,2,1,0,0,0,2,0,0,0,0,0,0,0,0,1,0,0,0,1,0,2,1,CC(=O)C1CCC(O)C1
0,1,0,1,2,0,1,0,0,0,3,0,1,0,0,2,2,1,0,0,0,2,0,0,0,0,0,0,0,0,1,0,0,1,0,0,3,1,NC(=O)C1CCC(O)C1
1,0,1,0,0,2,1,0,2,1,3,2,2,0,0,0,2,0,0,1,0,1,0,0,0,0,0,0,0,0,0,0,0,0,0,1,3,0,CC1CCC(O1)C1CO1
0,0,3,0,0,1,1,0,1,0,2,0,2,1,1,1,0,0,0,0,0,2,0,2,0,0,0,0,0,0,1,0,1,1,0,0,2,0,OC1COC(C=C1)C#C
0,0,1,0,0,0,1,1,0,0,2,1,1,0,1,1,1,0,0,0,0,1,1,2,1,0,0,0,2,0,1,0,0,0,1,0,2,0,OC1CCC(CC#C)=C1
0,0,0,0,0,0,0,1,0,0,3,0,2,0,0,1,2,0,1,0,1,1,0,0,1,1,0,2,0,2,1,0,0,0,0,1,2,0,OC1CCC(NC1)C#N
0,0,1,1,0,0,0,1,0,0,2,1,0,0,0,1,1,1,0,0,0,0,1,1,1,0,0,0,1,2,1,1,0,1,0,0,2,0,OC1CCC(CC=O)=C1
1,0,0,1,0,2,0,0,0,1,2,1,0,0,0,0,2,1,0,0,0,1,1,0,0,0,0,0,0,1,0,1,1,1,0,1,2,0,CC1CCC(CC=O)O1
0,0,0,1,1,0,0,0,0,1,3,0,1,0,0,1,2,2,1,0,0,1,0,0,1,0,0,0,0,0,1,1,0,0,2,0,2,0,OC1CCC(C1)OC=O
1,0,1,0,0,1,1,0,0,0,2,2,1,2,1,1,0,0,0,0,0,1,1,0,0,0,0,0,0,0,1,0,0,0,1,1,1,0,CC1(CC#C)OCC1O
1,0,1,1,0,1,0,0,0,0,2,1,1,1,0,1,0,1,0,0,0,0,1,0,0,0,0,0,0,1,1,1,0,0,1,1,1,0,CC1(CC=O)OCC1O
0,0,1,2,0,0,1,0,0,0,4,1,0,1,0,1,2,1,0,0,0,0,0,2,0,0,1,0,0,1,1,0,0,0,0,0,2,0,OC1CCC11CCC=C1
1,1,1,2,0,1,0,0,0,1,3,3,1,1,0,1,0,0,0,0,0,0,0,0,0,0,0,0,0,0,0,1,1,0,0,0,3,0,CC1OCC1C1(O)CC1
0,0,2,1,0,1,0,0,0,1,4,2,0,0,0,1,2,0,0,0,1,0,0,0,1,0,0,1,0,0,0,1,1,0,0,0,3,0,CC1CCC1C1COC1
0,0,0,2,0,2,0,0,0,1,5,1,1,1,0,1,0,0,0,0,0,1,0,1,1,0,2,0,0,0,0,1,0,0,0,0,1,1,CC1CC2(CCC2)CO1
0,0,1,2,1,1,0,0,1,0,5,0,0,1,0,2,1,1,0,0,0,1,0,0,0,0,0,1,0,0,1,0,0,0,1,0,1,0,OC1CCC2(CCO2)C1
0,0,2,2,1,1,1,0,0,0,5,0,0,1,0,2,0,0,0,0,0,1,0,0,0,0,0,1,0,0,1,1,0,0,1,0,1,0,OC1COC2(CCC2)C1
0,0,1,1,1,0,1,0,0,1,2,2,1,1,0,0,2,0,0,0,0,1,0,0,1,0,0,0,1,0,1,0,1,0,0,0,4,0,CC1CCC2C(C#C)C12
0,0,0,1,0,1,0,1,0,1,2,2,1,0,0,0,2,0,0,0,0,0,0,0,1,0,0,0,1,1,1,0,1,1,0,0,4,0,CC1CCC2C(C#N)C12
0,0,2,0,1,1,1,0,0,1,1,1,2,1,0,0,0,0,0,0,0,1,0,0,2,0,0,0,1,0,0,0,2,0,0,0,4,0,CC1OCC2C(C#C)C12
0,0,1,1,1,0,1,0,0,0,2,0,1,1,0,1,2,0,0,0,0,1,0,1,1,0,0,0,1,0,1,0,1,0,0,0,4,0,OC1CCC2C(C#C)C12
0,0,0,1,0,1,0,1,0,0,2,0,1,0,0,1,2,0,0,0,0,0,0,1,1,0,0,0,1,1,1,0,1,1,0,0,4,0,OC1CCC2C(C#N)C12
0,0,0,1,1,0,0,0,0,1,4,2,0,0,0,0,2,0,0,0,0,1,0,0,1,0,0,0,0,1,0,1,3,0,0,0,5,0,CC1CCC2C3CC1C23
0,0,0,1,1,0,0,0,0,1,4,3,0,0,0,0,2,0,0,0,0,1,0,0,1,0,0,0,0,1,1,0,3,0,0,0,5,0,CC1CCC2C3CC3C12
0,0,0,0,0,0,0,0,0,1,3,2,0,1,0,0,2,0,0,0,0,0,1,2,1,0,0,0,0,2,0,1,2,1,1,0,3,0,CC1CCC2C=CCC12
0,0,0,1,1,1,1,0,1,1,2,2,0,1,0,0,3,0,0,1,0,0,0,0,0,0,0,0,1,1,0,0,1,0,0,0,3,0,CC1CCC2OC(=O)C12
0,0,0,0,0,1,1,1,2,0,2,0,0,1,0,1,2,0,1,0,0,0,0,1,0,0,0,0,1,0,1,0,1,1,0,0,3,1,OC1CCC2OC(=N)C12
0,0,0,1,0,1,1,0,1,0,2,0,0,1,0,1,3,0,0,1,0,0,0,1,0,0,0,0,1,1,1,0,1,0,0,0,3,1,OC1CCC2OC(=O)C12
1,0,0,0,0,1,1,0,0,0,4,1,1,1,0,3,2,0,0,0,0,1,0,1,1,0,0,0,0,0,1,0,0,0,0,1,2,0,CC12CC1CCC(O)C2
1,0,1,0,0,3,1,0,0,1,3,2,1,1,0,2,0,0,0,0,0,1,0,1,1,0,0,0,0,0,0,0,0,0,0,1,2,0,CC1CC2(C)CC2CO1
0,0,1,1,1,1,0,0,0,1,2,1,1,1,0,0,0,0,0,1,1,0,0,0,1,0,0,1,1,0,1,0,0,0,0,0,3,0,CC1OCC2CC2C1=O
0,0,1,0,1,1,0,0,2,1,2,1,1,0,0,1,0,0,0,0,0,0,0,2,0,0,0,0,0,0,1,0,2,0,1,0,4,0,CC1C2CC2OCC1O
0,1,2,0,1,1,0,1,2,0,2,0,2,0,0,1,0,0,0,0,0,1,1,2,0,0,0,0,0,0,1,0,0,0,0,0,3,0,OC1COC2CC2C=C1
1,0,1,1,0,2,1,0,2,1,3,1,1,0,0,0,2,0,0,2,0,1,0,0,0,0,0,0,0,0,0,0,0,0,0,1,3,0,CC1CCC2OC2CO1
1,0,0,1,0,1,2,0,2,0,4,0,2,0,1,1,4,0,0,2,0,1,0,0,0,0,0,0,0,0,1,0,0,0,0,0,3,0,OC1CCC2OC2CC1
0,0,1,1,1,1,0,0,0,1,4,2,1,0,0,0,2,0,0,0,1,0,0,0,0,0,0,0,1,1,0,0,0,0,1,0,3,0,CC1CCC2CC1CO2
0,1,1,1,1,1,0,0,1,1,4,2,1,0,1,0,2,0,0,0,0,0,1,0,0,0,0,0,0,0,0,0,0,0,0,0,3,0,CC1CCC2COC1C2
0,0,1,1,1,1,0,0,0,0,4,0,1,0,0,1,2,0,0,0,1,0,0,1,1,0,0,0,0,1,1,0,0,0,1,0,3,0,OC1CCC2CC1CO2
1,0,1,0,0,2,1,0,1,0,4,0,1,0,0,1,2,0,0,0,0,0,0,1,0,0,0,0,0,1,1,0,0,1,0,0,3,0,OC1COC2CCC1O2
1,0,1,0,0,2,1,0,2,1,3,2,1,0,0,0,2,0,0,1,0,1,0,0,0,0,0,0,0,0,0,0,0,0,0,1,3,0,CC1CCC2OCC2O1
1,0,1,0,0,2,2,0,2,1,3,2,1,0,0,0,2,0,0,1,0,1,0,0,0,0,0,0,0,0,0,0,0,0,0,0,3,0,CC1COC2CCC2O1
0,0,1,0,1,1,1,0,1,0,4,0,3,0,0,1,2,0,0,0,1,1,0,0,1,0,0,0,0,0,1,0,0,0,0,0,3,0,OC1CCC2OCC2C1
0,0,0,1,0,0,1,0,0,1,1,2,0,0,0,0,0,0,0,2,1,0,0,1,1,1,0,1,2,1,0,1,0,0,0,1,1,0,CC1NCC=C(C)C1=O
1,0,0,1,0,1,0,0,0,1,2,2,0,0,0,1,0,1,0,2,1,0,0,1,1,0,0,0,2,1,0,0,0,1,1,0,1,0,CC1=CCCN(C1=O)C
0,0,0,1,1,1,0,0,1,1,2,1,1,0,0,1,0,1,0,0,0,1,0,1,0,0,0,1,1,0,0,2,0,0,0,1,1,0,CC1CC(C=O)=CCO1
0,0,0,1,0,1,0,0,0,1,2,1,0,0,0,1,1,1,0,0,1,1,0,1,1,0,0,0,1,0,0,1,1,0,0,1,1,0,CC1CCN=C(O1)C=O
0,0,0,1,0,1,0,0,0,1,2,1,0,0,1,0,1,0,0,1,0,1,0,2,0,0,0,0,1,1,0,1,1,0,0,1,2,0,CC1CCC=CC(=O)O1
0,0,0,1,0,1,2,0,0,1,1,1,0,0,1,0,0,0,1,1,0,1,0,2,1,2,0,0,1,0,0,0,1,0,0,0,1,0,CC1CNC=CC(=O)O1
0,0,1,2,0,0,1,0,0,0,4,2,0,1,0,1,1,0,0,0,0,0,0,2,0,0,1,0,1,1,1,0,0,0,0,0,2,0,OC1CCC=CC11CC1
0,0,0,1,0,0,0,0,0,1,2,3,0,0,0,2,0,0,0,1,1,0,0,2,1,1,0,1,1,1,0,0,0,0,1,0,1,0,CN1CCC=CNC1=O
0,0,3,0,1,1,1,0,1,1,3,1,1,0,0,0,0,0,0,0,1,1,1,0,0,0,0,1,0,1,0,0,0,0,0,0,2,1,CC1COCC(C1)C#C
1,0,0,2,0,0,1,0,1,0,4,0,0,0,0,2,1,1,0,0,0,1,0,0,0,0,0,1,0,1,1,1,0,0,1,0,1,0,OC1CCCN(C1)C=O
1,0,0,1,1,2,0,0,2,1,3,1,1,0,0,1,1,1,0,2,0,1,0,0,0,0,0,0,0,0,0,0,0,0,0,0,3,0,CC1CC2OC2CCO1
1,0,2,0,1,2,0,0,1,1,3,2,1,0,0,1,0,0,0,0,1,1,0,0,0,0,0,1,0,0,0,0,0,0,0,0,3,0,CC1COCC2CC2O1
2,0,2,1,1,2,0,0,2,1,3,1,0,0,0,1,0,0,0,0,0,0,0,0,0,0,0,1,0,1,0,0,0,0,0,0,3,1,CC1COCC2OC2C1
2,0,0,1,1,1,0,0,2,0,4,0,0,0,0,3,2,0,0,1,0,1,0,0,0,0,0,0,0,0,2,0,0,0,0,0,3,0,OC1CCCC2OC2C1
0,0,0,1,0,1,1,0,1,1,4,1,1,0,0,0,3,1,0,0,0,0,0,0,1,0,0,0,0,0,0,1,1,0,0,0,3,0,CC1CCOC2CCC12
0,0,2,0,0,1,1,0,0,1,3,1,1,0,1,0,1,1,0,0,0,1,1,0,0,1,0,1,0,0,0,1,0,0,0,1,2,0,CC1COCCC1C#C
0,0,1,0,0,1,1,0,0,0,3,0,2,0,0,1,1,1,0,0,0,2,0,1,0,0,0,0,0,1,2,0,0,0,1,0,3,0,OC1CCCOC1C#C
0,0,2,0,0,1,1,0,0,0,3,0,1,0,2,1,1,1,0,0,0,1,1,1,0,0,0,0,0,0,1,0,0,0,0,1,2,0,OC1CCOCC1C#C
0,1,0,0,1,1,0,0,1,1,4,1,1,0,0,0,1,1,0,0,0,0,0,1,0,0,0,0,0,0,1,1,1,0,1,0,3,0,CC1CCCOC2CC12
0,0,1,0,1,1,0,0,0,1,4,1,0,0,1,1,1,1,0,0,1,0,0,0,0,0,0,1,0,0,0,1,1,0,1,0,3,0,CC1CCOCC2CC12
0,0,0,0,1,4,0,1,1,1,3,1,2,0,0,0,0,2,0,0,0,0,0,1,0,0,0,0,0,0,0,0,1,0,1,0,3,0,CC1OCCOC2CC12
0,0,1,0,1,1,0,0,0,0,4,0,0,0,1,1,1,1,0,0,1,0,0,1,0,0,0,1,0,0,1,0,1,0,0,1,3,0,OC1COCCC2CC12
1,0,1,0,0,2,0,0,1,0,3,0,0,0,1,1,1,1,0,1,0,0,0,1,0,0,1,0,0,0,1,0,1,0,0,0,3,0,OC1COCCC2OC12
0,0,0,1,0,1,0,0,1,1,5,2,0,0,0,1,0,2,0,1,0,1,0,0,1,0,0,0,1,0,0,0,0,0,1,0,1,1,CN1CCOCCC1=O
1,0,0,1,0,2,0,0,0,0,3,1,1,1,0,1,1,1,1,0,0,0,0,1,0,0,0,1,0,0,0,0,1,1,0,0,1,0,CN=COC12CC1CC2
1,1,0,1,0,1,0,0,1,0,1,2,0,0,1,1,0,0,1,0,0,0,1,0,1,1,0,1,0,2,0,0,0,0,0,0,1,1,CCC(=O)C(C)C1CN1
1,0,0,1,0,1,1,0,1,0,1,2,0,0,0,1,0,1,1,0,1,0,0,0,1,1,0,1,0,2,0,0,0,0,0,0,1,1,COC(=O)C(C)C1CN1
1,0,0,1,0,1,2,0,0,0,1,1,0,0,0,1,0,1,1,1,1,0,0,0,1,1,0,1,0,1,0,0,0,0,1,0,1,1,COC(=O)C(N)C1CN1
1,0,0,1,0,1,1,0,0,0,1,1,1,0,0,2,0,1,1,0,1,0,0,0,1,1,0,2,1,1,0,0,0,0,0,0,1,1,COC(=O)C(O)C1CN1
0,1,0,2,0,1,0,0,1,0,3,1,0,1,1,2,1,0,0,0,0,0,1,0,0,0,0,0,0,1,0,0,1,0,0,0,2,1,CCC(=O)C12CC1CC2
1,1,1,1,0,2,0,0,0,0,2,1,0,1,1,2,0,0,0,0,0,0,1,0,0,0,0,0,0,1,0,0,1,0,1,0,2,1,CCC(=O)C12CC1CO2
0,1,0,2,0,1,0,0,0,0,2,1,1,1,1,2,1,0,0,0,0,0,1,0,0,0,0,0,0,1,0,0,1,0,0,1,1,1,CCC(=O)C12CCC1O2
0,0,0,2,1,1,0,1,1,0,3,1,0,1,0,2,1,1,0,0,0,0,1,0,0,0,1,0,0,0,0,0,0,0,0,0,2,1,CNC(=O)C12CC1CC2
1,0,2,1,0,3,0,1,0,0,2,1,0,1,0,2,0,1,0,0,0,0,0,0,0,0,1,0,0,0,0,0,1,0,1,0,1,1,CNC(=O)C12CC1CO2
0,1,1,1,1,0,1,0,0,0,1,1,1,0,1,1,0,0,0,0,0,1,2,1,0,1,0,0,0,0,0,0,1,0,0,1,2,1,CCC(=O)C1CC1C#C
0,1,0,1,1,0,0,1,0,0,1,1,1,0,1,1,0,0,0,0,0,0,2,1,0,1,0,0,0,1,0,0,1,0,0,1,2,1,CCC(=O)C1CC1C#N
1,1,1,1,0,0,1,1,0,1,0,1,1,0,1,1,0,0,0,0,0,1,1,0,0,1,0,0,0,0,0,0,1,0,0,0,2,1,CCC(=O)C1NC1C#C
0,0,1,1,1,0,1,1,0,0,1,1,1,0,0,1,0,0,0,0,0,1,1,1,0,1,0,1,0,0,0,0,0,0,0,1,2,1,CNC(=O)C1CC1C#C
0,0,1,1,1,0,1,1,0,0,1,1,1,0,0,1,0,0,1,0,1,1,1,1,0,1,0,0,0,0,0,0,0,0,0,1,2,1,COC(=O)C1CC1C#C
0,0,1,1,1,0,1,0,0,0,1,0,1,0,0,2,0,0,0,0,0,1,2,1,0,1,1,0,0,0,0,0,1,0,0,1,2,1,OCC(=O)C1CC1C#C
1,2,0,2,1,0,1,0,1,0,1,1,0,0,1,2,0,1,0,0,0,0,1,0,0,0,0,1,0,0,0,1,1,0,0,0,1,1,CCC(=O)C1CN1C=O
1,0,0,2,1,0,1,1,1,0,1,1,0,0,0,2,0,1,1,0,1,0,0,0,0,0,0,1,0,0,0,1,0,0,0,0,1,2,COC(=O)C1CN1C=O
0,0,1,2,1,0,0,0,0,0,1,1,0,0,0,2,1,1,1,0,1,0,1,0,0,0,0,1,1,0,0,1,0,1,0,0,1,1,COC(=O)N1CC1C=O
0,1,0,1,2,0,0,0,0,0,2,1,0,0,2,1,0,1,1,0,1,0,1,1,0,0,0,1,0,0,0,0,2,0,0,0,3,1,CCC(=O)C1CC2CC12
1,2,0,1,1,0,1,0,1,0,2,1,0,1,1,2,0,0,0,0,0,0,1,0,0,0,0,1,0,0,0,0,1,0,0,0,2,1,CCC(=O)C1CC2CN12
0,0,0,1,2,0,0,1,0,0,2,1,0,0,0,1,0,1,1,0,1,0,0,1,0,0,0,2,0,0,1,0,1,0,0,0,3,1,CNC(=O)C1CC2CC12
0,0,0,1,2,0,0,1,0,0,2,1,0,0,0,1,0,1,2,0,2,0,0,1,0,0,0,1,0,1,0,0,1,0,0,0,3,1,COC(=O)C1CC2CC12
0,0,0,1,2,0,0,0,0,0,2,0,0,0,1,2,0,1,1,0,1,0,1,1,0,0,1,1,0,0,0,0,2,0,0,0,3,1,OCC(=O)C1CC2CC12
0,1,0,1,0,0,2,0,0,0,2,1,0,0,1,1,0,0,0,0,0,1,1,2,2,0,0,0,0,2,0,0,1,0,0,0,1,1,CCC(=O)C1CC=CC1
0,1,1,1,0,1,1,0,1,0,1,1,0,0,1,1,0,0,0,0,0,1,2,0,0,0,0,0,1,0,0,0,1,1,0,0,1,1,CCC(=O)C1COC1=N
1,1,0,1,0,0,0,0,0,0,2,1,0,0,1,2,0,0,0,0,0,0,1,1,1,1,0,1,0,0,1,0,1,0,0,0,2,1,CCC(=O)C1NCC1O
1,0,0,1,0,0,0,1,0,0,2,1,0,1,0,2,0,0,1,0,1,0,0,1,1,1,0,1,0,0,1,0,0,0,0,0,2,1,COC(=O)C1NCC1O
0,1,1,1,0,1,0,0,0,0,3,1,0,0,2,1,1,1,0,0,0,1,1,0,0,0,0,0,1,0,0,0,1,0,0,0,1,1,CCC(=O)C1CCOC1
0,1,0,1,0,4,0,0,0,0,2,1,3,1,1,1,0,2,0,0,0,0,1,0,0,0,0,0,0,0,0,0,1,0,0,0,1,1,CCC(=O)C1OCCO1
0,1,0,1,0,1,1,2,0,0,0,1,1,0,0,2,0,0,1,0,0,2,1,0,0,0,1,0,0,1,0,0,0,1,0,0,1,1,CNC(=O)OC(=N)C#C
0,0,1,1,1,1,0,0,0,0,1,1,0,0,0,2,0,1,1,0,1,0,0,1,1,0,1,0,0,0,1,0,0,0,0,0,3,1,COC(=O)NC1CC1O
0,0,0,1,0,0,1,1,0,0,1,1,0,0,0,1,0,0,1,0,0,0,2,0,1,1,1,1,1,1,0,0,0,1,0,0,1,1,CNC(=O)OCC1CN1
2,0,0,0,0,1,0,0,1,1,1,1,0,0,0,3,0,0,0,1,0,0,1,0,1,1,1,2,0,1,0,0,0,1,0,0,3,0,CC(O)C(CO)C1CN1
0,0,1,0,0,2,1,1,0,0,1,1,2,0,1,1,0,0,0,0,1,0,1,0,1,1,0,1,0,1,0,0,0,0,0,1,1,0,CCC(N)(C#N)C1CO1
1,0,0,1,0,0,2,0,0,0,0,1,1,1,3,2,0,1,1,0,0,1,2,1,0,0,0,0,0,0,0,1,1,0,0,0,0,0,CCC(O)(CC#C)C=O
2,0,0,0,0,2,0,0,1,0,1,1,0,0,1,3,0,0,0,0,0,0,1,0,2,1,1,2,0,1,0,0,0,0,1,0,1,0,CC(CO)C(O)C1CN1
2,0,0,0,0,2,0,0,1,0,1,2,0,0,2,2,0,0,1,0,0,0,1,0,1,1,0,2,0,1,0,0,0,0,1,0,1,0,CCC(C)C(O)C1CN1
2,1,0,0,0,2,0,0,1,1,1,2,0,0,0,2,0,0,1,0,1,0,0,0,1,1,0,2,0,1,0,0,0,0,0,0,1,0,COC(C)C(O)C1CN1
2,1,0,0,0,0,1,0,2,0,1,3,1,0,1,0,0,0,1,0,1,1,1,0,0,0,0,0,0,0,0,2,0,0,1,0,1,0,COC(C)C(C)CC#C
2,0,0,1,0,0,0,0,1,0,0,1,0,1,0,2,1,1,0,0,0,0,2,0,0,1,1,1,0,1,0,1,0,0,1,0,0,1,CC(CC=O)C(O)CO
1,0,0,0,2,0,1,0,0,0,2,1,0,0,1,2,0,0,0,2,0,1,1,1,0,0,0,1,0,0,1,0,0,0,0,0,2,1,CCC(O)C1CC(O)C1
1,0,0,1,2,0,0,0,1,0,2,2,0,0,0,1,0,0,1,1,1,1,0,0,0,0,0,0,1,0,1,0,0,0,0,1,2,1,COC(C)C1CC(O)C1
1,0,1,0,1,0,1,0,1,1,1,1,1,0,0,1,0,0,0,1,1,1,2,1,0,0,1,0,0,0,0,0,0,0,0,1,2,0,CC(CO)C1CC1C#C
1,0,0,0,1,0,0,1,1,1,1,1,1,0,0,1,0,0,0,1,1,0,1,1,0,0,1,0,0,1,0,0,0,0,0,1,2,0,CC(CO)C1CC1C#N
1,0,1,0,1,0,1,0,1,1,1,2,1,0,1,0,0,0,0,1,1,1,2,1,0,0,0,0,0,0,0,0,0,0,0,1,2,0,CCC(C)C1CC1C#C
1,0,1,0,1,0,1,0,0,0,1,1,1,0,1,1,0,0,0,1,0,1,2,2,0,0,0,1,0,0,0,0,0,0,0,1,2,0,CCC(O)C1CC1C#C
1,0,1,1,1,0,1,0,1,0,1,2,1,0,0,0,0,0,1,1,1,1,1,1,0,0,0,0,1,0,0,0,0,0,0,1,2,0,COC(C)C1CC1C#C
2,0,1,1,0,1,1,0,2,0,0,2,1,0,0,0,0,0,1,0,1,1,0,0,0,0,0,1,1,0,1,0,0,0,0,0,3,0,COC(C)C1OC1C#C
1,0,0,1,1,0,0,0,1,0,1,2,1,0,0,1,0,0,1,0,1,0,1,1,0,0,1,0,2,0,0,1,0,0,0,0,2,1,COC(C)C1CC1CO
1,0,0,0,2,0,0,0,1,1,2,1,0,0,0,1,0,1,0,0,1,0,1,1,0,1,1,1,0,0,0,0,1,0,0,0,3,1,CC(CO)C1CC2CC12
1,0,0,0,2,0,0,0,1,1,2,2,0,0,1,0,0,1,0,0,1,0,1,1,0,1,0,1,0,0,0,0,1,0,0,0,3,1,CCC(C)C1CC2CC12
1,0,0,1,2,0,0,0,1,0,2,2,0,0,0,0,0,1,1,0,2,0,0,1,0,1,0,1,1,0,0,0,1,0,0,0,3,0,COC(C)C1CC2CC12
1,0,0,0,0,0,2,0,1,1,2,3,0,0,0,1,0,0,0,1,0,0,1,2,2,0,1,0,0,2,0,0,0,0,0,0,1,0,CC(CO)C1CC=CC1
1,0,0,0,0,0,2,0,1,1,2,4,0,0,1,0,0,0,0,1,0,0,1,2,2,0,0,0,0,2,0,0,0,0,0,0,1,1,CCC(C)C1CC=CC1
1,0,0,0,0,0,2,0,0,0,2,3,0,0,1,1,0,0,0,2,0,0,1,3,2,1,0,1,0,2,0,0,0,0,0,0,1,0,CCC(O)C1CC=CC1
1,0,0,1,0,0,2,0,1,0,2,4,0,0,0,0,0,0,1,1,1,0,0,2,2,0,0,0,1,2,0,0,0,0,0,0,1,0,COC(C)C1CC=CC1
1,0,0,0,0,0,2,0,0,0,2,2,0,0,0,2,0,0,0,1,0,0,1,2,2,1,1,1,0,2,0,0,0,0,0,0,1,0,OCC(O)C1CC=CC1
1,0,0,0,0,4,0,0,1,1,2,1,2,0,0,1,0,3,0,1,0,0,3,0,0,0,1,0,0,0,0,0,0,0,0,0,1,0,CC(CO)C1OCCO1
1,0,0,0,0,4,0,0,0,0,2,1,2,0,1,1,0,2,0,1,0,0,3,1,0,0,0,1,0,0,0,0,0,0,1,0,1,0,CCC(O)C1OCCO1
1,0,1,1,0,4,0,0,1,0,2,2,2,0,0,0,0,2,1,1,1,0,2,0,0,0,0,0,1,0,0,0,0,0,0,0,1,0,COC(C)C1OCCO1
1,0,0,1,0,1,1,0,0,0,2,2,0,0,1,2,0,0,0,0,0,0,1,0,1,1,0,1,0,1,1,0,0,0,1,0,1,1,CCC(C1CN1)C(C)=O
1,0,0,1,1,1,1,0,0,0,1,1,1,0,1,1,0,0,0,0,0,0,1,0,1,1,0,1,0,1,1,0,0,0,0,0,1,1,CCC(C1CN1)C(N)=O
1,0,0,1,0,1,1,0,0,0,1,2,0,0,0,1,0,0,1,0,1,0,0,0,2,1,0,1,1,1,0,0,0,1,1,0,1,1,COC(C1CN1)C(C)=O
1,0,0,1,1,1,1,0,0,0,1,1,0,0,0,1,0,0,1,0,1,0,0,0,1,1,0,1,1,1,0,0,0,1,0,0,1,1,COC(C1CN1)C(N)=O
1,0,0,1,0,1,1,0,0,0,2,1,1,0,1,0,0,0,1,0,1,1,1,0,1,1,0,1,0,1,0,1,0,0,0,0,1,0,COC(CC#C)C1CN1
1,1,0,2,1,0,0,0,0,0,0,2,0,0,2,1,0,1,1,1,1,0,1,0,0,0,0,1,0,0,0,1,0,0,0,0,1,1,CCC(OC)C(=O)C=O
1,1,0,2,0,0,0,0,0,0,0,1,0,0,1,2,0,1,1,1,1,0,1,0,0,0,1,1,0,0,1,1,0,0,0,0,1,1,COC(CO)C(=O)C=O
1,0,1,0,0,2,1,0,0,0,1,1,2,0,1,0,0,1,0,0,0,1,2,1,1,0,0,0,0,0,0,0,0,1,1,0,1,0,CCC(CC1CO1)C#C
1,0,1,0,0,2,0,1,0,0,1,1,2,0,1,0,0,1,0,0,0,0,2,1,1,0,0,0,0,1,0,0,0,1,1,0,1,0,CCC(CC1CO1)C#N
1,0,1,1,0,1,0,2,0,0,1,1,2,0,0,0,0,1,0,0,0,0,1,0,0,0,0,0,1,1,0,0,2,1,1,0,1,0,CNC(CC1CO1)C#N
1,0,0,0,1,0,1,0,0,1,2,1,1,0,0,1,2,1,1,1,1,1,1,0,0,0,0,0,0,0,0,0,0,0,0,0,2,0,COC(CC1CC1)C#C
1,0,0,0,1,0,0,1,0,1,2,1,1,0,0,1,2,1,1,1,1,0,1,0,0,0,0,0,0,1,0,0,0,0,0,1,1,0,COC(CC1CC1)C#N
1,0,1,0,0,1,1,0,0,0,1,1,3,0,0,1,0,1,1,0,1,1,1,0,0,0,0,0,0,0,0,0,0,1,1,0,2,0,COC(CC1CO1)C#C
1,0,1,0,0,1,0,1,0,0,1,1,3,0,0,1,0,1,1,0,1,0,1,0,0,0,0,0,0,1,0,0,0,1,1,1,1,0,COC(CC1CO1)C#N
1,0,1,0,0,1,1,0,0,0,1,0,2,0,0,2,0,1,0,0,0,1,2,1,1,0,1,0,0,0,0,0,0,1,1,0,1,0,OCC(CC1CO1)C#C
1,0,1,0,0,1,0,1,0,0,1,0,2,0,0,1,0,1,0,0,0,0,2,1,2,0,1,0,0,1,0,0,0,1,1,0,1,0,OCC(CC1CO1)C#N
1,0,1,1,0,1,0,0,0,0,1,1,1,0,0,0,0,2,1,0,1,0,1,0,0,0,1,0,0,0,0,1,0,1,1,0,1,1,COC(CC1CO1)C=O
1,1,0,2,0,0,1,0,0,0,0,2,0,0,1,1,0,1,1,0,1,1,1,0,0,0,0,0,0,1,0,1,0,0,1,0,0,2,COC(CC=O)C(C)=O
1,0,0,2,0,1,0,0,0,0,1,1,0,0,0,0,0,1,1,0,1,0,1,0,1,1,0,1,0,2,0,1,0,0,1,0,1,1,COC(CC=O)C1CN1
0,1,0,2,0,0,0,0,1,1,0,1,0,1,1,1,1,0,0,1,0,1,1,0,0,1,0,0,1,0,1,0,0,0,0,1,2,0,CCC1(O)C2NC(=O)C12
0,1,0,1,1,1,0,0,1,1,0,1,0,1,1,1,1,0,0,1,0,0,1,0,0,0,0,0,1,0,0,0,1,0,0,1,2,0,CCC1(O)C2OC(=O)C12
0,1,1,0,0,1,1,0,0,0,1,3,0,2,0,1,0,0,2,0,1,0,0,1,0,0,1,0,0,0,0,0,0,0,1,2,1,0,COC1(C)C2COC12C
0,1,0,0,0,0,1,0,0,0,1,2,0,1,2,1,0,0,0,0,0,0,1,2,1,0,0,1,1,1,1,0,0,0,0,1,1,0,CCC1(C)C=CCC1O
0,2,0,1,0,0,1,0,0,0,1,0,1,1,0,3,0,0,0,0,0,0,1,3,1,1,1,0,0,1,1,0,0,0,0,0,1,0,OCC1(O)C=CCC1O
0,0,1,1,0,1,0,1,1,0,2,1,1,1,0,2,0,0,0,0,0,0,1,0,0,0,1,0,0,0,0,0,1,0,0,1,2,1,CC1(CO)CC1C1CO1
1,0,1,0,0,0,1,0,1,0,1,1,1,1,1,2,0,0,0,0,0,1,2,0,0,1,1,0,1,0,0,0,0,0,1,1,0,0,CC1(CO)CN1CC#C
0,0,0,0,0,1,1,0,1,0,1,2,1,1,2,0,0,1,0,0,1,1,2,0,0,0,0,1,0,0,0,0,0,0,1,1,1,0,CCC1(C)OC1CC#C
0,0,1,1,1,0,0,1,0,0,2,2,0,2,0,2,0,1,0,0,0,0,1,0,1,0,2,0,0,0,0,1,0,0,0,2,1,0,CC12CC1C(C)(CO)C2
1,0,0,1,0,0,0,2,0,0,1,1,1,1,0,1,0,0,0,0,0,0,1,0,0,1,1,1,1,1,0,0,0,0,0,1,1,1,CC1(CO)CNC1C#N
0,0,1,1,0,1,1,1,0,0,1,1,2,1,0,1,1,1,0,0,0,1,1,0,0,0,1,0,0,0,0,0,0,0,0,1,1,0,CC1(CO)COC1C#C
1,0,0,1,0,0,0,1,0,0,1,2,1,1,1,0,0,0,0,0,0,0,1,0,1,1,0,1,1,1,0,0,0,0,0,1,1,1,CCC1(C)CNC1C#N
1,0,0,2,0,1,0,1,1,0,2,1,0,1,0,1,1,1,1,0,0,0,1,0,0,0,1,0,0,0,0,0,0,0,0,1,2,0,CC1(CO)CCC2OC12
0,0,0,1,1,1,0,1,1,0,2,1,1,1,0,1,1,0,0,0,0,0,1,0,0,0,1,0,1,1,0,0,0,0,0,1,2,0,CC1(CO)COC2CC12
1,2,0,2,0,1,0,0,1,0,2,1,0,2,1,1,1,1,1,0,0,0,1,0,0,0,0,0,0,0,0,0,0,0,0,0,2,0,CCC1(O)CCC2OC12
1,1,0,2,0,1,0,0,1,0,2,0,0,2,0,2,1,1,1,0,0,1,1,0,0,0,1,0,0,0,0,0,0,0,0,0,2,0,OCC1(O)CCC2OC12
0,1,0,2,0,1,1,0,1,0,2,1,1,1,1,1,0,1,0,1,0,0,1,0,0,0,0,0,1,1,0,0,0,1,0,0,0,0,CCC1(O)CCOC1=O
0,1,0,2,0,1,1,0,1,1,2,0,1,1,0,2,0,1,0,1,0,0,1,0,0,0,1,0,1,1,0,0,0,1,0,0,0,0,OCC1(O)CCOC1=O
0,1,0,2,0,1,0,1,0,1,2,2,1,1,0,1,0,1,0,0,0,0,1,0,1,0,1,0,0,0,0,0,0,0,0,1,1,0,CC1OCCC1(C)CO
0,0,1,0,0,0,1,1,1,0,2,1,2,1,0,1,0,0,1,0,1,1,0,0,0,1,0,0,0,2,0,0,0,0,0,1,1,0,COC1(CC1C#C)C#N
0,0,0,1,0,0,1,1,1,1,1,1,1,1,1,1,0,1,0,0,0,1,1,0,0,1,0,1,0,0,0,1,0,0,0,1,0,0,CCC1(CN1C=O)C#C
0,0,0,1,0,0,0,2,1,1,1,1,1,1,1,1,0,1,0,0,0,0,1,0,0,1,0,1,0,1,0,1,0,0,0,1,0,0,CCC1(CN1C=O)C#N
0,0,0,1,0,0,1,2,1,1,1,0,1,1,0,1,0,1,0,0,1,0,1,0,0,1,0,1,0,1,0,1,0,0,0,1,0,0,NCC1(CN1C=O)C#N
0,0,0,1,0,0,1,1,1,1,1,0,1,1,0,2,0,1,0,0,0,1,1,0,0,1,1,1,0,0,0,1,0,0,0,1,0,0,OCC1(CN1C=O)C#C
0,1,0,1,1,0,2,0,0,0,2,1,1,1,1,0,1,0,0,0,1,1,1,2,0,0,0,0,0,1,0,0,0,0,0,0,1,0,CCC1(CCC=C1)C#C
0,1,0,1,1,0,1,1,0,0,2,1,1,1,2,0,1,0,0,0,1,0,1,2,0,0,0,0,0,2,0,0,0,0,0,0,1,0,CCC1(CCC=C1)C#N
0,0,0,1,1,0,1,1,0,0,2,0,1,1,1,1,1,0,0,0,1,0,1,2,0,0,1,0,0,2,0,0,0,0,0,0,1,0,OCC1(CCC=C1)C#N
1,0,1,0,1,1,0,0,0,0,2,2,0,2,1,2,0,0,0,0,0,0,1,0,0,0,1,1,0,0,0,0,2,0,0,1,1,0,CCC12C3CN1C2(C)C3
1,1,0,0,0,1,0,0,1,2,0,2,0,1,1,1,0,0,0,0,0,0,1,0,0,0,1,0,1,0,1,0,1,1,0,0,2,0,CC1C2C(=N)OC12CO
1,1,0,0,0,1,0,0,1,1,0,2,0,1,1,1,0,0,0,0,0,0,1,0,0,0,0,0,2,0,1,0,1,1,0,1,2,0,CCC12OC(=N)C1C2O
0,1,0,1,0,1,0,0,0,1,0,1,0,2,1,1,1,0,0,1,0,0,1,0,0,0,0,0,2,0,1,0,1,0,0,1,2,0,CCC12OC(=O)C1C2O
0,1,0,1,0,1,0,0,0,1,2,1,0,1,1,2,1,0,0,1,0,0,2,1,0,0,0,1,1,0,0,0,0,0,0,0,1,0,CCC12CC(C1)C(=O)O2
0,0,1,0,0,1,0,0,0,0,2,1,0,1,1,2,0,0,0,0,1,0,1,1,0,0,0,0,1,0,1,0,1,0,1,0,2,1,CCC12CC(CO1)C2O
0,0,0,1,0,0,0,0,0,1,3,2,1,1,0,1,1,0,1,0,2,0,0,0,0,0,0,1,1,1,0,0,0,1,0,0,2,0,COC12CC(CC1)C2C
0,1,0,1,0,1,0,0,0,0,1,1,1,2,0,1,0,0,0,1,1,0,1,0,0,0,1,0,1,0,1,1,0,1,0,1,0,0,CC12CC1(CO)OC2=O
1,2,0,0,0,1,0,0,1,0,1,1,0,3,1,1,0,0,0,0,1,1,1,0,1,0,0,0,1,0,0,1,0,1,0,0,0,0,CCC12CC1(O)C(=N)O2
1,2,0,1,0,1,0,0,0,0,1,1,0,2,1,1,0,0,0,1,1,1,1,0,1,0,0,0,1,0,0,1,0,2,0,0,0,0,CCC12CC1(O)C(=O)O2
0,1,0,0,1,0,1,0,0,0,2,1,1,2,0,1,0,0,0,0,0,0,1,2,0,0,1,0,0,1,0,1,1,0,1,1,0,0,CC12CC1(CO)C=CC2
0,0,0,0,0,2,0,0,0,0,2,2,0,2,1,0,0,0,1,0,1,1,1,0,1,0,0,0,0,1,0,1,1,0,2,1,0,0,CCC12CC1(C)OCO2
0,0,0,0,0,0,0,0,0,0,2,5,1,2,0,1,0,0,1,0,1,0,1,0,0,0,1,1,1,0,0,1,0,0,0,2,1,0,COC12CC1C(C)(C)C2
1,0,0,0,0,0,0,0,0,1,1,1,1,1,0,3,0,0,0,0,0,0,1,1,0,1,1,0,1,0,1,1,1,0,0,0,2,0,CC1C(O)C2(CO)CN12
0,0,0,1,0,0,1,1,0,0,3,1,0,2,0,1,1,0,1,0,1,0,0,2,0,0,0,1,0,1,0,0,0,0,0,0,2,1,COC12CC1C=CCC2
0,0,0,1,2,1,0,0,0,0,4,1,1,1,1,1,0,1,0,0,2,0,1,1,0,0,0,0,0,0,0,0,0,0,0,0,3,0,CCC12CC1CC1CC21
0,1,0,0,0,1,1,1,0,0,2,2,0,2,1,3,0,0,0,0,0,0,1,0,0,0,1,1,0,0,0,0,0,0,1,1,1,0,CCC12CC1CC2(C)O
0,0,0,1,0,1,0,0,1,1,2,1,0,1,1,2,0,2,0,0,0,0,1,1,0,0,0,1,0,0,0,1,0,0,0,1,1,0,CCC12CC1CN2C=O
0,0,0,2,0,1,0,0,1,1,2,0,0,1,0,3,0,2,0,0,0,0,1,1,0,0,1,1,0,0,0,1,0,0,0,1,1,0,OCC12CC1CN2C=O
0,1,1,0,1,0,0,0,0,0,2,1,1,2,1,1,0,0,0,0,0,0,1,1,0,1,2,1,0,0,0,1,0,0,0,0,2,0,CCC12CC3(O)C1CC23
0,0,2,1,0,2,0,0,0,0,4,1,0,1,1,1,1,0,1,0,1,0,0,0,0,0,0,0,0,0,1,0,2,0,1,0,1,0,COC12CCC(CO1)C2
0,0,0,1,0,0,0,0,1,0,3,1,1,1,0,3,1,0,1,0,1,0,0,1,1,0,0,1,0,0,1,0,0,0,0,0,2,0,COC12CCC1C(O)C2
1,0,0,1,0,1,0,0,0,0,2,1,2,1,1,0,1,0,0,1,0,0,1,1,0,0,0,1,0,0,0,0,0,0,1,1,1,1,CCC12CCC1N=CO2
0,1,0,1,0,1,1,0,1,0,1,1,0,1,1,0,0,0,1,0,0,0,1,0,1,1,0,0,1,0,0,0,1,1,1,0,1,0,CCC12NCC1OC2=N
0,1,0,2,0,1,1,0,0,0,1,0,0,1,0,1,0,0,0,1,0,0,1,0,1,1,1,0,1,0,0,0,1,1,0,1,1,0,OCC12NCC1OC2=O
1,0,1,0,0,2,1,1,0,0,2,1,0,1,1,0,0,0,0,1,0,0,1,2,1,0,0,1,0,2,0,0,0,0,1,0,1,0,CCC12OCC1CC=C2
0,0,0,1,0,1,1,1,0,0,3,1,0,1,0,0,1,0,1,1,2,0,0,2,1,0,0,0,0,1,0,0,0,0,0,1,1,0,COC12CCC1CC=C2
1,0,1,0,0,2,1,1,0,0,2,0,0,1,0,1,0,0,0,0,0,0,1,2,1,0,1,1,0,1,0,0,0,0,1,0,1,0,OCC12OCC1CC=C2
1,0,0,1,0,1,0,0,1,0,2,1,0,1,0,1,1,1,1,1,0,0,1,0,0,0,1,0,0,0,0,0,0,0,0,1,3,0,OCC12CCC3OC1C23
1,1,0,0,0,2,0,0,0,0,1,1,1,1,2,1,0,0,0,0,0,0,1,0,0,0,0,0,1,0,1,1,2,0,1,0,2,0,CCC12OCOC1C2O
0,0,0,2,1,0,0,1,1,1,0,1,0,1,0,1,0,0,0,1,1,0,1,1,0,1,1,0,2,1,0,0,0,0,0,0,1,0,CC1C=C(CO)NC1=O
0,0,0,2,1,0,0,1,1,1,0,2,0,1,1,0,0,0,0,1,1,0,1,1,0,1,0,0,2,1,0,0,0,0,0,0,1,0,CCC1=CC(C)C(=O)N1
0,1,1,2,1,1,0,1,0,0,3,0,0,1,0,1,0,0,0,0,1,0,1,1,0,0,1,1,1,0,0,0,0,0,0,1,0,0,C1CC12CN=C(O2)CO
0,0,1,0,2,1,0,1,0,0,3,1,0,0,2,0,0,0,0,0,0,0,2,1,2,0,1,0,1,1,0,0,0,0,0,0,2,0,CCC1=CCC2CC1C2
0,0,0,0,1,0,0,1,1,0,1,0,1,0,1,1,0,0,0,0,0,0,1,1,1,1,1,1,1,1,0,1,0,0,0,0,2,0,OCC1=CCNC1C#N
0,2,1,1,0,0,0,0,0,0,3,1,0,1,0,2,0,0,1,1,1,0,2,0,0,0,0,1,2,1,0,0,0,0,0,0,2,0,COC1C(=O)C2CC12O
0,2,1,1,0,0,0,0,0,1,2,0,0,1,0,3,0,0,0,1,0,0,1,0,0,0,1,1,1,1,0,1,0,0,0,0,2,0,OCC1C(=O)C2CC12O
0,1,1,0,0,2,0,0,1,1,0,2,0,1,0,1,0,1,0,0,0,0,1,1,0,0,1,0,1,0,0,1,0,1,0,2,1,0,CC1(C)OC(=N)C1CO
0,1,0,3,0,2,0,0,0,0,3,1,0,1,0,1,1,0,1,1,1,1,0,1,0,0,0,0,2,0,0,0,0,0,0,0,1,0,COC1C(=O)OC11CC1
0,1,0,2,0,1,0,0,1,1,2,0,0,1,0,2,0,0,0,0,0,1,1,1,0,0,1,0,1,0,0,1,0,1,0,0,1,0,OCC1C(=N)OC11CC1
0,1,0,3,0,2,0,0,0,1,2,0,0,1,0,2,1,0,0,1,0,1,1,0,1,0,1,0,1,0,0,1,0,0,0,0,1,0,OCC1C(=O)OC11CC1
0,0,0,1,0,0,0,1,0,1,0,1,1,1,0,2,0,2,0,1,0,0,1,0,0,0,1,1,1,0,1,1,0,0,0,0,3,0,CC1C(CO)C(O)C1=O
0,0,0,1,0,0,0,1,0,1,1,2,1,1,1,1,0,1,0,1,0,0,1,0,0,0,0,1,1,0,1,0,0,0,0,0,3,0,CCC1C(C)C(=O)C1O
0,0,0,1,0,1,0,1,0,1,1,2,0,1,0,1,0,1,1,1,1,0,0,0,0,0,0,1,1,1,1,0,0,0,0,0,3,0,COC1C(C)C(=O)C1O
0,0,0,1,0,1,0,0,0,0,1,1,0,3,0,2,0,0,1,1,1,0,0,0,0,0,0,1,1,2,2,0,0,0,0,0,3,0,COC1C(O)C(=O)C1O
0,0,0,1,0,1,0,0,0,0,0,0,2,2,0,3,0,1,0,1,0,0,1,0,0,0,1,1,1,0,2,1,0,0,0,0,3,0,OCC1C(O)C(=O)C1O
1,0,0,1,0,0,0,0,0,1,1,2,0,0,0,2,0,0,1,1,0,0,1,0,0,0,2,1,1,1,0,1,0,0,1,0,2,0,CC1N(C)C(CO)C1=O
1,0,1,0,0,1,0,0,1,0,1,1,1,0,0,2,0,0,2,0,0,1,1,0,0,1,1,0,0,0,0,1,0,0,1,0,3,0,CN1C(CO)C1C1CO1
1,0,0,1,0,0,0,0,0,0,0,1,0,0,2,2,0,1,3,1,0,0,2,0,0,0,1,0,0,1,0,2,0,0,1,0,2,0,CN1C(CO)C1CC=O
0,1,1,0,0,0,0,0,0,0,1,1,1,1,1,3,0,1,0,0,0,1,1,0,0,0,0,0,0,2,1,0,0,0,0,1,3,0,CCC1C(O)C2CC12O
0,1,1,0,0,1,0,0,0,0,1,0,0,1,0,4,0,1,0,0,0,1,1,0,0,0,1,0,0,2,1,1,0,0,0,1,3,0,OCC1C(O)C2CC12O
0,3,0,0,0,0,0,0,0,0,1,1,0,1,0,4,0,0,0,0,0,1,1,2,0,0,1,0,0,0,1,1,0,1,0,1,2,0,CC1(O)CC(O)C1CO
0,1,0,0,0,1,0,0,0,0,2,0,0,1,0,3,0,0,0,1,0,2,1,1,0,0,1,0,0,0,1,1,1,0,1,0,2,0,OCC1C(O)CC11CO1
1,0,1,0,1,0,1,0,0,1,1,1,1,0,0,1,0,1,0,0,0,1,2,0,0,0,1,0,0,0,0,1,0,0,0,1,3,0,CC1CC(C#C)C1CO
0,0,1,0,1,1,1,0,0,0,2,1,1,0,0,1,0,0,1,0,2,1,1,1,0,0,0,0,0,0,1,0,0,0,0,2,3,0,COC1C(O)CC1C#C
0,0,1,0,1,0,1,0,0,0,1,0,1,0,0,2,0,1,0,0,0,1,2,1,0,0,1,0,1,0,1,1,0,0,0,2,3,0,OCC1C(O)CC1C#C
0,0,0,0,1,0,0,1,0,0,1,0,1,0,0,2,1,1,0,0,0,0,1,1,0,0,1,0,1,1,1,1,0,0,0,2,3,0,OCC1C(O)CC1C#N
0,0,0,1,0,0,0,0,0,1,1,2,1,0,2,2,0,0,0,1,0,0,1,0,1,1,1,1,1,0,0,0,0,1,0,0,1,0,CCN1C(C)CNC1=O
0,0,1,1,1,1,2,0,0,0,1,1,1,0,0,1,0,1,1,0,1,1,1,0,0,0,1,0,1,0,0,1,0,0,0,0,3,0,COC1C(CO)C1C#C
0,0,0,1,0,2,0,1,0,0,1,1,1,0,0,1,0,1,1,0,1,0,1,0,0,0,1,0,1,1,0,1,0,0,0,0,3,0,COC1C(CO)C1C#N
0,0,1,0,0,2,1,1,1,0,0,1,1,0,0,0,1,0,0,0,1,1,0,0,0,0,0,1,1,1,1,0,1,1,0,0,3,0,CNC1C(OC1=N)C#C
0,0,1,1,0,1,1,1,0,0,0,1,1,0,0,0,1,0,0,1,1,1,0,0,0,0,0,0,1,1,1,0,2,0,0,0,3,0,CNC1C(OC1=O)C#C
0,0,1,1,0,1,1,0,0,0,1,0,1,0,0,1,1,0,0,1,0,2,1,0,0,0,1,0,1,0,0,1,2,0,0,0,3,0,OCC1C(OC1=O)C#C
0,0,0,1,0,1,0,1,0,0,1,0,1,0,0,1,1,0,0,1,0,1,1,0,0,0,1,0,1,1,0,1,2,0,0,0,3,0,OCC1C(OC1=O)C#N
0,0,0,1,0,1,0,0,0,0,1,1,0,1,0,1,0,0,1,1,1,1,1,0,1,0,0,1,1,0,1,0,0,0,0,0,4,0,COC1C2C1C(=O)C2O
1,0,0,2,0,0,0,0,0,0,2,1,0,0,1,0,2,0,0,0,0,2,1,0,2,0,0,0,0,0,0,0,2,2,0,0,5,0,CCC1C2C1C1CCC21
0,0,0,2,0,0,0,0,0,0,2,0,0,0,0,1,2,1,0,0,0,2,1,0,2,0,1,0,0,0,0,1,2,2,0,0,5,0,OCC1C2C1C1CCC21
0,0,1,0,0,1,0,0,1,0,1,0,1,1,0,2,0,0,2,0,0,0,1,1,0,1,1,0,0,0,0,1,0,0,1,0,4,0,OCC1C2C3OCC3N12
0,0,0,0,2,0,0,0,0,0,2,1,0,0,0,1,0,1,0,0,1,0,1,0,1,0,1,2,0,2,0,1,2,0,0,0,5,0,OCC1C2C3CC1CC23
0,0,0,2,1,0,0,0,0,0,2,0,0,0,0,1,2,1,0,0,0,0,1,0,2,0,1,0,0,0,0,1,2,1,0,0,5,0,OCC1C2C3CCC1C23
0,0,0,1,0,1,0,0,0,0,0,2,0,1,0,1,0,0,0,1,0,1,1,0,0,0,1,0,2,0,0,1,1,1,0,2,2,1,CC12C(CO)C1OC2=O
1,1,1,0,0,1,0,0,1,0,1,1,0,1,0,1,0,0,1,1,1,0,0,0,0,0,0,0,2,0,1,0,1,1,0,0,2,0,COC1C2OC(=N)C12O
1,1,1,1,0,1,0,0,0,0,1,2,0,1,0,1,0,0,1,1,1,0,0,0,0,0,0,0,1,0,1,0,1,1,0,0,2,0,COC1C2OC(=O)C12O
0,0,0,1,0,1,1,0,0,1,0,1,0,1,0,1,0,0,0,2,0,1,1,0,0,0,1,0,1,0,0,1,1,1,1,0,3,0,NC12C(CO)C1OC2=O
0,1,0,1,0,1,0,0,0,0,0,1,0,1,0,2,0,0,0,1,0,1,1,0,0,0,1,0,1,0,1,1,1,2,0,0,2,0,OCC1C2OC(=O)C12O
0,1,1,0,1,1,1,0,0,0,2,1,1,0,0,0,0,0,2,0,1,1,1,0,1,0,0,0,0,0,0,0,1,0,0,1,4,0,COC1C2CC(C#C)C12
0,0,0,0,4,1,0,2,0,0,3,1,0,0,0,1,0,0,1,0,1,1,0,0,0,0,0,0,0,0,1,0,2,0,0,0,4,1,COC1C2CC(O)CC12
0,1,1,0,1,0,1,0,0,0,1,1,0,1,1,2,0,0,1,0,1,1,2,2,0,0,0,0,0,0,0,0,0,0,1,0,2,0,CCC1C2CC1(O)C=C2
0,1,1,0,1,0,1,0,0,0,1,0,0,1,0,3,0,0,0,0,1,1,2,2,0,0,1,0,0,0,0,1,0,0,1,0,2,0,OCC1C2CC1(O)C=C2
0,1,0,1,0,0,0,0,0,0,3,1,0,1,1,2,1,0,0,0,1,1,1,0,1,0,1,0,0,0,0,1,0,0,0,1,2,0,CC12CC(CC1)C2CO
0,0,1,0,0,1,0,0,1,0,2,1,0,1,0,2,0,0,0,0,1,1,1,0,0,1,1,0,0,0,0,1,0,0,1,1,2,0,CC12CC(CO1)C2CO
0,0,0,1,0,1,0,0,1,0,2,1,0,1,0,1,1,1,0,0,1,1,1,0,0,1,1,0,0,0,0,1,0,0,0,1,2,0,CC12CCC(O1)C2CO
0,0,1,0,0,1,0,0,1,0,2,2,0,1,1,1,0,0,0,0,1,1,1,0,0,1,0,0,0,0,1,0,0,0,1,1,2,0,CCC1C2CC1(C)OC2
0,0,0,1,1,1,0,0,1,1,1,1,0,0,1,0,1,1,0,1,1,0,1,0,0,0,0,0,1,0,0,0,1,1,0,0,3,0,CCC1C2CC1C(=O)O2
0,0,0,1,1,1,0,0,1,1,1,0,0,0,0,1,1,1,0,1,1,0,1,0,0,0,1,0,1,0,0,2,1,1,0,0,3,0,OCC1C2CC1C(=O)O2
1,0,0,0,0,1,1,1,0,1,0,1,0,0,0,1,1,1,0,1,0,0,1,2,0,0,1,0,1,0,0,2,0,0,0,0,3,0,CC1=CC2OC1C2CO
1,0,0,0,1,1,0,0,1,1,1,1,1,0,0,1,0,1,0,0,0,0,1,2,0,0,1,0,0,0,0,1,1,0,0,0,4,0,CC1OC2CC1C2CO
0,0,0,0,2,0,0,0,0,0,2,1,0,0,0,2,0,1,0,0,2,0,1,1,0,0,1,1,0,0,1,1,1,0,0,0,4,0,OCC1C2CC1C(O)C2
0,0,1,0,2,0,1,0,0,0,2,0,2,0,0,1,0,1,0,0,0,1,1,0,0,0,1,0,1,0,0,1,2,0,0,0,4,0,OCC1C2CC1C2C#C
1,0,0,1,0,2,0,0,2,0,4,1,0,0,0,1,2,1,1,0,1,0,0,0,0,0,0,0,0,2,0,0,0,0,0,0,3,0,COC1C2CCCC1O2
0,1,1,0,0,1,1,0,0,0,2,1,0,1,0,3,0,0,1,0,1,0,0,0,0,0,0,0,1,0,1,0,0,1,0,1,3,0,COC1C2CC2(O)C1O
0,2,1,0,0,0,0,0,0,0,1,0,1,1,0,4,0,1,0,0,0,0,1,0,0,0,1,0,1,0,1,1,0,1,0,1,3,0,OCC1C2CC2(O)C1O
0,0,2,0,3,1,1,0,0,0,3,1,1,0,0,0,0,0,1,0,1,1,0,0,0,0,0,0,1,0,0,0,2,0,0,0,5,0,COC1C2CC2C1C#C
0,0,1,0,2,2,0,1,0,0,3,1,1,0,1,0,0,0,1,0,1,0,0,0,0,0,0,0,1,1,0,0,2,0,0,0,4,0,COC1C2CC2C1C#N
0,0,1,0,1,0,1,0,0,0,1,0,1,0,1,2,0,0,2,0,0,1,1,0,0,0,1,1,1,0,0,1,0,0,1,0,4,0,OCC1C(C#C)C2CN12
0,0,0,0,0,1,1,1,0,0,1,0,1,0,0,2,0,0,2,0,0,0,1,0,0,0,1,1,1,1,0,1,0,0,1,0,4,0,OCC1C(C#N)C2CN12
0,0,1,0,2,0,1,0,0,0,2,0,1,0,0,1,0,1,0,0,1,1,1,0,0,0,1,0,1,0,0,1,2,0,0,0,4,0,OCC1C2CC2C1C#C
0,0,0,1,1,1,0,0,1,0,1,0,0,0,0,1,1,0,0,1,0,1,1,1,0,0,1,0,1,0,0,1,2,0,0,0,3,0,OCC1C2CC2OC1=O
0,0,1,0,2,0,0,0,0,1,2,1,0,0,0,1,0,2,0,0,1,0,1,0,1,0,1,1,0,0,0,1,1,0,0,0,4,0,CC1CC2CC2C1CO
1,0,0,0,1,1,0,0,1,1,1,1,0,0,0,1,0,1,0,0,0,0,1,1,0,0,1,0,1,0,0,1,1,0,0,0,4,0,CC1OC2CC2C1CO
0,0,0,0,2,1,0,0,0,0,3,1,0,0,0,1,0,1,1,0,3,0,0,1,0,0,0,1,0,0,1,1,1,0,0,0,4,0,COC1C2CC2CC1O
0,0,0,0,2,0,0,0,0,0,2,0,0,0,0,2,0,2,0,0,2,0,1,1,1,0,1,1,0,0,1,1,1,0,0,0,4,0,OCC1C2CC2CC1O
1,0,0,0,1,1,0,0,1,0,1,0,0,0,0,1,0,1,0,1,0,0,2,1,1,0,1,0,0,0,0,1,2,0,0,0,5,0,OCC1C2CC3OC1C23
0,1,0,0,3,1,0,0,0,0,3,1,0,0,0,0,0,0,1,0,2,0,0,0,1,0,0,2,0,1,0,0,2,0,0,0,5,0,COC1C2CC3CC2C13
1,0,0,0,1,2,0,0,1,0,2,2,0,0,0,0,0,0,1,1,1,0,0,1,1,0,1,0,1,0,0,0,1,0,0,0,5,0,COC1C2OC3CC2C13
1,0,0,0,1,1,0,0,1,0,1,1,0,0,0,1,0,1,0,1,0,0,1,1,1,0,1,0,0,0,0,1,1,0,0,0,5,0,OCC1C2OC3CC2C13
0,1,0,0,2,1,0,0,0,0,3,1,0,0,0,0,1,1,1,0,2,0,0,0,1,0,0,2,0,0,0,0,2,0,0,0,5,0,COC1C2CC3CC3C12
0,0,0,0,2,0,0,0,0,0,2,0,0,0,0,1,1,2,0,0,1,0,1,0,1,0,1,2,0,0,0,1,2,0,0,0,5,0,OCC1C2CC3CC3C12
0,0,0,0,0,0,4,0,0,0,2,0,0,0,0,1,0,1,0,0,0,0,1,2,2,0,1,0,0,2,0,1,4,0,0,0,3,0,OCC1C2CC=CCC12
0,0,0,1,0,0,0,0,0,0,2,1,0,1,0,1,1,1,2,1,1,1,1,0,0,0,1,0,0,0,0,1,1,0,0,0,2,0,COC12CCC1C2CO
0,0,1,1,0,1,0,0,0,0,1,0,1,1,0,1,0,1,0,1,0,0,1,1,0,0,1,1,1,0,1,1,0,0,0,0,3,0,OCC1C2COC1C2=O
0,0,2,0,0,3,0,0,2,0,3,1,2,0,0,0,0,1,1,2,1,0,0,2,0,0,0,0,0,0,0,0,0,0,0,0,3,0,COC1C2COC1CO2
0,0,1,0,0,1,1,0,1,0,3,1,1,0,0,1,2,1,0,0,1,0,1,0,0,0,1,0,0,0,0,1,0,0,0,0,3,0,OCC1C2CCC1OC2
0,0,0,0,0,0,0,1,0,0,2,0,0,0,0,2,1,0,2,0,0,0,1,2,0,0,2,1,0,1,0,1,1,0,0,0,3,1,OCC1C2C=CCCN12
0,0,1,0,0,1,0,0,0,0,1,0,0,0,0,1,0,1,0,0,1,0,1,1,1,0,1,0,1,0,0,2,1,0,1,1,4,0,OCC1C2COC=NC12
0,0,0,0,0,0,0,0,1,1,1,1,0,0,0,2,0,0,0,1,1,0,1,1,0,0,1,0,2,0,0,1,0,1,2,1,1,0,CN1C=NC(CO)C1=N
0,0,0,2,0,1,0,0,0,0,2,1,0,2,1,2,0,0,0,0,0,1,1,1,0,0,0,0,0,0,0,1,0,0,2,1,1,1,CCC1N=COC11CC1
0,0,0,1,0,1,0,0,0,0,2,1,0,1,0,2,0,0,0,0,0,1,1,2,1,0,1,0,1,1,0,1,0,0,1,0,1,0,OCC1C=CCC11CO1
0,0,1,0,0,0,1,0,0,0,1,0,1,0,0,1,1,0,0,0,0,1,2,2,1,0,1,0,0,2,0,2,0,0,0,1,2,0,OCC1C=CCC1C#C
0,1,0,2,0,0,0,0,0,0,1,0,0,0,0,1,0,0,0,1,0,0,1,2,0,1,2,1,1,2,0,2,0,0,0,0,1,1,OCC1C=CCNC1=O
0,0,0,1,0,0,0,1,0,0,0,1,0,0,0,2,2,0,0,2,1,1,1,1,0,1,1,0,2,1,0,1,0,1,1,0,1,0,CC1=CC(CO)NC1=O
0,0,0,0,0,1,0,1,1,0,0,2,0,0,0,1,0,0,0,1,0,0,1,1,0,1,1,0,2,1,0,2,1,1,0,0,1,0,CC1=CC(CO)OC1=N
1,0,1,0,0,1,1,0,1,0,0,0,1,1,0,1,0,0,0,0,0,1,2,0,0,0,1,0,2,0,0,1,1,1,0,0,2,0,OCC1OC(=N)C1C#C
0,0,0,1,0,0,0,0,1,0,1,1,2,1,1,2,1,0,0,1,0,1,1,0,0,1,0,0,2,0,0,0,0,1,1,0,0,0,CCN1CC(=O)NC1=N
0,0,1,1,1,0,0,1,1,0,1,1,1,0,1,0,1,0,0,1,0,0,1,0,0,0,0,1,1,1,0,0,0,1,0,0,2,0,CCC1CC(C#N)C1=O
0,0,1,1,1,0,1,1,1,0,1,0,1,0,0,1,1,0,0,1,0,0,1,0,0,0,1,1,1,1,0,1,0,0,0,0,2,0,OCC1CC(C#N)C1=O
0,0,1,0,1,0,1,0,0,0,2,1,1,0,0,1,0,0,1,0,1,1,1,0,0,0,0,1,0,0,2,0,1,0,0,1,3,0,COC1CC(C#C)C1O
0,0,0,0,1,1,0,0,1,1,1,1,0,0,0,2,0,0,0,1,0,1,1,0,0,1,1,1,1,0,0,1,1,2,0,0,2,0,CC1CC(CO)OC1=N
0,0,0,1,1,1,0,0,0,1,1,1,0,0,0,1,1,1,0,2,0,1,1,0,0,0,1,0,1,0,0,1,1,1,0,0,2,0,CC1CC(CO)OC1=O
0,0,0,0,1,1,0,0,1,1,1,2,0,0,1,1,0,0,0,0,0,1,1,0,0,1,0,1,1,0,0,0,1,2,0,0,2,0,CCC1CC(C)C(=N)O1
0,0,0,1,0,1,0,0,0,1,1,2,0,0,1,1,0,1,0,1,0,0,1,0,0,0,1,1,1,0,0,0,1,1,1,0,1,0,CCC1CN(C)C(=O)O1
0,0,0,1,0,1,0,0,0,1,1,1,0,0,0,2,0,1,0,1,0,0,1,0,0,0,2,1,1,0,0,1,1,1,1,0,1,0,CN1CC(CO)OC1=O
0,1,0,1,1,1,1,0,0,0,1,0,0,0,0,1,1,0,0,2,0,0,2,0,0,0,1,0,1,0,0,1,1,1,0,0,2,0,NC1CC(CO)OC1=O
1,0,0,0,1,1,0,0,0,1,2,1,1,0,0,1,0,0,0,0,0,0,1,0,1,0,1,0,1,0,0,1,2,0,0,0,4,0,CC1OC(CO)C2CC12
0,0,0,1,1,1,1,0,0,1,1,1,0,0,0,1,1,0,0,1,0,1,1,0,0,0,1,0,1,0,0,1,1,0,0,0,2,0,CC1CC(CO)C(=O)O1
0,1,0,1,0,0,0,0,0,1,3,2,1,0,1,1,0,0,1,1,1,0,1,0,0,0,0,2,1,0,0,0,0,0,1,0,1,0,CCN1CC(C)CC1=O
1,0,0,1,0,0,0,0,0,1,1,2,1,0,1,2,1,0,0,1,0,0,1,0,0,1,0,1,1,1,0,0,0,0,1,0,1,0,CCN1CC(C)NC1=O
0,1,0,1,0,1,0,0,0,0,3,1,1,0,1,2,0,0,1,1,0,1,1,2,0,0,0,1,1,0,1,0,0,0,1,0,1,0,CCN1CC(O)CC1=O
0,1,0,2,1,0,0,1,0,1,1,2,0,0,0,0,1,0,1,1,1,0,0,1,0,1,0,1,1,0,0,0,0,0,0,0,2,0,COC1CC(C)NC1=O
0,0,1,0,2,1,0,0,1,1,3,0,1,0,1,1,0,0,0,0,1,0,1,0,0,0,1,0,0,0,0,1,0,0,0,0,3,1,OCC1CC(C1)C1CO1
2,0,0,2,0,0,0,0,0,0,1,1,1,0,1,1,0,2,0,1,1,0,1,0,0,0,0,1,1,0,0,1,0,0,1,0,1,0,CCN1CC(C=O)C1=O
1,0,0,1,1,1,0,0,0,0,1,1,0,0,0,2,0,1,0,0,0,0,2,0,0,0,2,0,1,0,1,3,0,0,1,0,2,0,CN1C(CO)CC1C=O
1,0,0,1,1,0,0,0,1,0,1,1,0,0,1,1,0,1,0,1,0,0,1,3,0,0,0,1,0,0,0,1,0,0,1,1,1,0,CCC1CN(C=O)C=C1
0,0,0,1,1,0,0,0,1,0,1,1,0,0,1,1,0,1,0,0,1,0,1,2,0,0,1,1,0,0,0,1,0,0,1,1,1,0,CCC1CN(C=O)C=N1
0,0,0,1,1,0,0,1,1,0,1,0,0,0,0,2,0,1,0,1,0,0,1,2,0,0,1,1,0,0,0,2,0,0,1,1,1,0,OCC1CN(C=O)C=C1
0,0,0,1,1,0,0,0,1,0,1,0,0,0,0,2,0,1,0,0,1,1,1,2,0,0,2,1,0,0,0,2,0,0,1,1,1,0,OCC1CN(C=O)C=N1
0,1,0,1,1,0,1,0,0,0,1,1,0,0,0,1,0,0,1,1,1,0,1,1,0,0,1,1,1,0,0,1,0,0,0,0,2,0,COC1CC(CO)C1=O
0,0,0,0,1,0,0,0,0,1,2,2,0,0,0,1,0,0,1,0,1,0,1,0,1,0,1,0,2,0,1,1,0,0,0,1,3,0,COC1CC(CO)C1C
1,0,0,1,0,0,0,0,0,0,1,3,1,1,1,2,0,0,0,0,0,0,1,1,1,1,0,0,0,0,1,0,0,0,1,2,0,1,CCN1CC1(C)C(C)=O
1,0,0,1,1,0,1,0,0,0,1,2,1,1,1,2,0,0,0,0,1,0,1,1,0,1,0,0,0,0,1,0,0,0,1,2,0,1,CCN1CC1(C)C(N)=O
0,0,0,1,0,0,1,0,0,0,1,3,1,2,1,2,0,0,1,0,1,1,1,0,0,1,0,0,0,0,0,0,0,0,1,2,1,0,COC1CC1(C)CC#C
1,0,0,1,0,0,0,0,1,0,1,2,1,1,1,1,0,1,0,0,0,0,2,0,0,1,0,0,0,1,0,2,0,0,1,1,0,0,CCN1CC1(C)CC=O
0,1,0,1,0,1,1,0,0,0,2,1,0,1,0,1,0,0,1,1,1,1,0,0,0,0,1,0,1,0,0,0,0,1,1,0,1,0,COC1CC11CC(=O)O1
0,0,0,1,0,1,0,1,0,1,2,1,0,2,0,1,1,0,0,0,0,0,1,0,0,0,1,1,0,1,0,1,0,1,0,0,2,0,CC1CCC11OC1CO
0,0,0,1,0,0,1,0,0,0,2,1,0,1,1,0,1,0,1,0,0,0,1,2,1,1,0,1,0,2,0,0,0,0,0,0,2,1,CCC1NC11CCC=C1
0,0,2,1,0,0,1,0,0,0,3,0,1,1,0,2,1,1,0,0,0,0,1,2,0,0,1,0,0,1,0,1,0,0,0,0,2,0,OCC1CC11CCC=C1
0,1,0,1,2,0,0,0,0,0,1,1,0,0,1,2,0,0,0,0,1,0,2,1,0,0,1,0,1,0,0,1,1,0,0,0,2,1,CCC(=O)C1CC1CO
1,1,0,0,1,0,0,1,2,0,1,1,2,0,0,1,0,0,0,0,0,0,1,1,0,0,1,0,1,1,0,1,0,0,0,0,2,0,CC(C#N)C1CC1CO
1,0,0,0,1,0,1,1,0,0,1,0,2,0,0,2,0,0,0,0,0,1,1,1,0,0,1,1,2,1,0,1,0,0,0,0,2,0,OCC1CC1C(O)C#C
1,0,0,1,1,0,0,0,0,0,1,0,1,0,0,2,0,1,0,0,0,0,1,1,0,0,1,1,1,0,1,2,0,1,0,0,2,0,OCC1CC1C(O)C=O
0,0,1,0,1,1,0,0,0,0,2,1,0,1,0,1,0,0,0,0,0,0,2,0,0,0,1,0,1,1,0,1,0,1,1,1,2,0,CC1(CO1)C1CC1CO
1,1,2,0,0,3,0,0,0,0,2,0,0,0,0,2,1,0,0,0,1,0,1,0,0,0,1,1,1,0,0,1,0,0,0,0,3,0,OCC1OC1C1COC1
1,0,0,1,1,1,1,0,0,0,1,1,1,1,1,2,0,0,0,0,0,1,2,0,0,0,0,1,0,0,0,1,0,0,0,0,1,1,CCN1CC1CC(N)=O
1,1,1,0,0,1,0,0,2,0,1,2,0,1,0,2,0,0,1,0,0,0,2,0,0,0,2,1,0,0,0,1,0,0,0,0,1,0,CC(C)CN1CC1CO
0,0,0,0,1,1,0,0,0,1,3,0,0,1,0,2,2,0,0,0,0,0,2,0,1,0,2,1,0,0,0,1,0,0,1,0,2,0,OCC1CN1CC1CC1
0,0,0,0,1,0,0,1,0,0,1,2,2,0,0,2,0,0,1,0,1,0,2,0,1,0,1,0,1,1,0,1,0,0,0,0,3,0,OCC1CC1NCC#N
0,0,0,0,0,1,1,0,0,1,1,0,1,2,1,2,0,0,0,0,0,1,3,0,0,0,2,1,0,1,0,1,0,0,1,0,1,0,OCC1CN1CCC#C
0,0,0,0,0,0,0,1,0,0,3,1,0,1,0,4,0,0,0,0,1,0,1,0,0,0,1,0,2,0,1,1,1,0,0,1,2,0,CC12CC(C1)C(CO)C2
1,1,1,0,1,1,1,0,0,0,0,1,1,0,1,1,0,0,0,0,0,1,1,0,2,0,0,0,1,0,0,0,1,0,0,0,4,0,CCC1OC2C(C#C)C12
1,0,1,0,2,0,1,0,0,0,2,1,2,1,0,0,0,0,1,0,1,1,0,0,1,0,0,1,1,0,0,0,1,0,0,0,4,0,COC1CC2C(C#C)C12
1,0,0,0,1,1,0,1,0,0,2,1,2,0,0,0,0,0,1,0,1,0,0,0,1,0,0,1,1,1,0,0,1,1,0,0,4,0,COC1CC2C(C#N)C12
1,0,1,0,2,0,1,0,0,0,1,0,1,1,0,1,0,0,0,0,0,1,1,0,1,0,1,0,2,0,0,1,1,0,0,0,4,0,OCC1CC2C(C#C)C12
1,0,0,0,1,1,0,1,0,0,1,0,1,0,0,1,0,0,0,0,0,0,1,0,1,0,1,0,2,1,0,1,1,1,0,0,4,0,OCC1CC2C(C#N)C12
1,1,1,0,1,1,1,0,0,0,0,0,1,0,0,2,0,0,0,0,0,1,1,0,1,0,1,0,2,0,0,1,1,0,0,0,4,0,OCC1OC2C(C#C)C12
1,1,0,0,1,1,0,0,0,0,1,0,0,0,0,2,0,0,0,0,0,0,1,1,1,0,2,0,1,0,1,1,2,0,0,0,4,0,OCC1OC2C(O)CC12
1,0,0,1,1,1,0,0,0,0,2,0,0,0,0,1,1,0,1,1,0,0,1,0,0,0,1,0,2,0,0,1,1,1,0,0,3,0,OCC1CC2C1OC2=O
1,1,0,0,1,1,0,0,0,0,2,1,0,0,0,1,0,0,0,0,0,0,1,0,2,0,1,0,1,0,0,1,2,0,0,0,5,0,OCC1OC2C3CC1C23
1,1,0,0,1,1,0,0,0,0,2,0,0,0,0,1,0,0,0,0,0,0,1,0,1,0,1,0,1,1,0,1,2,0,0,1,5,0,OCC1OC2C3CC3C12
2,0,0,0,1,1,0,0,1,0,1,0,0,0,0,3,0,0,0,1,0,0,1,1,1,0,1,0,1,0,1,1,0,0,0,0,4,0,OCC1OC2CC(O)C12
0,0,0,0,1,1,1,0,0,0,2,1,1,1,0,1,0,0,1,1,1,1,0,0,0,0,1,0,0,0,1,0,0,0,1,1,2,0,COC1CC2CC12C#C
0,0,0,0,1,1,0,1,0,0,2,1,1,1,0,1,0,0,1,2,1,0,0,0,0,0,1,0,0,1,0,0,0,0,1,1,2,0,COC1CC2CC12C#N
1,0,0,0,1,1,0,0,1,1,1,1,0,0,0,1,0,0,0,0,0,0,1,1,1,1,2,0,1,0,0,1,1,0,0,0,4,0,CC1C2CC1C(CO)O2
1,0,0,0,1,1,0,0,1,0,1,0,0,0,0,2,0,0,0,0,0,0,1,1,2,0,1,0,1,0,1,1,1,0,0,0,4,0,OCC1OC2CC1C2O
1,0,0,0,1,1,0,0,0,1,3,1,0,1,0,3,0,0,0,0,0,0,1,1,2,0,1,0,0,0,0,1,0,0,1,1,2,0,CC12CC1CC(CO)C2
1,0,0,0,1,1,0,0,0,1,3,2,0,1,1,2,0,0,0,0,0,0,1,1,2,0,0,0,0,0,0,0,0,0,1,1,2,0,CCC1CC2CC2(C)C1
1,0,0,1,0,1,0,0,1,1,1,1,1,0,1,1,0,0,0,1,0,0,1,1,0,0,0,1,1,0,0,0,0,0,1,0,2,0,CCN1CC2OC2C1=O
0,0,0,0,2,0,0,0,0,1,2,1,1,0,0,1,0,1,0,0,1,0,1,0,0,0,1,1,2,0,0,1,1,0,0,1,4,0,CC1C2CC2CC1CO
1,0,0,0,1,1,0,0,2,1,1,1,0,0,0,1,0,0,0,0,0,0,1,1,0,0,1,0,1,0,0,1,1,0,0,0,4,1,CC1C2CC2OC1CO
1,0,0,0,1,1,0,0,1,0,1,0,0,0,0,1,0,0,0,1,0,0,1,1,2,0,1,0,1,0,0,1,1,0,0,0,5,0,OCC1OC2CC3C2C13
1,1,0,1,0,1,1,1,0,0,1,1,0,1,0,1,0,0,0,0,0,0,1,0,1,1,1,0,0,0,0,1,0,0,0,1,2,0,CC12NCC1OC2CO
1,0,1,1,1,2,0,0,1,0,2,0,1,0,0,1,0,0,0,1,0,0,1,0,0,0,1,0,1,0,0,1,0,1,0,0,3,0,OCC1CC2OCC1O2
2,0,0,0,0,2,2,0,3,0,2,1,0,0,1,0,2,0,0,2,0,0,1,0,0,0,0,0,0,0,0,0,0,0,0,0,3,2,CCC1OC2CCC2O1
1,0,0,0,1,1,1,0,1,0,3,0,0,0,0,1,2,0,0,0,1,0,1,0,0,0,1,0,0,0,1,1,0,1,0,0,3,0,OCC1CC2CCC2O1
2,0,0,0,0,2,2,0,2,0,2,0,0,0,0,1,2,0,0,2,0,0,1,1,0,0,1,0,0,0,0,1,0,0,0,0,3,2,OCC1OC2CCC2O1
0,0,0,0,1,1,1,0,1,0,3,0,1,0,0,1,1,1,0,0,0,0,1,0,0,0,1,0,2,0,0,1,1,0,1,0,3,0,OCC1CC2OCCC12
2,0,2,0,0,2,0,0,1,0,2,0,0,0,0,1,0,0,0,0,0,0,1,0,1,1,1,1,1,0,0,1,1,0,0,0,3,0,OCC1OC2COCC12
0,0,0,2,0,1,0,0,0,0,2,0,1,0,0,2,0,1,0,0,1,0,1,0,0,0,1,0,1,0,0,3,1,1,0,1,1,0,OCC1CN=C(O1)C=O
0,0,1,2,0,1,0,0,0,0,2,1,0,0,1,1,0,0,0,0,0,0,2,0,0,1,1,0,1,0,0,1,1,1,0,1,1,0,CCC1=NCC(CO)O1
0,0,0,1,0,1,0,0,0,0,1,1,1,0,2,0,0,0,0,1,0,0,2,2,1,0,0,0,1,1,0,1,1,1,0,0,1,0,CCC1CC=CC(=O)O1
0,0,0,1,0,1,0,0,0,0,1,1,0,0,1,0,1,0,1,1,1,0,1,2,1,0,0,0,1,1,0,1,1,0,0,0,1,0,COC1CC=CC(=O)O1
0,0,0,1,0,0,0,1,0,0,1,0,1,0,0,1,1,0,0,1,0,0,2,3,1,1,1,0,1,1,0,1,0,0,0,0,1,0,OCC1CC=CC(=O)N1
0,0,0,1,0,1,0,0,0,0,1,0,0,0,1,1,0,0,0,1,0,0,2,2,1,0,1,0,1,1,0,2,1,1,0,0,1,0,OCC1CC=CC(=O)O1
0,0,0,1,0,0,1,0,0,0,1,3,0,1,1,0,0,0,1,0,2,0,1,2,1,0,0,0,0,1,0,0,0,0,1,2,1,0,COC1CC=CC1(C)C
0,0,0,1,0,1,1,0,0,0,2,0,0,1,0,1,1,1,0,1,0,0,1,1,0,0,1,0,1,0,0,1,1,0,0,1,1,0,OCC1CN=COC1=O
0,0,0,0,1,0,2,0,0,0,2,0,0,0,0,2,0,0,0,0,0,0,1,3,2,0,2,0,1,2,1,1,0,0,0,0,2,0,OCC1CC=CCC1O
0,0,0,1,0,1,0,0,0,0,2,0,1,0,0,2,0,1,0,0,0,0,1,2,0,0,1,0,2,0,1,1,1,0,0,1,2,0,OCC1OC=NCC1O
0,0,0,2,0,0,1,1,1,0,1,0,0,0,0,1,0,0,1,2,0,0,1,0,1,1,1,0,2,0,0,1,0,0,1,0,1,0,OCC1CNC(=O)C1=O
0,0,2,2,0,2,1,0,1,0,1,1,0,1,0,1,0,0,0,2,0,0,1,0,0,0,1,0,2,0,0,1,0,0,0,0,1,0,OCC1COC(=O)C1=O
0,0,0,1,0,1,0,0,0,0,3,1,0,0,0,2,1,0,0,2,0,0,1,0,0,0,2,0,1,1,0,1,1,0,1,0,1,0,CN1C(CO)CCC1=O
0,1,0,2,0,1,0,0,0,0,1,1,0,0,0,3,0,0,0,1,0,0,1,0,1,1,2,1,1,0,0,1,1,0,1,0,1,0,CN1C(CO)CNC1=O
0,0,1,1,0,1,1,0,0,1,1,1,1,0,0,1,0,0,0,1,0,0,1,0,0,0,1,1,1,0,1,1,0,0,0,0,2,0,CC1OCC(CO)C1=O
0,0,1,0,0,1,0,0,0,1,1,1,1,1,0,2,0,0,0,0,0,0,1,1,0,0,1,0,1,0,1,1,1,0,0,0,3,0,CC1C(O)COC1CO
0,0,1,0,0,1,0,0,0,2,3,1,1,0,0,1,2,0,0,0,0,1,1,0,0,0,1,0,0,0,0,1,0,0,0,1,2,1,CC1CCC(CO)CO1
0,0,1,0,1,1,0,1,0,1,2,1,2,0,1,0,0,0,0,1,0,0,1,0,1,0,0,0,0,1,0,0,0,1,0,0,2,1,CCC1COC(C1)C#N
1,0,1,1,1,2,1,0,0,0,2,0,1,0,0,1,2,0,0,0,0,1,1,0,0,0,1,0,0,0,0,1,0,1,0,0,2,0,OCC1CCC(O1)C#C
1,0,0,1,1,2,0,1,0,0,2,0,1,0,0,1,2,0,0,0,0,0,1,0,1,0,1,0,0,1,1,1,0,1,0,0,2,0,OCC1CCC(O1)C#N
0,0,0,0,1,0,0,1,0,1,2,0,1,0,0,1,0,0,1,0,2,0,1,0,1,1,1,1,0,1,0,1,0,0,0,0,2,0,OCC1CNC(C1)C#N
0,0,2,0,1,1,1,0,0,1,2,0,2,0,0,1,0,0,0,1,0,1,1,0,0,0,1,0,0,0,0,1,0,0,0,0,3,1,OCC1COC(C1)C#C
0,0,1,0,1,1,0,1,0,1,2,0,2,0,0,1,0,0,0,1,0,0,1,0,1,0,1,0,0,1,0,1,0,1,0,0,2,1,OCC1COC(C1)C#N
0,1,1,1,1,1,0,0,0,1,2,1,1,1,1,0,0,1,0,0,0,0,1,0,1,0,0,0,0,0,0,1,0,1,0,0,2,1,CCC1COC(C1)C=O
1,0,0,1,1,2,0,0,0,0,2,0,0,0,0,1,2,1,0,0,0,0,1,0,1,0,1,0,1,0,0,2,0,1,0,0,2,0,OCC1CCC(O1)C=O
0,1,1,1,1,1,0,0,0,1,2,0,1,1,0,1,0,1,0,0,0,0,1,0,1,0,1,0,0,0,0,2,0,1,0,0,2,1,OCC1COC(C1)C=O
1,0,0,0,1,3,0,0,1,0,2,1,0,0,1,1,2,0,0,0,0,0,2,0,0,0,1,0,0,0,0,1,0,2,0,0,2,0,CCC1CCC(CO)O1
1,0,0,0,2,3,0,0,1,0,2,0,0,0,0,2,2,0,0,0,0,0,2,0,0,0,2,0,0,0,0,2,0,2,0,0,2,0,OCC1CCC(CO)O1
0,0,1,1,0,0,1,1,1,0,2,1,1,1,0,1,1,0,0,0,0,0,1,0,0,0,1,0,0,1,0,1,0,1,0,1,1,0,CC1(CCC1CO)C#N
0,0,0,1,0,0,1,1,1,0,1,1,2,1,0,1,0,0,0,0,0,0,1,0,0,1,1,1,0,1,0,1,0,0,0,1,1,0,CC1(CNC1CO)C#N
0,1,0,1,0,1,0,2,0,0,2,1,1,2,0,1,1,0,0,0,0,0,1,0,1,0,0,0,0,1,0,1,0,1,0,0,1,0,CNC1CCC1(O)C#N
0,0,0,1,0,0,1,1,1,0,2,2,2,1,0,0,1,0,1,0,1,0,0,0,0,0,0,0,0,1,0,0,0,1,1,1,1,0,COC1CCC1(C)C#N
0,0,0,1,1,0,0,0,0,1,2,1,0,0,0,2,2,0,0,0,0,0,1,1,0,0,2,0,1,0,1,1,0,0,1,0,2,1,CC(=O)C1CCC1CO
0,0,1,1,0,1,0,0,0,1,1,1,2,1,0,3,0,0,0,0,0,0,1,1,0,0,1,0,1,0,0,1,0,0,1,0,2,1,CC(=O)C1COC1CO
0,0,1,1,1,1,1,0,0,0,1,0,2,1,0,2,0,0,0,0,0,0,1,1,0,0,1,0,2,0,0,1,0,0,0,0,2,1,NC(=O)C1COC1CO
1,0,0,0,0,0,0,1,2,0,2,2,0,0,0,1,2,0,0,0,0,0,1,1,0,0,2,0,1,0,1,2,0,0,0,0,2,1,CC(C)C1CCC1CO
1,1,1,0,0,1,0,0,2,0,1,2,1,1,0,1,0,0,0,0,0,0,1,1,0,0,1,0,1,0,0,1,0,0,0,0,2,1,CC(C)C1COC1CO
1,1,1,0,0,1,0,0,2,0,1,2,1,0,0,1,0,0,1,0,0,0,1,0,0,0,1,0,1,0,0,1,0,0,0,0,2,1,CC(C)C1OCC1CO
1,1,1,0,0,1,0,0,1,0,1,1,1,1,0,2,0,0,0,0,0,0,1,1,0,0,1,1,1,0,0,1,0,0,0,0,2,0,CC(O)C1COC1CO
0,0,1,1,0,1,1,0,1,0,3,0,1,0,0,1,2,0,0,0,0,0,1,0,0,0,1,0,1,0,1,1,1,0,0,0,3,0,OCC1CCC1C1CO1
0,0,1,0,0,1,0,0,0,0,3,0,1,1,0,1,2,0,0,0,1,0,1,0,0,0,1,0,1,1,0,1,1,0,0,0,3,0,OCC1OCC1C1CC1
0,0,2,0,0,2,0,0,1,0,2,0,2,1,0,1,0,0,0,0,0,0,1,0,0,1,1,0,1,1,0,1,1,0,0,0,3,0,OCC1OCC1C1CO1
0,1,1,1,1,1,0,0,0,0,1,0,1,1,0,1,0,1,0,0,0,0,2,0,0,0,1,0,1,1,0,2,0,0,0,0,2,0,OCC1OCC1CC=O
0,0,1,1,0,1,0,0,0,0,2,0,1,1,0,1,0,1,1,0,0,0,1,0,0,0,1,1,1,0,0,2,0,0,1,0,2,0,OCC1OCC1OC=O
0,0,0,2,0,1,0,0,0,0,4,1,1,1,1,1,0,0,0,0,0,0,1,1,1,0,1,0,0,0,0,0,0,2,0,1,1,0,CCC1CC2(CC2)CO1
0,0,0,2,0,1,0,0,0,0,4,0,1,1,0,3,0,0,0,0,0,0,1,1,1,0,2,0,0,0,0,1,0,1,0,1,1,0,OCC1CC2(CC2)CO1
0,0,2,2,1,1,0,0,0,1,4,0,0,1,0,2,0,0,0,0,0,0,1,0,1,0,1,1,0,0,0,1,0,0,1,0,1,0,OCC1COC2(CC2)C1
0,0,1,0,0,1,0,0,0,1,1,1,1,1,0,1,0,0,0,0,0,0,1,0,1,0,1,0,1,0,0,1,1,0,0,1,4,0,CC1C2COC(CO)C12
1,0,0,0,1,1,1,0,1,0,3,0,0,0,0,1,3,0,0,0,0,0,1,0,0,0,1,0,1,1,1,1,0,0,0,0,3,0,OCC1CCC2CC1O2
0,0,1,1,2,1,0,0,0,0,3,1,1,1,1,1,0,0,0,0,1,0,1,0,0,0,1,0,1,0,0,1,0,0,0,0,3,0,OCC1OCC2CC1C2
1,0,1,1,1,2,0,0,2,0,2,1,1,0,1,1,0,0,0,1,0,0,1,0,0,0,0,0,0,0,0,0,0,1,0,0,3,0,CCC1CC2OC2CO1
1,0,0,1,2,1,1,0,2,1,3,1,0,0,1,1,2,0,0,1,0,0,1,0,0,0,0,0,0,0,0,0,0,0,0,0,3,0,CCC1CCC2OC2C1
1,0,1,1,2,2,0,0,2,0,2,2,1,0,0,1,0,0,1,1,1,0,0,0,0,0,0,0,0,0,0,0,0,0,0,0,3,0,COC1CC2OC2CO1
1,0,0,1,1,1,1,0,2,0,3,1,0,0,0,1,3,0,1,1,1,0,0,0,1,0,0,0,0,0,0,0,0,0,0,0,3,0,COC1CCC2OC2C1
1,0,1,1,1,3,0,0,2,0,2,0,1,0,0,2,0,0,0,1,0,0,1,0,0,0,1,0,0,0,0,1,0,1,0,0,3,0,OCC1CC2OC2CO1
1,0,0,1,2,1,1,0,2,1,3,0,0,0,0,2,2,0,0,1,0,0,1,0,0,0,1,0,0,0,0,1,0,0,0,0,3,0,OCC1CCC2OC2C1
0,0,1,0,0,1,1,0,1,0,3,0,1,0,0,1,2,0,0,0,0,0,1,0,0,0,1,0,1,0,1,1,1,0,0,0,3,0,OCC1CCC2OCC12
0,0,1,1,0,1,2,0,1,0,3,0,1,0,0,1,2,0,0,0,0,0,1,0,0,0,1,0,1,0,0,1,1,0,0,0,3,0,OCC1COC2CCC12
0,0,1,1,0,1,0,0,0,0,3,0,1,1,1,1,2,0,0,0,1,0,1,0,0,0,1,0,1,1,0,1,1,0,0,0,3,0,OCC1OCC2CCC12
0,0,2,0,0,2,0,0,1,0,2,0,2,1,0,1,0,0,0,1,0,0,1,0,0,1,1,0,1,1,0,1,1,0,0,0,3,0,OCC1OCC2OCC12
0,1,0,0,0,0,1,0,0,0,2,1,1,0,1,1,1,1,0,0,0,1,3,1,0,0,0,0,1,0,0,0,0,1,0,0,2,1,CCC1CCC=C1C#C
0,1,1,0,0,0,0,1,0,0,2,1,1,0,1,1,1,0,0,0,0,0,3,1,0,0,0,0,1,1,0,0,0,1,0,0,2,1,CCC1CCC=C1C#N
0,1,0,0,0,0,3,0,0,0,2,0,1,0,0,1,1,1,0,0,0,1,3,1,0,0,1,0,1,0,0,1,0,0,0,0,2,1,OCC1CCC=C1C#C
0,1,1,0,0,0,2,1,0,0,2,0,1,0,0,1,1,0,0,0,0,0,3,1,0,0,1,0,1,1,0,1,0,0,0,0,2,1,OCC1CCC=C1C#N
0,0,0,1,0,0,0,0,0,0,2,1,0,0,1,1,2,1,0,0,0,0,2,1,1,0,0,0,1,0,0,1,1,1,0,0,2,1,CCC1CCC=C1C=O
0,0,0,1,0,0,1,0,0,0,2,0,0,1,0,2,2,1,0,0,0,0,2,1,1,0,1,0,1,0,0,2,0,0,0,0,2,1,OCC1CCC=C1C=O
1,0,0,0,1,2,0,0,0,1,2,1,1,0,0,1,1,1,0,0,0,0,1,0,0,0,1,0,1,0,0,1,0,1,0,0,2,0,CC1OCCC(CO)O1
0,0,0,0,0,1,0,0,0,1,3,1,1,0,0,2,0,2,1,0,1,0,1,0,0,0,1,1,0,0,0,1,0,1,1,0,1,0,CN1CCOC(CO)C1
0,0,1,0,1,0,1,0,0,0,3,0,1,0,0,2,2,0,0,0,0,1,2,1,0,0,1,0,1,0,0,1,0,0,0,1,2,0,OCC1CCCC1C#C
0,0,1,0,0,1,1,0,0,0,2,0,2,0,0,1,1,1,0,0,0,2,1,1,0,0,1,0,1,0,0,1,0,0,0,0,3,0,OCC1CCOC1C#C
0,0,3,0,0,1,1,0,0,0,2,1,1,0,0,1,0,0,0,0,0,1,2,0,0,0,1,1,1,0,0,1,0,0,0,1,2,0,OCC1COCC1C#C
0,0,2,0,0,1,0,1,0,0,2,1,1,0,0,1,0,0,0,0,0,0,1,0,0,1,1,1,1,1,0,1,0,0,0,1,2,0,OCC1COCC1C#N
0,0,1,0,0,1,1,0,0,1,2,0,2,0,0,1,1,1,0,0,0,1,2,0,0,0,1,0,1,0,0,1,0,0,0,1,2,0,OCC1OCCC1C#C
0,0,0,0,1,1,1,0,1,0,4,1,1,0,0,0,1,1,1,0,1,0,0,1,0,0,0,0,0,0,0,0,1,0,1,0,3,0,COC1CCOC2CC12
0,0,0,0,1,1,0,0,1,0,3,0,1,0,0,1,1,1,0,0,0,0,1,1,0,0,1,0,1,0,0,1,1,0,1,0,3,0,OCC1CCOC2CC12
2,0,2,0,0,2,0,1,1,0,2,0,0,0,0,1,1,0,0,0,0,0,1,0,0,0,2,1,1,0,0,1,0,0,0,0,3,0,OCC1COCC2OC12
0,0,0,0,1,1,0,0,0,0,3,0,1,0,0,1,1,1,0,0,1,0,1,0,0,0,1,1,1,1,0,1,1,0,0,0,3,0,OCC1OCCC2CC12
0,0,0,0,1,2,0,0,1,0,2,0,2,0,1,1,0,0,0,0,1,0,1,1,0,0,1,0,1,1,0,1,1,0,1,0,3,0,OCC1OCOC2CC12
0,0,1,0,0,1,0,0,0,0,2,1,1,0,0,1,0,1,0,1,0,0,1,1,0,0,1,0,1,0,3,1,0,0,0,0,2,1,CC1=CCCOC1CO
0,0,1,0,0,1,0,0,0,0,2,2,1,0,1,0,0,1,0,1,0,0,1,1,1,0,0,0,2,0,2,0,0,0,0,0,2,1,CCC1OCCC=C1C
0,0,0,0,0,0,1,0,0,1,4,1,0,0,1,1,1,0,0,0,0,0,1,2,1,0,1,0,1,2,0,0,0,0,0,0,3,0,CCC1CCCC=CC1
0,1,0,0,0,1,0,0,0,1,3,1,1,0,0,1,1,1,1,0,0,0,1,0,0,0,1,0,1,0,1,1,0,0,0,0,2,0,CC1CCCOC1CO
0,1,1,0,1,0,1,0,1,0,2,1,1,0,0,1,0,1,1,0,1,1,1,0,0,0,0,0,0,0,0,0,0,1,0,1,2,0,COC=NC1CC1C#C
1,0,0,1,0,0,3,0,0,0,0,1,1,0,1,2,0,1,1,1,0,1,1,0,1,0,0,1,0,0,1,0,0,1,0,0,0,1,CCOC(=O)C(O)C#C
1,0,0,1,0,0,2,1,0,0,0,1,1,0,1,2,0,1,1,1,0,0,1,0,1,0,0,1,0,1,0,0,0,1,0,0,0,1,CCOC(=O)C(O)C#N
0,0,1,2,0,0,1,0,0,0,2,2,0,1,1,2,0,0,1,1,0,1,2,0,1,0,0,0,1,0,0,0,0,1,0,1,0,0,CCOC(=N)C1(C)CC1
0,1,1,1,0,0,1,0,0,0,1,2,0,1,1,1,1,0,1,1,0,0,2,0,1,1,0,0,1,0,0,0,0,1,0,1,0,0,CCOC(=N)C1(C)CN1
0,0,0,1,0,1,1,0,0,0,1,2,0,1,1,1,0,0,1,1,0,0,2,0,1,0,0,0,1,0,0,0,0,1,1,1,0,1,CCOC(=N)C1(C)CO1
0,0,0,3,0,0,1,0,0,0,2,2,0,1,1,3,0,0,1,1,0,1,1,0,1,0,0,0,0,0,0,0,0,0,0,1,1,1,CCOC(=O)C1(CC1)C
2,0,0,0,1,0,1,0,0,0,1,1,0,0,1,2,0,0,1,1,0,0,2,2,1,0,0,0,0,0,1,0,0,1,0,0,2,0,CCOC(=N)C1CC1O
1,0,0,1,1,0,1,1,0,0,1,1,0,0,1,2,0,0,1,1,0,0,1,2,1,0,0,0,0,0,1,0,0,0,0,0,3,1,CCOC(=O)C1CC1O
0,0,0,1,0,0,2,1,0,1,1,2,0,0,1,2,0,0,1,1,0,0,1,0,1,0,0,1,0,0,0,0,0,0,1,0,1,1,CCOC(=O)C1CN1C
0,0,0,1,0,1,1,1,0,0,2,1,1,0,1,1,1,1,1,1,0,0,1,0,1,0,0,0,0,0,0,0,0,0,0,0,1,1,CCOC(=O)C1CCO1
0,0,2,1,0,1,1,1,0,0,2,1,0,0,1,1,0,0,1,1,0,1,1,0,1,0,0,1,0,0,0,0,0,0,0,0,1,1,CCOC(=O)C1COC1
0,0,1,1,1,0,2,0,0,0,0,1,0,0,1,2,0,0,1,1,0,0,2,1,1,0,1,0,1,0,0,0,0,1,0,0,0,2,CCOC(=O)NC(=N)N
0,0,0,0,0,0,1,0,0,1,2,1,0,0,1,1,2,1,1,1,1,0,4,0,1,0,0,0,0,0,0,1,0,1,0,0,1,0,CCOC(=N)CC1CC1
0,0,0,0,0,0,1,0,0,0,1,1,0,0,1,1,0,1,1,1,1,0,5,0,2,1,0,1,0,1,0,1,0,1,0,0,1,0,CCOC(=N)CC1CN1
0,0,1,0,0,1,1,0,0,0,1,1,1,0,1,1,0,1,1,1,1,0,4,0,1,0,0,0,0,0,0,1,0,2,0,0,1,0,CCOC(=N)CC1CO1
0,0,0,1,0,0,1,0,0,1,2,1,0,0,1,1,3,0,1,1,0,0,2,0,1,0,1,0,0,0,0,1,0,0,0,0,1,1,CCOC(=O)CC1CC1
0,0,0,1,0,0,1,0,0,0,1,1,0,0,1,1,0,0,1,1,0,0,3,0,2,1,1,1,0,1,0,1,0,0,0,0,1,1,CCOC(=O)CC1CN1
0,0,1,1,0,1,1,0,0,0,1,1,1,0,1,1,0,0,1,1,0,0,2,0,1,0,1,0,0,0,0,1,0,1,0,0,1,1,CCOC(=O)CC1CO1
0,0,1,1,0,0,2,0,0,0,0,2,1,1,2,1,1,0,1,1,0,1,2,0,1,0,1,0,1,0,0,0,0,0,0,0,0,1,CCOC(=O)NCC#C
0,0,1,1,0,0,1,1,0,0,0,2,1,1,1,1,0,0,1,1,1,0,2,0,1,0,1,0,1,1,0,0,0,0,0,0,0,1,CCOC(=O)NCC#N
0,0,1,2,0,0,1,0,0,0,0,1,0,0,1,1,0,1,1,1,0,0,2,0,1,0,2,0,1,1,0,1,0,0,0,0,0,1,CCOC(=O)NCC=O
1,0,0,1,1,1,1,0,0,0,1,1,1,0,1,0,0,0,1,0,0,1,1,0,2,1,0,1,0,1,0,0,0,0,0,0,1,0,CCOC(C#C)C1CN1
1,0,0,2,1,1,0,1,0,0,1,1,1,0,1,0,0,0,1,0,0,0,1,0,2,1,0,1,0,2,0,0,0,0,0,0,1,0,CCOC(C#N)C1CN1
1,0,1,1,1,1,0,1,0,0,1,1,2,0,1,0,0,0,1,0,0,0,1,0,1,0,0,1,0,1,0,0,0,0,0,1,1,0,CCOC(C#N)C1CO1
2,0,0,1,0,0,0,2,1,0,0,1,0,0,0,2,0,1,1,1,1,0,2,0,0,0,1,2,0,0,0,1,0,0,1,0,0,0,CC(CCO)C(O)C=O
1,0,0,2,0,0,0,2,1,0,2,2,0,1,0,2,0,1,1,0,0,1,2,0,0,0,1,1,0,0,0,0,0,0,0,1,0,0,CC(CCO)C1(C)CC1
1,0,0,2,1,0,0,2,1,0,2,3,0,1,1,1,0,1,0,0,0,1,2,0,0,0,0,1,0,0,0,0,0,0,0,1,0,0,CCCC(C)C1(C)CC1
1,0,0,0,2,0,0,0,1,1,1,1,0,0,0,2,0,0,1,0,0,0,2,2,0,0,1,1,0,0,1,0,1,0,0,0,2,0,CC(CCO)C1CC1O
1,0,1,0,2,0,0,0,1,1,1,2,0,0,1,1,0,0,0,0,0,0,2,2,0,0,0,1,0,0,1,0,1,0,0,0,2,0,CCCC(C)C1CC1O
1,0,0,0,1,1,0,0,1,0,1,2,0,0,1,1,0,1,1,0,0,0,1,2,1,0,0,0,1,0,1,0,0,0,0,0,2,0,CCOC(C)C1CC1O
1,0,1,0,0,1,0,0,2,0,1,2,1,0,1,0,0,1,1,0,0,0,2,0,1,0,0,0,0,0,0,0,0,1,1,1,1,0,CCOC(C)CC1CO1
1,1,0,1,0,1,0,1,0,0,1,1,0,0,1,0,0,1,1,0,0,0,1,0,2,1,1,1,0,1,0,1,0,0,0,0,2,0,CCOC(C=O)C1CN1
1,1,0,1,0,1,0,0,0,0,1,1,0,0,0,0,0,1,1,0,1,2,1,0,1,1,0,1,0,1,0,1,0,0,0,0,1,0,COCC(C=O)C1CN1
0,0,0,0,0,0,0,0,0,1,0,3,0,1,1,1,1,0,1,1,0,0,1,0,1,0,0,0,1,0,1,1,0,0,0,1,2,1,CCOC1(C)C(C)C1O
0,0,1,1,0,0,0,1,1,0,1,3,1,1,1,1,0,0,0,0,0,1,2,0,0,0,1,0,0,1,0,0,0,0,0,1,1,0,CCCC1(C)CC1C#N
0,1,1,0,0,1,1,0,1,0,1,2,1,1,1,0,0,1,0,0,0,2,2,0,1,0,0,0,0,0,0,0,0,0,0,1,1,0,CCCC1(C)OC1C#C
0,1,1,1,1,1,1,0,0,0,1,2,1,1,0,0,0,1,1,0,1,1,1,0,0,0,0,0,0,0,0,0,0,0,0,2,1,0,COCC1(C)OC1C#C
0,0,0,2,0,1,0,1,1,0,1,1,0,1,0,2,0,1,0,0,0,1,2,0,0,0,1,0,0,0,1,1,1,0,0,1,1,0,CC1(CCO)CC1C=O
0,0,1,2,0,1,0,0,1,0,1,2,0,1,1,1,0,1,0,0,0,2,2,0,0,0,0,0,0,0,1,1,1,0,0,1,1,0,CCCC1(C)CC1C=O
0,0,0,1,0,0,0,1,3,1,1,2,0,1,1,1,0,1,0,0,0,2,2,0,0,1,0,0,0,0,0,1,0,0,0,1,0,0,CCCC1(C)CN1C=O
0,1,1,1,0,0,0,0,1,0,1,3,0,1,1,2,0,0,1,0,1,1,2,0,0,0,0,0,0,0,0,0,0,0,1,1,1,0,CCCC1(C)CC1OC
1,1,0,1,0,0,0,0,1,0,1,3,1,1,1,1,0,0,1,0,1,0,2,0,0,1,0,0,0,0,0,0,0,0,1,1,0,0,CCN1CC1(C)COC
0,0,1,1,0,0,0,0,1,0,2,2,0,1,1,1,0,1,0,0,0,1,2,0,0,1,0,1,0,0,0,0,1,0,0,1,1,0,CCCC1(C)CN2CC12
0,0,0,0,0,1,0,1,0,0,1,2,1,1,1,0,0,0,1,0,1,0,1,1,1,0,0,0,0,0,0,1,1,0,0,2,0,2,CCOC1(C)CN=CO1
1,0,1,0,0,1,0,0,1,0,2,2,0,1,1,1,0,0,0,0,0,1,2,0,1,0,0,0,0,0,1,0,0,0,1,1,1,0,CCCC1(C)OCC1O
0,0,0,1,0,1,1,0,1,0,2,2,0,1,1,0,1,0,0,0,0,1,2,2,0,0,0,0,0,1,0,0,0,0,0,1,1,1,CCCC1(C)CCC=C1
0,0,0,1,0,0,2,0,0,0,2,2,0,1,1,0,1,0,1,0,0,0,1,2,1,0,0,0,0,1,0,1,0,0,0,1,1,1,CCOC1(C)CCC=C1
0,2,0,0,0,2,0,0,1,0,2,1,0,1,0,1,0,2,0,0,0,0,3,0,0,0,1,0,0,0,0,1,0,0,4,1,0,0,CC1(OCCO1)CCO
0,2,0,0,0,2,0,0,1,0,2,2,0,1,1,0,0,2,0,0,0,1,2,0,0,0,0,0,0,0,0,1,0,0,4,1,0,0,CCCC1(OCCO1)C
0,1,0,1,0,1,0,0,1,0,3,2,0,1,1,0,0,1,1,0,1,0,1,0,1,0,0,0,0,0,0,1,1,0,1,1,0,1,CCOC1(C)CCCO1
1,0,0,2,1,0,1,0,1,1,3,2,2,1,1,0,0,0,0,0,2,1,2,0,0,0,0,0,0,0,0,0,0,0,0,0,0,0,CCCC1(CC1)C#CC
0,0,0,1,0,0,0,1,0,0,2,1,1,1,1,2,0,0,1,0,0,0,1,0,1,0,0,0,0,1,1,1,0,0,0,1,1,1,CCOC1(CC1O)C#N
0,0,0,0,0,0,0,0,0,1,2,2,0,1,1,2,0,0,1,0,1,0,1,0,1,0,0,1,1,0,0,1,0,1,0,0,2,1,CCOC12CC(C1)C2C
0,0,0,0,0,0,0,0,0,0,2,1,0,1,1,3,0,0,1,0,1,0,1,0,1,0,0,1,1,1,1,1,0,1,0,0,2,1,CCOC12CC(C1)C2O
0,0,0,1,0,0,0,0,1,0,3,2,0,1,1,2,0,0,0,1,0,1,2,1,1,1,0,0,1,0,0,1,0,0,0,0,0,0,CCCC12CN1C(=O)C2
0,0,0,3,0,0,0,0,1,0,2,1,0,1,0,1,0,1,1,1,1,0,1,0,1,1,0,0,1,0,0,0,0,0,0,0,1,1,COCC12CC1C(=O)N2
0,0,0,0,0,1,0,1,1,1,2,1,0,1,1,3,0,1,0,0,0,0,2,0,0,1,2,0,0,0,0,2,0,0,0,0,1,0,CC1CC2(CCO)CN12
0,0,0,1,0,1,0,1,0,1,2,2,0,1,0,2,0,1,1,0,1,0,1,0,0,1,1,0,0,1,0,2,0,0,0,0,1,0,COCC12CN1C(C)C2
0,0,0,1,0,1,0,0,0,0,2,1,1,1,1,1,2,0,1,1,0,0,1,0,1,0,0,0,1,0,0,1,0,0,0,0,1,1,CCOC12CC1CC2=O
0,0,0,1,0,0,0,0,0,0,1,1,0,1,1,1,2,0,1,1,1,0,1,0,1,1,0,0,1,0,0,1,0,0,0,0,1,1,CCOC12CC1NC2=O
0,0,0,0,0,1,0,0,1,0,1,1,0,1,2,1,1,0,1,0,0,0,1,0,1,0,0,0,1,0,1,1,1,1,0,0,1,1,CCOC12CC1OC2=N
0,0,0,1,0,1,0,0,0,0,1,1,0,1,2,1,1,0,1,1,0,0,1,0,1,0,0,0,1,0,1,1,1,1,0,0,1,1,CCOC12CC1OC2=O
0,0,0,0,0,1,1,1,0,0,2,1,0,1,1,1,1,0,1,1,1,0,1,2,2,0,0,0,0,1,0,1,0,0,1,0,1,1,CCOC12CC1CC=C2
1,0,0,1,0,1,1,0,0,0,4,1,0,1,1,1,1,0,1,0,0,0,1,0,1,0,0,1,0,0,0,1,0,0,0,0,1,1,CCOC12CC1CCC2
0,0,0,1,1,1,0,0,0,0,3,1,1,1,1,1,0,1,1,0,0,0,1,0,1,0,0,1,0,1,0,1,0,0,0,0,2,1,CCOC12CC1OCC2
1,0,0,0,0,1,1,0,0,0,1,1,0,1,1,2,0,0,1,0,0,0,1,0,1,0,0,0,0,0,0,1,1,0,1,0,3,1,CCOC12CC3C1OC23
0,0,0,0,0,1,0,1,0,1,1,1,1,1,1,1,0,0,1,0,0,0,1,0,1,0,1,0,1,0,1,1,0,0,0,0,2,1,CCOC12COC1C2O
0,0,0,2,0,1,0,0,0,0,4,1,2,1,1,0,2,0,1,0,0,0,1,0,1,0,0,1,0,0,0,1,0,0,0,0,1,1,CCOC12CCC1CC2
0,0,1,0,0,0,0,1,0,0,2,2,0,0,0,1,1,0,1,0,1,0,2,1,1,0,0,0,1,0,2,0,0,0,0,1,2,0,COCC1=CC(O)CC1
0,0,1,1,0,0,0,1,0,0,2,1,0,1,0,2,1,0,0,0,0,0,2,1,1,0,1,1,1,0,1,0,0,0,0,0,2,0,OCCC1=CC(O)CC1
1,0,0,0,0,1,1,1,1,0,1,1,0,0,0,0,0,0,1,0,1,0,1,2,1,0,0,0,1,0,1,0,0,0,0,1,3,0,COCC1=CC2OC2C1
0,0,1,0,1,0,1,0,1,1,1,2,1,0,1,0,0,0,2,0,0,1,1,0,1,0,0,1,1,0,0,0,0,0,0,0,3,0,CCOC1C(C)C1C#C
0,0,0,0,0,1,0,1,1,1,1,2,1,0,1,0,0,0,2,0,0,0,1,0,1,0,0,1,1,1,0,1,0,0,0,0,3,0,CCOC1C(C)C1C#N
0,0,0,1,0,1,0,0,1,1,0,2,0,0,1,0,1,0,2,1,0,0,1,0,1,0,0,1,1,0,0,0,1,0,0,0,2,1,CCOC1C(C)OC1=O
1,0,0,1,0,1,2,0,2,0,3,1,0,0,1,0,2,0,2,0,0,0,1,0,1,0,0,0,0,2,0,0,0,0,0,0,3,0,CCOC1C2CCC1O2
0,1,0,2,1,0,0,0,0,0,0,1,0,1,0,1,1,0,1,1,1,0,1,0,0,1,0,0,1,1,1,0,0,0,0,1,2,0,COCC1NC(=O)C1O
0,0,0,1,1,0,0,0,0,1,1,2,0,0,1,0,0,0,2,1,0,0,1,0,1,1,1,1,1,1,0,0,0,0,0,0,2,0,CCOC1CC(C)C1=O
0,1,0,0,0,0,2,0,0,0,1,1,1,1,1,2,1,0,2,0,0,1,1,0,1,0,0,0,0,0,0,1,0,0,1,0,1,0,CCOC1CC1(O)C#C
0,1,0,0,0,0,0,1,0,0,1,1,2,1,1,2,1,0,2,0,0,0,1,0,1,0,0,0,0,1,0,1,0,0,1,0,1,0,CCOC1CC1(O)C#N
0,1,1,1,0,0,0,0,0,0,1,1,0,1,1,2,0,1,2,0,0,0,1,0,1,0,1,1,0,0,0,1,0,0,2,0,1,0,CCOC1CC1(O)C=O
0,0,0,0,0,1,0,0,0,0,3,1,1,1,2,2,0,0,2,0,0,0,1,0,1,0,0,1,0,0,0,0,1,0,1,1,1,0,CCOC1CC2(CO2)C1
0,1,1,0,1,1,0,0,0,0,2,1,0,1,1,2,0,0,2,1,0,0,2,0,1,0,0,0,0,0,0,0,0,0,1,0,2,0,CCOC1CC2CC12O
1,0,0,1,2,1,0,0,2,0,2,1,0,0,1,2,2,0,2,0,0,0,1,0,1,0,0,0,0,0,0,0,1,0,0,0,3,0,CCOC1CC2OC2C1
1,0,0,1,4,1,0,0,2,1,2,1,0,0,0,2,0,0,1,0,1,0,1,0,0,0,0,0,0,0,0,1,0,0,0,0,3,0,COCC1CC2OC2C1
0,0,1,0,1,1,0,0,1,0,3,1,1,0,1,0,0,0,2,0,0,0,1,0,1,0,0,0,0,0,0,0,1,0,1,1,3,0,CCOC1CC2OCC12
0,0,0,0,1,0,0,0,0,1,3,1,1,0,1,1,2,0,2,0,0,1,1,0,2,0,0,0,0,0,1,0,1,0,0,0,2,0,CCOC1CCC(O)C1
0,0,1,0,1,1,0,0,1,0,3,1,1,0,1,0,0,0,2,0,0,0,1,1,1,0,0,0,0,0,0,0,1,0,1,0,3,0,CCOC1COC2CC12
0,1,0,1,0,0,0,1,0,0,2,1,0,0,1,1,2,0,1,0,0,1,2,0,1,0,0,0,0,0,0,0,1,0,1,0,1,1,CCOCC(=O)C1CC1
1,0,0,1,1,1,1,0,0,0,3,1,1,1,1,1,1,0,1,0,0,1,2,0,0,0,0,1,0,0,0,1,0,0,0,0,1,0,CCCOC12CC1CC2
1,0,0,1,0,1,1,0,0,0,3,0,1,1,0,2,1,0,1,0,0,1,2,0,0,0,1,1,0,0,0,1,0,0,0,0,1,0,OCCOC12CC1CC2
0,0,0,0,0,2,1,0,1,1,2,0,1,3,1,1,0,0,0,0,0,1,2,2,0,0,0,0,0,0,0,0,0,0,1,2,0,0,C#CCCn1cnnc1
0,0,1,0,1,1,0,0,0,0,1,0,1,0,0,0,0,0,1,0,0,0,1,1,0,1,0,1,1,1,1,1,0,1,0,2,1,0,C(C1CO1)C1=CNN=N1
1,0,1,0,0,1,0,0,0,0,1,0,1,0,0,0,0,0,3,0,0,0,1,2,1,1,0,0,1,1,1,0,0,1,0,1,1,0,C(C1CO1)C1=NNC=C1
0,0,1,0,3,1,0,0,0,0,2,0,0,1,0,0,1,1,0,0,0,0,2,0,0,1,0,0,2,0,1,0,0,1,0,2,2,0,C1C2CC1C1=C2ON=N1
0,0,0,0,2,1,0,0,1,0,1,0,0,0,0,0,1,0,1,1,1,0,1,2,0,1,0,0,2,0,0,0,1,0,0,2,2,0,C1C2OC3=C(NN=N3)C12
0,1,1,0,2,2,0,0,1,1,1,0,1,0,0,0,1,1,1,0,1,0,0,0,0,1,0,0,2,0,0,0,1,0,0,2,2,0,C1C2OC3=C(ON=N3)C12
0,0,1,0,1,1,0,0,2,0,1,0,1,0,0,0,1,0,2,0,2,0,0,1,0,1,0,0,2,0,0,0,1,0,0,1,2,0,C1C2OC3=NNC=C3C12
0,0,1,0,1,2,0,0,1,0,1,0,1,1,0,0,1,0,1,0,1,0,0,1,0,0,0,1,2,0,0,0,1,1,0,1,2,0,C1C2OC3=NOC=C3C12
0,0,0,0,2,0,0,0,0,0,2,0,1,0,0,1,2,1,2,1,0,0,0,1,1,1,0,1,1,0,0,0,0,0,0,2,1,0,c1c(nn[nH]1)OC2CC2
0,0,0,0,2,1,0,0,0,0,2,1,1,0,0,1,2,0,2,0,1,1,0,1,1,0,0,0,1,0,0,0,0,0,0,2,1,0,c1c(nno1)OC2CC2
0,0,0,0,1,1,1,0,0,0,2,0,1,0,1,1,2,0,1,0,0,0,0,2,2,0,0,1,1,0,0,0,0,0,1,2,1,0,c1c(non1)OC2CC2
0,0,0,0,1,0,0,0,0,0,0,1,1,1,0,1,0,1,3,1,0,0,1,1,0,1,0,1,1,0,0,0,0,1,1,2,0,0,CC(=N)OC1=CNN=N1
0,0,0,0,0,1,1,0,0,0,0,1,1,1,1,1,0,0,2,0,0,0,1,2,1,0,0,1,1,0,0,0,0,1,1,2,0,0,CC(=N)OC1=NON=C1
0,0,0,2,1,1,0,0,1,0,0,1,0,0,0,1,0,0,1,1,0,0,1,2,0,1,0,0,2,0,0,0,0,0,1,1,1,1,CC(=O)c1[nH]c(=O)on1
0,1,1,0,1,1,0,0,0,1,1,1,0,0,0,0,0,1,0,1,0,0,1,0,1,1,0,1,2,0,0,0,0,0,1,2,1,0,CC1=C(ON=N1)C1CN1
0,0,0,1,1,0,0,1,0,1,0,1,0,1,0,1,0,2,0,1,0,0,1,3,0,2,0,0,2,0,1,0,0,0,0,2,0,0,Cc1cn2cnnc2[nH]1
0,0,0,0,1,1,0,0,1,1,2,1,0,0,0,1,1,0,0,1,0,0,0,2,1,0,1,0,1,1,0,0,0,0,0,1,1,1,CC1CCC2=CC=NN12
2,0,0,0,1,0,0,0,0,1,1,1,0,0,0,1,0,0,0,1,1,0,1,0,0,1,1,1,1,2,0,0,0,0,0,3,1,0,CC1CN1C1=NNN=N1
0,0,1,1,1,1,0,1,0,0,0,1,0,0,1,1,0,0,0,1,1,0,2,0,0,0,1,0,2,0,1,0,0,1,0,2,0,0,CCc1c(onn1)CO
0,0,0,1,0,1,0,0,0,0,1,1,1,0,1,2,0,2,0,0,0,0,1,2,1,1,0,0,1,0,0,1,2,0,0,1,0,0,CCn1c(ccn1)C=O
1,0,1,1,0,1,0,0,0,0,1,2,1,1,1,2,0,0,0,1,0,0,1,1,0,0,0,0,1,1,0,0,0,0,1,1,0,0,CCn1c(=O)n(cn1)C
0,0,0,1,0,0,0,0,0,1,1,1,1,0,1,2,0,1,0,0,0,0,1,1,0,0,0,1,1,1,1,1,0,0,0,3,0,0,CCn1c(ncn1)C=O
0,0,0,0,1,0,0,0,0,2,0,1,1,0,1,0,0,0,1,2,0,1,1,1,1,0,0,0,1,1,0,0,0,0,0,4,0,1,CCOc1cnnnn1
1,0,1,2,0,1,0,0,1,0,0,1,0,1,0,2,0,1,0,1,1,0,0,1,0,0,0,0,2,0,0,1,0,0,1,1,0,0,Cn1cnn(c1=O)C=O
0,0,2,0,0,1,1,1,1,0,0,1,1,1,0,1,0,0,0,0,0,0,0,1,1,0,0,0,2,1,0,0,1,1,1,1,0,0,CN1N=C(OC1=N)C#N
0,0,0,1,0,1,1,1,1,0,0,1,0,1,0,2,0,1,0,0,0,0,0,2,1,0,0,0,2,0,0,1,0,1,1,1,0,0,CN1N=C(OC1=N)C=O
0,0,1,1,0,1,1,0,0,0,0,1,1,1,1,1,1,0,0,1,0,1,0,1,0,0,0,1,2,0,0,0,0,0,1,1,0,0,Cn1c(=O)oc(n1)C#C
0,0,1,1,0,1,0,1,0,0,0,1,1,1,1,1,1,0,0,1,0,0,0,1,0,0,0,1,2,1,0,0,1,0,1,1,0,0,Cn1c(=O)oc(n1)C#N
0,0,0,1,0,0,1,0,1,0,0,1,0,0,1,1,0,0,0,1,1,0,0,2,1,1,0,0,2,0,0,0,1,2,1,1,0,0,CN1N=CNC(=O)C1=N
0,0,1,0,1,1,1,0,0,0,1,1,0,0,1,1,1,0,0,0,0,0,0,4,1,0,0,0,2,0,0,0,0,1,1,2,0,0,Cn1c2ccoc2nn1
0,1,0,1,0,1,1,1,0,0,1,1,0,1,0,1,0,1,0,0,0,0,1,1,0,1,0,0,2,0,0,1,0,1,0,1,0,0,CNc1c(cno1)C=O
1,0,0,1,0,1,0,1,1,0,1,1,0,0,1,1,0,1,0,0,0,0,0,2,1,1,1,0,2,0,0,1,0,0,0,1,0,0,CNc1cc(no1)C=O
0,0,0,1,1,1,1,0,1,0,0,0,0,0,0,1,0,0,0,1,0,1,1,1,1,0,0,1,2,0,0,0,0,1,0,3,0,1,N=C1N=NON=CC1=O
0,0,0,0,0,1,2,0,0,1,1,0,1,0,1,0,0,0,1,1,0,1,1,2,0,0,1,0,3,0,1,0,0,0,0,2,0,0,C#CCc1cc(on1)N
0,1,0,1,1,0,1,0,0,0,1,1,0,0,0,0,1,1,0,1,0,0,0,1,1,3,0,1,2,0,0,0,0,0,0,1,1,0,O=C1NN=C(N1)C1CN1
0,0,1,2,0,1,1,1,0,0,0,0,0,0,0,1,0,1,0,0,0,0,0,3,1,1,0,0,1,0,0,1,0,1,0,1,1,1,c1cnoc1C(=O)C=O
0,0,1,2,0,1,1,1,0,2,0,0,0,0,0,1,0,1,0,0,0,0,0,2,0,1,0,0,1,0,1,1,0,0,0,1,1,1,c1c(con1)C(=O)C=O
0,0,1,3,1,1,0,1,0,0,0,0,0,0,0,1,0,1,1,0,0,1,0,1,0,1,0,0,1,0,0,1,0,0,0,2,1,1,c1c(nno1)C(=O)C=O
0,0,1,2,0,1,1,1,0,0,0,0,0,1,0,1,0,1,0,0,0,0,0,1,1,1,0,1,1,0,0,1,0,0,0,2,1,1,c1c(non1)C(=O)C=O
0,0,0,2,1,1,0,0,1,0,1,0,1,0,0,1,0,1,0,1,0,0,0,3,2,0,0,0,2,0,0,1,0,1,0,1,0,0,c1cc(=O)onc1C=O
0,1,1,1,0,2,0,0,1,0,2,0,0,2,0,1,0,1,0,0,0,0,2,2,0,0,0,0,0,1,0,1,0,0,1,2,0,0,c1nncn1CCC=O
0,1,0,0,0,1,1,0,0,0,1,0,1,0,1,2,0,0,1,0,0,1,1,2,2,0,0,0,1,1,0,0,1,0,0,1,0,0,C#CCn1c(ccn1)O
